t,stamp,mug_1,mug_2,bowl_1,plate_1,laptop_1,phone_1,phone_2,keys_1,keys_2,book_1,water_bottle_1,water_bottle_2,remote_1,charger_1,jacket_1,jacket_2,glasses_1,glasses_2,medication_bottle_1,blanket_1,towel_1,umbrella_1
0,d00 Mon 00:00,kitchen,living,kitchen,kitchen,kitchen,bedroom_1,bedroom_2,entry,entry,living,bedroom_1,kitchen,living,bedroom_1,entry,living,bedroom_1,living,kitchen,living,kitchen,entry
60,d00 Mon 01:00,kitchen,living,kitchen,kitchen,kitchen,bedroom_1,bedroom_2,entry,entry,living,bedroom_1,kitchen,living,bedroom_1,entry,living,bedroom_1,living,kitchen,living,kitchen,entry
120,d00 Mon 02:00,kitchen,living,kitchen,kitchen,kitchen,bedroom_1,bedroom_2,entry,entry,living,bedroom_1,kitchen,living,bedroom_1,entry,living,bedroom_1,living,kitchen,living,kitchen,entry
180,d00 Mon 03:00,kitchen,living,kitchen,kitchen,kitchen,bedroom_1,bedroom_2,entry,entry,living,bedroom_1,kitchen,living,bedroom_1,entry,living,bedroom_1,living,kitchen,living,kitchen,entry
240,d00 Mon 04:00,kitchen,living,kitchen,kitchen,kitchen,bedroom_1,bedroom_2,entry,entry,living,bedroom_1,kitchen,living,bedroom_1,entry,living,bedroom_1,living,kitchen,living,kitchen,entry
300,d00 Mon 05:00,kitchen,living,kitchen,kitchen,kitchen,bedroom_1,bedroom_2,entry,entry,living,bedroom_1,kitchen,living,bedroom_1,entry,living,bedroom_1,living,kitchen,living,kitchen,entry
360,d00 Mon 06:00,kitchen,living,kitchen,kitchen,kitchen,bedroom_1,bedroom_2,entry,entry,living,bedroom_1,kitchen,living,bedroom_1,entry,living,bedroom_1,living,kitchen,living,kitchen,entry
420,d00 Mon 07:00,kitchen,kitchen,kitchen,kitchen,kitchen,kitchen,bedroom_2,entry,entry,living,bedroom_1,kitchen,living,bedroom_1,entry,bedroom_2,kitchen,living,kitchen,living,kitchen,entry
480,d00 Mon 08:00,kitchen,kitchen,kitchen,kitchen,kitchen,living,kitchen,entry,kitchen,living,bedroom_1,kitchen,living,bedroom_1,kitchen,kitchen,living,kitchen,kitchen,living,kitchen,entry
540,d00 Mon 09:00,kitchen,living,kitchen,kitchen,kitchen,outside,living,entry,entry,living,bedroom_1,living,living,bedroom_1,entry,kitchen,outside,living,kitchen,living,kitchen,entry
600,d00 Mon 10:00,kitchen,living,kitchen,kitchen,kitchen,outside,living,entry,entry,living,bedroom_1,living,living,bedroom_1,entry,kitchen,outside,living,kitchen,living,kitchen,entry
660,d00 Mon 11:00,kitchen,living,kitchen,kitchen,kitchen,living,kitchen,entry,entry,living,bedroom_1,living,living,bedroom_1,entry,kitchen,living,living,kitchen,living,kitchen,entry
720,d00 Mon 12:00,kitchen,living,kitchen,kitchen,kitchen,living,kitchen,entry,entry,living,bedroom_1,living,living,bedroom_1,entry,kitchen,living,living,kitchen,living,kitchen,entry
780,d00 Mon 13:00,kitchen,living,kitchen,kitchen,kitchen,living,living,entry,entry,living,bedroom_1,living,living,bedroom_1,entry,kitchen,living,living,kitchen,living,kitchen,entry
840,d00 Mon 14:00,kitchen,living,kitchen,kitchen,kitchen,living,living,entry,entry,living,bedroom_1,living,living,bedroom_1,entry,kitchen,living,living,kitchen,living,kitchen,entry
900,d00 Mon 15:00,kitchen,living,kitchen,kitchen,kitchen,living,outside,entry,entry,living,bedroom_1,living,living,bedroom_1,entry,kitchen,living,living,kitchen,living,kitchen,entry
960,d00 Mon 16:00,kitchen,living,kitchen,kitchen,kitchen,living,living,entry,entry,living,bedroom_1,living,living,bedroom_1,entry,kitchen,living,living,kitchen,living,kitchen,entry
1020,d00 Mon 17:00,kitchen,living,kitchen,kitchen,kitchen,living,living,entry,entry,living,bedroom_1,living,living,bedroom_1,entry,kitchen,kitchen,living,kitchen,living,kitchen,entry
1080,d00 Mon 18:00,kitchen,living,kitchen,kitchen,kitchen,living,living,entry,entry,living,bedroom_1,living,living,bedroom_1,entry,kitchen,kitchen,living,kitchen,living,kitchen,entry
1140,d00 Mon 19:00,kitchen,living,kitchen,kitchen,kitchen,living,living,entry,entry,living,bedroom_1,living,living,bedroom_1,entry,kitchen,living,living,kitchen,living,kitchen,entry
1200,d00 Mon 20:00,kitchen,living,kitchen,kitchen,kitchen,living,living,entry,entry,living,bedroom_1,living,living,bedroom_1,entry,kitchen,living,living,kitchen,living,kitchen,entry
1260,d00 Mon 21:00,kitchen,living,kitchen,kitchen,kitchen,living,kitchen,entry,entry,living,bedroom_1,living,living,bedroom_1,entry,kitchen,kitchen,living,kitchen,living,kitchen,entry
1320,d00 Mon 22:00,kitchen,living,kitchen,kitchen,kitchen,bedroom_1,bedroom_2,entry,entry,living,bedroom_1,living,living,bedroom_1,entry,kitchen,bedroom_1,living,kitchen,living,kitchen,entry
1380,d00 Mon 23:00,kitchen,living,kitchen,kitchen,kitchen,bedroom_1,bedroom_2,entry,entry,living,bedroom_1,living,living,bedroom_1,entry,kitchen,bedroom_1,living,kitchen,living,kitchen,entry
1440,d01 Tue 00:00,kitchen,living,kitchen,kitchen,kitchen,bedroom_1,bedroom_2,entry,entry,living,bedroom_1,living,living,bedroom_1,entry,kitchen,bedroom_1,living,kitchen,living,kitchen,entry
1500,d01 Tue 01:00,kitchen,living,kitchen,kitchen,kitchen,bedroom_1,bedroom_2,entry,entry,living,bedroom_1,living,living,bedroom_1,entry,kitchen,bedroom_1,living,kitchen,living,kitchen,entry
1560,d01 Tue 02:00,kitchen,living,kitchen,kitchen,kitchen,bedroom_1,bedroom_2,entry,entry,living,bedroom_1,living,living,bedroom_1,entry,kitchen,bedroom_1,living,kitchen,living,kitchen,entry
1620,d01 Tue 03:00,kitchen,living,kitchen,kitchen,kitchen,bedroom_1,bedroom_2,entry,entry,living,bedroom_1,living,living,bedroom_1,entry,kitchen,bedroom_1,living,kitchen,living,kitchen,entry
1680,d01 Tue 04:00,kitchen,living,kitchen,kitchen,kitchen,bedroom_1,bedroom_2,entry,entry,living,bedroom_1,living,living,bedroom_1,entry,kitchen,bedroom_1,living,kitchen,living,kitchen,entry
1740,d01 Tue 05:00,kitchen,living,kitchen,kitchen,kitchen,bedroom_1,bedroom_2,entry,entry,living,bedroom_1,living,living,bedroom_1,entry,kitchen,bedroom_1,living,kitchen,living,kitchen,entry
1800,d01 Tue 06:00,kitchen,living,kitchen,kitchen,kitchen,bedroom_1,bedroom_2,entry,entry,living,bedroom_1,living,living,bedroom_1,entry,kitchen,bedroom_1,living,kitchen,living,kitchen,entry
1860,d01 Tue 07:00,kitchen,living,kitchen,kitchen,kitchen,kitchen,bedroom_2,entry,entry,living,kitchen,kitchen,living,bedroom_1,entry,bedroom_2,kitchen,living,kitchen,living,kitchen,entry
1920,d01 Tue 08:00,kitchen,kitchen,kitchen,kitchen,kitchen,living,kitchen,entry,kitchen,living,bedroom_1,kitchen,living,bedroom_1,kitchen,kitchen,living,kitchen,kitchen,living,kitchen,entry
1980,d01 Tue 09:00,kitchen,living,kitchen,kitchen,kitchen,living,kitchen,entry,kitchen,living,bedroom_1,kitchen,living,bedroom_1,kitchen,kitchen,living,kitchen,kitchen,living,kitchen,entry
2040,d01 Tue 10:00,kitchen,living,kitchen,kitchen,kitchen,living,kitchen,entry,entry,living,bedroom_1,kitchen,living,bedroom_1,entry,kitchen,living,living,kitchen,living,kitchen,entry
2100,d01 Tue 11:00,kitchen,living,kitchen,kitchen,kitchen,kitchen,kitchen,entry,entry,living,bedroom_1,kitchen,living,bedroom_1,entry,kitchen,kitchen,living,kitchen,living,kitchen,entry
2160,d01 Tue 12:00,kitchen,living,kitchen,kitchen,kitchen,living,kitchen,entry,entry,living,bedroom_1,kitchen,living,bedroom_1,entry,kitchen,living,living,kitchen,living,kitchen,entry
2220,d01 Tue 13:00,kitchen,living,kitchen,kitchen,kitchen,living,kitchen,entry,entry,living,bedroom_1,kitchen,living,bedroom_1,entry,kitchen,living,living,kitchen,living,kitchen,entry
2280,d01 Tue 14:00,kitchen,living,kitchen,kitchen,kitchen,living,kitchen,entry,entry,living,bedroom_1,kitchen,living,bedroom_1,entry,kitchen,living,living,kitchen,living,kitchen,entry
2340,d01 Tue 15:00,kitchen,living,kitchen,kitchen,kitchen,living,kitchen,entry,entry,living,bedroom_1,kitchen,living,bedroom_1,entry,kitchen,living,living,kitchen,living,kitchen,entry
2400,d01 Tue 16:00,kitchen,living,kitchen,kitchen,kitchen,living,kitchen,entry,entry,living,bedroom_1,kitchen,living,bedroom_1,entry,kitchen,living,living,kitchen,living,kitchen,entry
2460,d01 Tue 17:00,kitchen,living,kitchen,kitchen,kitchen,living,kitchen,entry,entry,living,bedroom_1,kitchen,living,bedroom_1,entry,kitchen,living,living,kitchen,living,kitchen,entry
2520,d01 Tue 18:00,kitchen,living,kitchen,kitchen,kitchen,living,kitchen,entry,entry,living,bedroom_1,kitchen,living,bedroom_1,entry,kitchen,living,living,kitchen,living,kitchen,entry
2580,d01 Tue 19:00,kitchen,living,kitchen,kitchen,kitchen,living,kitchen,entry,entry,living,bedroom_1,kitchen,living,bedroom_1,entry,kitchen,living,living,kitchen,living,kitchen,entry
2640,d01 Tue 20:00,kitchen,living,kitchen,kitchen,kitchen,living,kitchen,entry,entry,living,bedroom_1,kitchen,living,bedroom_1,entry,kitchen,living,living,kitchen,living,kitchen,entry
2700,d01 Tue 21:00,kitchen,living,kitchen,kitchen,kitchen,living,kitchen,entry,entry,living,bedroom_1,kitchen,living,bedroom_1,entry,kitchen,living,living,kitchen,living,kitchen,entry
2760,d01 Tue 22:00,kitchen,living,kitchen,kitchen,kitchen,bedroom_1,kitchen,entry,entry,living,bedroom_1,kitchen,living,bedroom_1,entry,kitchen,bedroom_1,living,kitchen,living,kitchen,entry
2820,d01 Tue 23:00,kitchen,living,kitchen,kitchen,kitchen,bedroom_1,kitchen,entry,entry,living,bedroom_1,kitchen,living,bedroom_1,entry,kitchen,bedroom_1,living,kitchen,living,kitchen,entry
2880,d02 Wed 00:00,kitchen,living,kitchen,kitchen,kitchen,bedroom_1,kitchen,entry,entry,living,bedroom_1,kitchen,living,bedroom_1,entry,kitchen,bedroom_1,living,kitchen,living,kitchen,entry
2940,d02 Wed 01:00,kitchen,living,kitchen,kitchen,kitchen,bedroom_1,kitchen,entry,entry,living,bedroom_1,kitchen,living,bedroom_1,entry,kitchen,bedroom_1,living,kitchen,living,kitchen,entry
3000,d02 Wed 02:00,kitchen,living,kitchen,kitchen,kitchen,bedroom_1,kitchen,entry,entry,living,bedroom_1,kitchen,living,bedroom_1,entry,kitchen,bedroom_1,living,kitchen,living,kitchen,entry
3060,d02 Wed 03:00,kitchen,living,kitchen,kitchen,kitchen,bedroom_1,kitchen,entry,entry,living,bedroom_1,kitchen,living,bedroom_1,entry,kitchen,bedroom_1,living,kitchen,living,kitchen,entry
3120,d02 Wed 04:00,kitchen,living,kitchen,kitchen,kitchen,bedroom_1,kitchen,entry,entry,living,bedroom_1,kitchen,living,bedroom_1,entry,kitchen,bedroom_1,living,kitchen,living,kitchen,entry
3180,d02 Wed 05:00,kitchen,living,kitchen,kitchen,kitchen,bedroom_1,kitchen,entry,entry,living,bedroom_1,kitchen,living,bedroom_1,entry,kitchen,bedroom_1,living,kitchen,living,kitchen,entry
3240,d02 Wed 06:00,kitchen,living,kitchen,kitchen,kitchen,bedroom_1,kitchen,entry,entry,living,bedroom_1,kitchen,living,bedroom_1,entry,kitchen,bedroom_1,living,kitchen,living,kitchen,entry
3300,d02 Wed 07:00,kitchen,living,kitchen,kitchen,kitchen,kitchen,bedroom_2,entry,entry,living,bedroom_1,kitchen,living,bedroom_1,entry,kitchen,kitchen,living,kitchen,living,kitchen,entry
3360,d02 Wed 08:00,kitchen,living,kitchen,kitchen,kitchen,living,living,entry,bedroom_2,living,bedroom_1,bedroom_2,living,bedroom_1,bedroom_2,kitchen,living,bedroom_2,kitchen,living,kitchen,entry
3420,d02 Wed 09:00,kitchen,living,kitchen,kitchen,kitchen,living,living,entry,entry,living,bedroom_1,kitchen,living,bedroom_1,entry,kitchen,living,living,kitchen,living,kitchen,entry
3480,d02 Wed 10:00,kitchen,living,kitchen,kitchen,kitchen,living,living,entry,entry,living,bedroom_1,kitchen,living,bedroom_1,entry,living,living,living,kitchen,living,kitchen,entry
3540,d02 Wed 11:00,kitchen,living,kitchen,kitchen,kitchen,living,living,entry,entry,living,bedroom_1,kitchen,living,bedroom_1,entry,living,living,living,kitchen,living,kitchen,entry
3600,d02 Wed 12:00,kitchen,living,kitchen,kitchen,kitchen,living,kitchen,entry,entry,living,bedroom_1,kitchen,living,bedroom_1,entry,living,living,living,kitchen,living,kitchen,entry
3660,d02 Wed 13:00,kitchen,living,kitchen,kitchen,kitchen,living,living,entry,living,living,bedroom_1,kitchen,living,bedroom_1,entry,living,living,living,kitchen,living,kitchen,entry
3720,d02 Wed 14:00,kitchen,living,kitchen,kitchen,kitchen,living,living,entry,living,living,bedroom_1,kitchen,living,bedroom_1,entry,living,living,living,kitchen,living,kitchen,entry
3780,d02 Wed 15:00,kitchen,living,kitchen,kitchen,kitchen,living,living,entry,living,living,bedroom_1,kitchen,living,bedroom_1,entry,living,living,living,kitchen,living,kitchen,entry
3840,d02 Wed 16:00,kitchen,living,kitchen,kitchen,kitchen,living,living,entry,living,living,bedroom_1,kitchen,living,bedroom_1,entry,living,living,living,kitchen,living,kitchen,entry
3900,d02 Wed 17:00,kitchen,living,kitchen,kitchen,kitchen,living,living,entry,living,living,bedroom_1,kitchen,living,bedroom_1,entry,living,living,living,kitchen,living,kitchen,entry
3960,d02 Wed 18:00,kitchen,living,kitchen,kitchen,kitchen,kitchen,living,entry,living,living,bedroom_1,kitchen,living,bedroom_1,entry,living,kitchen,living,kitchen,living,kitchen,entry
4020,d02 Wed 19:00,kitchen,living,kitchen,kitchen,kitchen,living,living,entry,living,living,bedroom_1,kitchen,living,bedroom_1,entry,living,living,living,kitchen,living,kitchen,entry
4080,d02 Wed 20:00,kitchen,living,kitchen,kitchen,kitchen,living,living,entry,living,living,bedroom_1,kitchen,living,bedroom_1,entry,living,living,living,kitchen,living,kitchen,entry
4140,d02 Wed 21:00,kitchen,living,kitchen,kitchen,kitchen,living,living,entry,living,living,bedroom_1,kitchen,living,bedroom_1,entry,living,living,living,kitchen,living,kitchen,entry
4200,d02 Wed 22:00,kitchen,living,kitchen,kitchen,kitchen,bedroom_1,bedroom_2,entry,living,living,bedroom_1,kitchen,living,bedroom_1,entry,living,bedroom_1,living,kitchen,living,kitchen,entry
4260,d02 Wed 23:00,kitchen,living,kitchen,kitchen,kitchen,bedroom_1,bedroom_2,entry,living,living,bedroom_1,kitchen,living,bedroom_1,entry,living,bedroom_1,living,kitchen,living,kitchen,entry
4320,d03 Thu 00:00,kitchen,living,kitchen,kitchen,kitchen,bedroom_1,bedroom_2,entry,living,living,bedroom_1,kitchen,living,bedroom_1,entry,living,bedroom_1,living,kitchen,living,kitchen,entry
4380,d03 Thu 01:00,kitchen,living,kitchen,kitchen,kitchen,bedroom_1,bedroom_2,entry,living,living,bedroom_1,kitchen,living,bedroom_1,entry,living,bedroom_1,living,kitchen,living,kitchen,entry
4440,d03 Thu 02:00,kitchen,living,kitchen,kitchen,kitchen,bedroom_1,bedroom_2,entry,living,living,bedroom_1,kitchen,living,bedroom_1,entry,living,bedroom_1,living,kitchen,living,kitchen,entry
4500,d03 Thu 03:00,kitchen,living,kitchen,kitchen,kitchen,bedroom_1,bedroom_2,entry,living,living,bedroom_1,kitchen,living,bedroom_1,entry,living,bedroom_1,living,kitchen,living,kitchen,entry
4560,d03 Thu 04:00,kitchen,living,kitchen,kitchen,kitchen,bedroom_1,bedroom_2,entry,living,living,bedroom_1,kitchen,living,bedroom_1,entry,living,bedroom_1,living,kitchen,living,kitchen,entry
4620,d03 Thu 05:00,kitchen,living,kitchen,kitchen,kitchen,bedroom_1,bedroom_2,entry,living,living,bedroom_1,kitchen,living,bedroom_1,entry,living,bedroom_1,living,kitchen,living,kitchen,entry
4680,d03 Thu 06:00,kitchen,living,kitchen,kitchen,kitchen,bedroom_1,bedroom_2,entry,living,living,bedroom_1,kitchen,living,bedroom_1,entry,living,bedroom_1,living,kitchen,living,kitchen,entry
4740,d03 Thu 07:00,kitchen,kitchen,kitchen,kitchen,kitchen,kitchen,bedroom_2,entry,living,living,bedroom_1,kitchen,living,bedroom_1,entry,bedroom_2,kitchen,living,kitchen,living,kitchen,entry
4800,d03 Thu 08:00,kitchen,living,kitchen,kitchen,kitchen,living,living,entry,bedroom_2,living,bedroom_1,living,living,bedroom_1,bedroom_2,kitchen,living,bedroom_2,kitchen,living,kitchen,entry
4860,d03 Thu 09:00,kitchen,living,kitchen,kitchen,kitchen,outside,living,entry,living,living,bedroom_1,living,living,bedroom_1,entry,kitchen,outside,living,kitchen,living,kitchen,entry
4920,d03 Thu 10:00,kitchen,living,kitchen,kitchen,kitchen,kitchen,living,entry,living,living,bedroom_1,living,living,bedroom_1,entry,living,kitchen,living,kitchen,living,kitchen,entry
4980,d03 Thu 11:00,kitchen,living,kitchen,kitchen,kitchen,kitchen,living,entry,living,living,bedroom_1,living,living,bedroom_1,entry,living,kitchen,living,kitchen,living,kitchen,entry
5040,d03 Thu 12:00,kitchen,living,kitchen,kitchen,kitchen,living,living,entry,living,living,bedroom_1,living,living,bedroom_1,entry,living,living,living,kitchen,living,kitchen,entry
5100,d03 Thu 13:00,kitchen,living,kitchen,kitchen,kitchen,living,living,entry,living,living,bedroom_1,living,living,bedroom_1,entry,living,living,living,kitchen,living,kitchen,entry
5160,d03 Thu 14:00,kitchen,living,kitchen,kitchen,kitchen,living,living,entry,living,living,bedroom_1,living,living,bedroom_1,entry,living,living,living,kitchen,living,kitchen,entry
5220,d03 Thu 15:00,kitchen,living,kitchen,kitchen,kitchen,living,living,entry,living,living,bedroom_1,living,living,bedroom_1,entry,living,living,living,kitchen,living,kitchen,entry
5280,d03 Thu 16:00,kitchen,living,kitchen,kitchen,kitchen,living,living,entry,living,living,bedroom_1,living,living,bedroom_1,entry,living,living,living,kitchen,living,kitchen,entry
5340,d03 Thu 17:00,kitchen,living,kitchen,kitchen,kitchen,kitchen,living,entry,living,living,bedroom_1,living,living,bedroom_1,entry,living,kitchen,living,kitchen,living,kitchen,entry
5400,d03 Thu 18:00,kitchen,living,kitchen,kitchen,kitchen,living,living,entry,living,living,bedroom_1,living,living,bedroom_1,entry,living,living,living,kitchen,living,kitchen,entry
5460,d03 Thu 19:00,kitchen,living,kitchen,kitchen,kitchen,living,living,entry,living,living,bedroom_1,living,living,bedroom_1,entry,living,living,living,kitchen,living,kitchen,entry
5520,d03 Thu 20:00,kitchen,living,kitchen,kitchen,kitchen,living,living,entry,living,living,bedroom_1,living,living,bedroom_1,entry,living,living,living,kitchen,living,kitchen,entry
5580,d03 Thu 21:00,kitchen,living,kitchen,kitchen,kitchen,bathroom,kitchen,entry,living,living,bedroom_1,living,living,bedroom_1,entry,living,bathroom,living,kitchen,living,kitchen,entry
5640,d03 Thu 22:00,kitchen,living,kitchen,kitchen,kitchen,bedroom_1,bedroom_2,entry,living,living,bedroom_1,living,living,bedroom_1,entry,living,bedroom_1,living,kitchen,living,kitchen,entry
5700,d03 Thu 23:00,kitchen,living,kitchen,kitchen,kitchen,bedroom_1,bedroom_2,entry,living,living,bedroom_1,living,living,bedroom_1,entry,living,bedroom_1,living,kitchen,living,kitchen,entry
5760,d04 Fri 00:00,kitchen,living,kitchen,kitchen,kitchen,bedroom_1,bedroom_2,entry,living,living,bedroom_1,living,living,bedroom_1,entry,living,bedroom_1,living,kitchen,living,kitchen,entry
5820,d04 Fri 01:00,kitchen,living,kitchen,kitchen,kitchen,bedroom_1,bedroom_2,entry,living,living,bedroom_1,living,living,bedroom_1,entry,living,bedroom_1,living,kitchen,living,kitchen,entry
5880,d04 Fri 02:00,kitchen,living,kitchen,kitchen,kitchen,bedroom_1,bedroom_2,entry,living,living,bedroom_1,living,living,bedroom_1,entry,living,bedroom_1,living,kitchen,living,kitchen,entry
5940,d04 Fri 03:00,kitchen,living,kitchen,kitchen,kitchen,bedroom_1,bedroom_2,entry,living,living,bedroom_1,living,living,bedroom_1,entry,living,bedroom_1,living,kitchen,living,kitchen,entry
6000,d04 Fri 04:00,kitchen,living,kitchen,kitchen,kitchen,bedroom_1,bedroom_2,entry,living,living,bedroom_1,living,living,bedroom_1,entry,living,bedroom_1,living,kitchen,living,kitchen,entry
6060,d04 Fri 05:00,kitchen,living,kitchen,kitchen,kitchen,bedroom_1,bedroom_2,entry,living,living,bedroom_1,living,living,bedroom_1,entry,living,bedroom_1,living,kitchen,living,kitchen,entry
6120,d04 Fri 06:00,kitchen,living,kitchen,kitchen,kitchen,bedroom_1,bedroom_2,entry,living,living,bedroom_1,living,living,bedroom_1,entry,living,bedroom_1,living,kitchen,living,kitchen,entry
6180,d04 Fri 07:00,kitchen,living,kitchen,kitchen,kitchen,kitchen,bedroom_2,entry,living,living,kitchen,kitchen,living,bedroom_1,entry,living,kitchen,living,kitchen,living,kitchen,entry
6240,d04 Fri 08:00,kitchen,living,kitchen,kitchen,kitchen,living,living,entry,bedroom_2,living,bedroom_1,bedroom_2,living,bedroom_1,bedroom_2,living,living,bedroom_2,kitchen,living,kitchen,entry
6300,d04 Fri 09:00,kitchen,kitchen,kitchen,kitchen,kitchen,outside,kitchen,entry,entry,living,bedroom_1,kitchen,living,bedroom_1,entry,kitchen,outside,living,kitchen,living,kitchen,entry
6360,d04 Fri 10:00,kitchen,living,kitchen,kitchen,kitchen,kitchen,living,entry,entry,living,bedroom_1,kitchen,living,bedroom_1,entry,kitchen,kitchen,living,kitchen,living,kitchen,entry
6420,d04 Fri 11:00,kitchen,living,kitchen,kitchen,kitchen,kitchen,living,entry,entry,living,bedroom_1,kitchen,living,bedroom_1,entry,kitchen,kitchen,living,kitchen,living,kitchen,entry
6480,d04 Fri 12:00,kitchen,living,kitchen,kitchen,kitchen,living,kitchen,entry,entry,living,bedroom_1,kitchen,living,bedroom_1,entry,kitchen,living,living,kitchen,living,kitchen,entry
6540,d04 Fri 13:00,kitchen,living,kitchen,kitchen,kitchen,living,living,entry,entry,living,bedroom_1,kitchen,living,bedroom_1,entry,kitchen,living,living,kitchen,living,kitchen,entry
6600,d04 Fri 14:00,kitchen,living,kitchen,kitchen,kitchen,living,living,entry,entry,living,bedroom_1,kitchen,living,bedroom_1,entry,kitchen,living,living,kitchen,living,kitchen,entry
6660,d04 Fri 15:00,kitchen,living,kitchen,kitchen,kitchen,bedroom_1,living,entry,entry,living,bedroom_1,kitchen,living,bedroom_1,entry,kitchen,living,living,kitchen,living,kitchen,entry
6720,d04 Fri 16:00,kitchen,living,kitchen,kitchen,kitchen,bedroom_1,living,entry,entry,living,bedroom_1,kitchen,living,bedroom_1,entry,kitchen,living,living,kitchen,living,kitchen,entry
6780,d04 Fri 17:00,kitchen,living,kitchen,kitchen,kitchen,bedroom_1,living,entry,entry,living,bedroom_1,kitchen,living,bedroom_1,entry,kitchen,kitchen,living,kitchen,living,kitchen,entry
6840,d04 Fri 18:00,kitchen,living,kitchen,kitchen,kitchen,bedroom_1,kitchen,entry,entry,living,bedroom_1,kitchen,living,bedroom_1,entry,kitchen,kitchen,living,kitchen,living,kitchen,entry
6900,d04 Fri 19:00,kitchen,living,kitchen,kitchen,kitchen,bedroom_1,living,entry,entry,living,bedroom_1,kitchen,living,bedroom_1,entry,kitchen,living,living,kitchen,living,kitchen,entry
6960,d04 Fri 20:00,kitchen,living,kitchen,kitchen,kitchen,bedroom_1,living,entry,entry,living,bedroom_1,kitchen,living,bedroom_1,entry,kitchen,living,living,kitchen,living,kitchen,entry
7020,d04 Fri 21:00,kitchen,living,kitchen,kitchen,kitchen,bedroom_1,kitchen,entry,entry,living,bedroom_1,kitchen,living,bedroom_1,entry,kitchen,kitchen,living,kitchen,living,kitchen,entry
7080,d04 Fri 22:00,kitchen,living,kitchen,kitchen,kitchen,bedroom_1,living,entry,living,living,bedroom_1,kitchen,living,bedroom_1,entry,kitchen,bedroom_1,living,kitchen,living,kitchen,entry
7140,d04 Fri 23:00,kitchen,living,kitchen,kitchen,kitchen,bedroom_1,bedroom_2,entry,living,living,bedroom_1,kitchen,living,bedroom_1,entry,kitchen,bedroom_1,living,kitchen,living,kitchen,entry
7200,d05 Sat 00:00,kitchen,living,kitchen,kitchen,kitchen,bedroom_1,bedroom_2,entry,living,living,bedroom_1,kitchen,living,bedroom_1,entry,kitchen,bedroom_1,living,kitchen,living,kitchen,entry
7260,d05 Sat 01:00,kitchen,living,kitchen,kitchen,kitchen,bedroom_1,bedroom_2,entry,living,living,bedroom_1,kitchen,living,bedroom_1,entry,kitchen,bedroom_1,living,kitchen,living,kitchen,entry
7320,d05 Sat 02:00,kitchen,living,kitchen,kitchen,kitchen,bedroom_1,bedroom_2,entry,living,living,bedroom_1,kitchen,living,bedroom_1,entry,kitchen,bedroom_1,living,kitchen,living,kitchen,entry
7380,d05 Sat 03:00,kitchen,living,kitchen,kitchen,kitchen,bedroom_1,bedroom_2,entry,living,living,bedroom_1,kitchen,living,bedroom_1,entry,kitchen,bedroom_1,living,kitchen,living,kitchen,entry
7440,d05 Sat 04:00,kitchen,living,kitchen,kitchen,kitchen,bedroom_1,bedroom_2,entry,living,living,bedroom_1,kitchen,living,bedroom_1,entry,kitchen,bedroom_1,living,kitchen,living,kitchen,entry
7500,d05 Sat 05:00,kitchen,living,kitchen,kitchen,kitchen,bedroom_1,bedroom_2,entry,living,living,bedroom_1,kitchen,living,bedroom_1,entry,kitchen,bedroom_1,living,kitchen,living,kitchen,entry
7560,d05 Sat 06:00,kitchen,living,kitchen,kitchen,kitchen,bedroom_1,bedroom_2,entry,living,living,bedroom_1,kitchen,living,bedroom_1,entry,kitchen,bedroom_1,living,kitchen,living,kitchen,entry
7620,d05 Sat 07:00,kitchen,living,kitchen,kitchen,kitchen,kitchen,bedroom_2,entry,living,living,kitchen,kitchen,living,bedroom_1,entry,bedroom_2,kitchen,living,kitchen,living,kitchen,entry
7680,d05 Sat 08:00,kitchen,kitchen,kitchen,kitchen,kitchen,living,kitchen,entry,kitchen,living,bedroom_1,kitchen,living,bedroom_1,kitchen,kitchen,living,kitchen,kitchen,living,kitchen,entry
7740,d05 Sat 09:00,kitchen,living,kitchen,kitchen,kitchen,living,living,entry,living,living,bedroom_1,living,living,bedroom_1,living,living,living,living,kitchen,living,kitchen,entry
7800,d05 Sat 10:00,kitchen,living,kitchen,kitchen,kitchen,living,living,entry,entry,living,bedroom_1,living,living,bedroom_1,entry,living,living,living,kitchen,living,kitchen,entry
7860,d05 Sat 11:00,kitchen,living,kitchen,kitchen,kitchen,living,living,entry,entry,living,bedroom_1,living,living,bedroom_1,entry,living,living,living,kitchen,living,kitchen,entry
7920,d05 Sat 12:00,kitchen,living,kitchen,kitchen,kitchen,kitchen,kitchen,entry,entry,living,bedroom_1,living,living,bedroom_1,entry,living,kitchen,living,kitchen,living,kitchen,entry
7980,d05 Sat 13:00,kitchen,living,kitchen,kitchen,kitchen,living,kitchen,entry,entry,living,bedroom_1,living,living,bedroom_1,entry,living,living,living,kitchen,living,kitchen,entry
8040,d05 Sat 14:00,kitchen,living,kitchen,kitchen,kitchen,living,living,entry,entry,living,bedroom_1,living,living,bedroom_1,entry,living,living,living,kitchen,living,kitchen,entry
8100,d05 Sat 15:00,kitchen,living,kitchen,kitchen,kitchen,living,living,entry,entry,living,bedroom_1,living,living,bedroom_1,entry,living,living,living,kitchen,living,kitchen,entry
8160,d05 Sat 16:00,kitchen,living,kitchen,kitchen,kitchen,living,living,entry,entry,living,bedroom_1,living,living,bedroom_1,entry,living,living,living,kitchen,living,kitchen,entry
8220,d05 Sat 17:00,kitchen,living,kitchen,kitchen,kitchen,kitchen,living,entry,entry,living,bedroom_1,living,living,bedroom_1,entry,living,kitchen,living,kitchen,living,kitchen,entry
8280,d05 Sat 18:00,kitchen,living,kitchen,kitchen,kitchen,kitchen,living,entry,entry,living,bedroom_1,living,living,bedroom_1,entry,living,kitchen,living,kitchen,living,kitchen,entry
8340,d05 Sat 19:00,kitchen,living,kitchen,kitchen,kitchen,living,living,entry,entry,living,bedroom_1,living,living,bedroom_1,entry,living,living,living,kitchen,living,kitchen,entry
8400,d05 Sat 20:00,kitchen,living,kitchen,kitchen,kitchen,living,living,entry,entry,living,bedroom_1,living,living,bedroom_1,entry,living,living,living,kitchen,living,kitchen,entry
8460,d05 Sat 21:00,kitchen,living,kitchen,kitchen,kitchen,living,living,entry,entry,living,bedroom_1,living,living,bedroom_1,entry,living,living,living,kitchen,living,kitchen,entry
8520,d05 Sat 22:00,kitchen,living,kitchen,kitchen,kitchen,bedroom_1,bedroom_2,entry,entry,living,bedroom_1,living,living,bedroom_1,entry,living,bedroom_1,living,kitchen,living,kitchen,entry
8580,d05 Sat 23:00,kitchen,living,kitchen,kitchen,kitchen,bedroom_1,bedroom_2,entry,entry,living,bedroom_1,living,living,bedroom_1,entry,living,bedroom_1,living,kitchen,living,kitchen,entry
8640,d06 Sun 00:00,kitchen,living,kitchen,kitchen,kitchen,bedroom_1,bedroom_2,entry,entry,living,bedroom_1,living,living,bedroom_1,entry,living,bedroom_1,living,kitchen,living,kitchen,entry
8700,d06 Sun 01:00,kitchen,living,kitchen,kitchen,kitchen,bedroom_1,bedroom_2,entry,entry,living,bedroom_1,living,living,bedroom_1,entry,living,bedroom_1,living,kitchen,living,kitchen,entry
8760,d06 Sun 02:00,kitchen,living,kitchen,kitchen,kitchen,bedroom_1,bedroom_2,entry,entry,living,bedroom_1,living,living,bedroom_1,entry,living,bedroom_1,living,kitchen,living,kitchen,entry
8820,d06 Sun 03:00,kitchen,living,kitchen,kitchen,kitchen,bedroom_1,bedroom_2,entry,entry,living,bedroom_1,living,living,bedroom_1,entry,living,bedroom_1,living,kitchen,living,kitchen,entry
8880,d06 Sun 04:00,kitchen,living,kitchen,kitchen,kitchen,bedroom_1,bedroom_2,entry,entry,living,bedroom_1,living,living,bedroom_1,entry,living,bedroom_1,living,kitchen,living,kitchen,entry
8940,d06 Sun 05:00,kitchen,living,kitchen,kitchen,kitchen,bedroom_1,bedroom_2,entry,entry,living,bedroom_1,living,living,bedroom_1,entry,living,bedroom_1,living,kitchen,living,kitchen,entry
9000,d06 Sun 06:00,kitchen,living,kitchen,kitchen,kitchen,bedroom_1,bedroom_2,entry,entry,living,bedroom_1,living,living,bedroom_1,entry,living,bedroom_1,living,kitchen,living,kitchen,entry
9060,d06 Sun 07:00,kitchen,kitchen,kitchen,kitchen,kitchen,kitchen,bedroom_2,entry,entry,living,bedroom_1,living,living,bedroom_1,entry,bedroom_2,kitchen,living,kitchen,living,kitchen,entry
9120,d06 Sun 08:00,kitchen,kitchen,kitchen,kitchen,kitchen,living,kitchen,entry,kitchen,living,bedroom_1,kitchen,living,bedroom_1,kitchen,kitchen,living,kitchen,kitchen,living,kitchen,entry
9180,d06 Sun 09:00,kitchen,living,kitchen,kitchen,kitchen,bathroom,kitchen,entry,entry,living,bedroom_1,living,living,bedroom_1,entry,kitchen,bathroom,living,kitchen,living,kitchen,entry
9240,d06 Sun 10:00,kitchen,living,kitchen,kitchen,kitchen,bathroom,living,entry,entry,living,bedroom_1,living,living,bedroom_1,entry,kitchen,bathroom,living,kitchen,living,kitchen,entry
9300,d06 Sun 11:00,kitchen,living,kitchen,kitchen,kitchen,kitchen,living,entry,entry,living,bedroom_1,living,living,bedroom_1,entry,kitchen,kitchen,living,kitchen,living,kitchen,entry
9360,d06 Sun 12:00,kitchen,living,kitchen,kitchen,kitchen,living,living,entry,entry,living,bedroom_1,living,living,bedroom_1,entry,kitchen,living,living,kitchen,living,kitchen,entry
9420,d06 Sun 13:00,kitchen,living,kitchen,kitchen,kitchen,outside,living,entry,entry,living,bedroom_1,living,living,bedroom_1,entry,kitchen,outside,living,kitchen,living,kitchen,entry
9480,d06 Sun 14:00,kitchen,living,kitchen,kitchen,kitchen,outside,outside,entry,entry,living,bedroom_1,living,living,bedroom_1,entry,kitchen,outside,living,kitchen,living,kitchen,entry
9540,d06 Sun 15:00,kitchen,living,kitchen,kitchen,kitchen,living,outside,entry,entry,living,bedroom_1,living,living,bedroom_1,entry,kitchen,living,living,kitchen,living,kitchen,entry
9600,d06 Sun 16:00,kitchen,living,kitchen,kitchen,kitchen,living,living,entry,entry,living,bedroom_1,living,living,bedroom_1,entry,kitchen,living,living,kitchen,living,kitchen,entry
9660,d06 Sun 17:00,kitchen,living,kitchen,kitchen,kitchen,kitchen,living,entry,entry,living,bedroom_1,living,living,bedroom_1,entry,kitchen,kitchen,living,kitchen,living,kitchen,entry
9720,d06 Sun 18:00,kitchen,living,kitchen,kitchen,kitchen,living,living,entry,entry,living,bedroom_1,living,living,bedroom_1,entry,kitchen,living,living,kitchen,living,kitchen,entry
9780,d06 Sun 19:00,kitchen,living,kitchen,kitchen,kitchen,living,living,entry,entry,living,bedroom_1,living,living,bedroom_1,entry,kitchen,living,living,kitchen,living,kitchen,entry
9840,d06 Sun 20:00,kitchen,living,kitchen,kitchen,kitchen,living,living,entry,entry,living,bedroom_1,living,living,bedroom_1,entry,kitchen,living,living,kitchen,living,kitchen,entry
9900,d06 Sun 21:00,kitchen,living,kitchen,kitchen,kitchen,living,living,entry,entry,living,bedroom_1,living,living,bedroom_1,entry,kitchen,living,living,kitchen,living,kitchen,entry
9960,d06 Sun 22:00,kitchen,living,kitchen,kitchen,kitchen,bedroom_1,bedroom_2,entry,entry,living,bedroom_1,living,living,bedroom_1,entry,kitchen,bedroom_1,living,kitchen,living,kitchen,entry
10020,d06 Sun 23:00,kitchen,living,kitchen,kitchen,kitchen,bedroom_1,bedroom_2,entry,entry,living,bedroom_1,living,living,bedroom_1,entry,kitchen,bedroom_1,living,kitchen,living,kitchen,entry
10080,d07 Mon 00:00,kitchen,living,kitchen,kitchen,kitchen,bedroom_1,bedroom_2,entry,entry,living,bedroom_1,living,living,bedroom_1,entry,kitchen,bedroom_1,living,kitchen,living,kitchen,entry
10140,d07 Mon 01:00,kitchen,living,kitchen,kitchen,kitchen,bedroom_1,bedroom_2,entry,entry,living,bedroom_1,living,living,bedroom_1,entry,kitchen,bedroom_1,living,kitchen,living,kitchen,entry
10200,d07 Mon 02:00,kitchen,living,kitchen,kitchen,kitchen,bedroom_1,bedroom_2,entry,entry,living,bedroom_1,living,living,bedroom_1,entry,kitchen,bedroom_1,living,kitchen,living,kitchen,entry
10260,d07 Mon 03:00,kitchen,living,kitchen,kitchen,kitchen,bedroom_1,bedroom_2,entry,entry,living,bedroom_1,living,living,bedroom_1,entry,kitchen,bedroom_1,living,kitchen,living,kitchen,entry
10320,d07 Mon 04:00,kitchen,living,kitchen,kitchen,kitchen,bedroom_1,bedroom_2,entry,entry,living,bedroom_1,living,living,bedroom_1,entry,kitchen,bedroom_1,living,kitchen,living,kitchen,entry
10380,d07 Mon 05:00,kitchen,living,kitchen,kitchen,kitchen,bedroom_1,bedroom_2,entry,entry,living,bedroom_1,living,living,bedroom_1,entry,kitchen,bedroom_1,living,kitchen,living,kitchen,entry
10440,d07 Mon 06:00,kitchen,living,kitchen,kitchen,kitchen,bedroom_1,bedroom_2,entry,entry,living,bedroom_1,living,living,bedroom_1,entry,kitchen,bedroom_1,living,kitchen,living,kitchen,entry
10500,d07 Mon 07:00,kitchen,living,kitchen,kitchen,kitchen,bathroom,bedroom_2,entry,entry,living,bedroom_1,living,living,bedroom_1,entry,kitchen,bathroom,living,kitchen,living,kitchen,entry
10560,d07 Mon 08:00,kitchen,living,kitchen,kitchen,kitchen,kitchen,kitchen,entry,kitchen,living,bedroom_1,kitchen,living,bedroom_1,kitchen,kitchen,kitchen,kitchen,kitchen,living,kitchen,entry
10620,d07 Mon 09:00,kitchen,living,kitchen,kitchen,kitchen,kitchen,living,entry,living,living,bedroom_1,living,living,bedroom_1,living,living,kitchen,living,kitchen,living,kitchen,entry
10680,d07 Mon 10:00,kitchen,living,kitchen,kitchen,kitchen,outside,living,entry,entry,living,bedroom_1,living,living,bedroom_1,entry,living,outside,living,kitchen,living,kitchen,entry
10740,d07 Mon 11:00,kitchen,living,kitchen,kitchen,kitchen,outside,living,entry,entry,living,bedroom_1,kitchen,living,bedroom_1,entry,living,outside,living,kitchen,living,kitchen,entry
10800,d07 Mon 12:00,kitchen,living,kitchen,kitchen,kitchen,kitchen,living,entry,entry,living,bedroom_1,kitchen,living,bedroom_1,entry,living,kitchen,living,kitchen,living,kitchen,entry
10860,d07 Mon 13:00,kitchen,living,kitchen,kitchen,kitchen,living,living,entry,entry,living,bedroom_1,kitchen,living,bedroom_1,entry,living,living,living,kitchen,living,kitchen,entry
10920,d07 Mon 14:00,kitchen,living,kitchen,kitchen,kitchen,living,living,entry,entry,living,bedroom_1,kitchen,living,bedroom_1,entry,living,living,living,kitchen,living,kitchen,entry
10980,d07 Mon 15:00,kitchen,living,kitchen,kitchen,kitchen,living,living,entry,entry,living,bedroom_1,kitchen,living,bedroom_1,entry,living,living,living,kitchen,living,kitchen,entry
11040,d07 Mon 16:00,kitchen,living,kitchen,kitchen,kitchen,kitchen,living,entry,entry,living,bedroom_1,kitchen,living,bedroom_1,entry,living,kitchen,living,kitchen,living,kitchen,entry
11100,d07 Mon 17:00,kitchen,living,kitchen,kitchen,kitchen,kitchen,living,entry,entry,living,bedroom_1,kitchen,living,bedroom_1,entry,living,kitchen,living,kitchen,living,kitchen,entry
11160,d07 Mon 18:00,kitchen,living,kitchen,kitchen,kitchen,kitchen,living,entry,entry,living,bedroom_1,kitchen,living,bedroom_1,entry,living,kitchen,living,kitchen,living,kitchen,entry
11220,d07 Mon 19:00,kitchen,living,kitchen,kitchen,kitchen,living,living,entry,entry,living,bedroom_1,kitchen,living,bedroom_1,entry,living,living,living,kitchen,living,kitchen,entry
11280,d07 Mon 20:00,kitchen,living,kitchen,kitchen,kitchen,living,living,entry,entry,living,bedroom_1,kitchen,living,bedroom_1,entry,living,living,living,kitchen,living,kitchen,entry
11340,d07 Mon 21:00,kitchen,living,kitchen,kitchen,kitchen,living,living,entry,entry,living,bedroom_1,kitchen,living,bedroom_1,entry,living,living,living,kitchen,living,kitchen,entry
11400,d07 Mon 22:00,kitchen,living,kitchen,kitchen,kitchen,living,living,entry,entry,living,bedroom_1,kitchen,living,bedroom_1,entry,living,bedroom_1,living,kitchen,living,kitchen,entry
11460,d07 Mon 23:00,kitchen,living,kitchen,kitchen,kitchen,bedroom_1,living,entry,entry,living,bedroom_1,kitchen,living,bedroom_1,entry,living,bedroom_1,living,kitchen,living,kitchen,entry
11520,d08 Tue 00:00,kitchen,living,kitchen,kitchen,kitchen,bedroom_1,living,entry,entry,living,bedroom_1,kitchen,living,bedroom_1,entry,living,bedroom_1,living,kitchen,living,kitchen,entry
11580,d08 Tue 01:00,kitchen,living,kitchen,kitchen,kitchen,bedroom_1,living,entry,entry,living,bedroom_1,kitchen,living,bedroom_1,entry,living,bedroom_1,living,kitchen,living,kitchen,entry
11640,d08 Tue 02:00,kitchen,living,kitchen,kitchen,kitchen,bedroom_1,living,entry,entry,living,bedroom_1,kitchen,living,bedroom_1,entry,living,bedroom_1,living,kitchen,living,kitchen,entry
11700,d08 Tue 03:00,kitchen,living,kitchen,kitchen,kitchen,bedroom_1,living,entry,entry,living,bedroom_1,kitchen,living,bedroom_1,entry,living,bedroom_1,living,kitchen,living,kitchen,entry
11760,d08 Tue 04:00,kitchen,living,kitchen,kitchen,kitchen,bedroom_1,living,entry,entry,living,bedroom_1,kitchen,living,bedroom_1,entry,living,bedroom_1,living,kitchen,living,kitchen,entry
11820,d08 Tue 05:00,kitchen,living,kitchen,kitchen,kitchen,bedroom_1,living,entry,entry,living,bedroom_1,kitchen,living,bedroom_1,entry,living,bedroom_1,living,kitchen,living,kitchen,entry
11880,d08 Tue 06:00,kitchen,living,kitchen,kitchen,kitchen,bedroom_1,living,entry,entry,living,bedroom_1,kitchen,living,bedroom_1,entry,living,bedroom_1,living,kitchen,living,kitchen,entry
11940,d08 Tue 07:00,kitchen,living,kitchen,kitchen,kitchen,bathroom,living,entry,entry,living,bedroom_1,kitchen,living,bedroom_1,entry,living,bathroom,living,kitchen,living,kitchen,entry
12000,d08 Tue 08:00,kitchen,living,kitchen,kitchen,kitchen,kitchen,bathroom,entry,bathroom,living,bedroom_1,bathroom,living,bedroom_1,bathroom,bathroom,kitchen,bathroom,kitchen,living,kitchen,entry
12060,d08 Tue 09:00,kitchen,living,kitchen,kitchen,kitchen,kitchen,kitchen,entry,kitchen,living,bedroom_1,kitchen,living,bedroom_1,kitchen,kitchen,kitchen,kitchen,kitchen,living,kitchen,entry
12120,d08 Tue 10:00,kitchen,living,kitchen,kitchen,kitchen,outside,living,entry,living,living,bedroom_1,kitchen,living,bedroom_1,entry,kitchen,outside,living,kitchen,living,kitchen,entry
12180,d08 Tue 11:00,kitchen,living,kitchen,kitchen,kitchen,outside,living,entry,living,living,bedroom_1,kitchen,living,bedroom_1,entry,kitchen,outside,living,kitchen,living,kitchen,entry
12240,d08 Tue 12:00,kitchen,living,kitchen,kitchen,kitchen,kitchen,kitchen,entry,living,living,bedroom_1,kitchen,living,bedroom_1,entry,kitchen,kitchen,living,kitchen,living,kitchen,entry
12300,d08 Tue 13:00,kitchen,living,kitchen,kitchen,kitchen,living,living,entry,living,living,bedroom_1,kitchen,living,bedroom_1,entry,kitchen,living,living,kitchen,living,kitchen,entry
12360,d08 Tue 14:00,kitchen,living,kitchen,kitchen,kitchen,living,living,entry,living,living,bedroom_1,kitchen,living,bedroom_1,living,kitchen,living,living,kitchen,living,kitchen,entry
12420,d08 Tue 15:00,kitchen,living,kitchen,kitchen,kitchen,living,living,entry,living,living,bedroom_1,kitchen,living,bedroom_1,living,kitchen,living,living,kitchen,living,kitchen,entry
12480,d08 Tue 16:00,kitchen,living,kitchen,kitchen,kitchen,kitchen,living,entry,entry,living,bedroom_1,kitchen,living,bedroom_1,entry,kitchen,kitchen,living,kitchen,living,kitchen,entry
12540,d08 Tue 17:00,kitchen,living,kitchen,kitchen,kitchen,kitchen,living,entry,entry,living,bedroom_1,kitchen,living,bedroom_1,entry,kitchen,kitchen,living,kitchen,living,kitchen,entry
12600,d08 Tue 18:00,kitchen,living,kitchen,kitchen,kitchen,kitchen,living,entry,entry,living,bedroom_1,kitchen,living,bedroom_1,entry,kitchen,kitchen,living,kitchen,living,kitchen,entry
12660,d08 Tue 19:00,kitchen,living,kitchen,kitchen,kitchen,living,living,entry,entry,living,bedroom_1,kitchen,living,bedroom_1,entry,kitchen,living,living,kitchen,living,kitchen,entry
12720,d08 Tue 20:00,kitchen,living,kitchen,kitchen,kitchen,living,living,entry,entry,living,bedroom_1,kitchen,living,bedroom_1,entry,kitchen,living,living,kitchen,living,kitchen,entry
12780,d08 Tue 21:00,kitchen,living,kitchen,kitchen,kitchen,living,living,entry,entry,living,bedroom_1,kitchen,living,bedroom_1,entry,kitchen,living,living,kitchen,living,kitchen,entry
12840,d08 Tue 22:00,kitchen,living,kitchen,kitchen,kitchen,bedroom_1,living,entry,entry,living,bedroom_1,kitchen,living,bedroom_1,entry,kitchen,bedroom_1,living,kitchen,living,kitchen,entry
12900,d08 Tue 23:00,kitchen,living,kitchen,kitchen,kitchen,bedroom_1,living,entry,entry,living,bedroom_1,kitchen,living,bedroom_1,entry,kitchen,bedroom_1,living,kitchen,living,kitchen,entry
12960,d09 Wed 00:00,kitchen,living,kitchen,kitchen,kitchen,bedroom_1,living,entry,entry,living,bedroom_1,kitchen,living,bedroom_1,entry,kitchen,bedroom_1,living,kitchen,living,kitchen,entry
13020,d09 Wed 01:00,kitchen,living,kitchen,kitchen,kitchen,bedroom_1,living,entry,entry,living,bedroom_1,kitchen,living,bedroom_1,entry,kitchen,bedroom_1,living,kitchen,living,kitchen,entry
13080,d09 Wed 02:00,kitchen,living,kitchen,kitchen,kitchen,bedroom_1,living,entry,entry,living,bedroom_1,kitchen,living,bedroom_1,entry,kitchen,bedroom_1,living,kitchen,living,kitchen,entry
13140,d09 Wed 03:00,kitchen,living,kitchen,kitchen,kitchen,bedroom_1,living,entry,entry,living,bedroom_1,kitchen,living,bedroom_1,entry,kitchen,bedroom_1,living,kitchen,living,kitchen,entry
13200,d09 Wed 04:00,kitchen,living,kitchen,kitchen,kitchen,bedroom_1,living,entry,entry,living,bedroom_1,kitchen,living,bedroom_1,entry,kitchen,bedroom_1,living,kitchen,living,kitchen,entry
13260,d09 Wed 05:00,kitchen,living,kitchen,kitchen,kitchen,bedroom_1,living,entry,entry,living,bedroom_1,kitchen,living,bedroom_1,entry,kitchen,bedroom_1,living,kitchen,living,kitchen,entry
13320,d09 Wed 06:00,kitchen,living,kitchen,kitchen,kitchen,bedroom_1,living,entry,entry,living,bedroom_1,kitchen,living,bedroom_1,entry,kitchen,bedroom_1,living,kitchen,living,kitchen,entry
13380,d09 Wed 07:00,kitchen,living,kitchen,kitchen,kitchen,bathroom,living,entry,entry,living,bedroom_1,kitchen,living,bedroom_1,entry,kitchen,bathroom,living,kitchen,living,kitchen,entry
13440,d09 Wed 08:00,kitchen,living,kitchen,kitchen,kitchen,kitchen,bathroom,entry,bathroom,living,bedroom_1,bathroom,living,bedroom_1,bathroom,bathroom,kitchen,bathroom,kitchen,living,kitchen,entry
13500,d09 Wed 09:00,kitchen,living,kitchen,kitchen,kitchen,outside,kitchen,entry,entry,living,bedroom_1,kitchen,living,bedroom_1,entry,kitchen,outside,living,kitchen,living,kitchen,entry
13560,d09 Wed 10:00,kitchen,living,kitchen,kitchen,kitchen,outside,outside,entry,entry,living,bedroom_1,kitchen,living,bedroom_1,entry,kitchen,outside,living,kitchen,living,kitchen,entry
13620,d09 Wed 11:00,kitchen,living,kitchen,kitchen,kitchen,outside,living,entry,entry,living,bedroom_1,kitchen,living,bedroom_1,entry,kitchen,outside,living,kitchen,living,kitchen,entry
13680,d09 Wed 12:00,kitchen,living,kitchen,kitchen,kitchen,kitchen,kitchen,entry,entry,living,bedroom_1,kitchen,living,bedroom_1,entry,kitchen,kitchen,living,kitchen,living,kitchen,entry
13740,d09 Wed 13:00,kitchen,living,kitchen,kitchen,kitchen,living,living,entry,entry,living,bedroom_1,kitchen,living,bedroom_1,entry,kitchen,living,living,kitchen,living,kitchen,entry
13800,d09 Wed 14:00,kitchen,living,kitchen,kitchen,kitchen,living,living,entry,living,living,bedroom_1,kitchen,living,bedroom_1,living,kitchen,living,living,kitchen,living,kitchen,entry
13860,d09 Wed 15:00,kitchen,living,kitchen,kitchen,kitchen,living,living,entry,living,living,bedroom_1,kitchen,living,bedroom_1,living,kitchen,living,living,kitchen,living,kitchen,entry
13920,d09 Wed 16:00,kitchen,living,kitchen,kitchen,kitchen,living,living,entry,living,living,bedroom_1,kitchen,living,bedroom_1,living,kitchen,living,living,kitchen,living,kitchen,entry
13980,d09 Wed 17:00,kitchen,living,kitchen,kitchen,kitchen,kitchen,living,entry,living,living,bedroom_1,kitchen,living,bedroom_1,entry,kitchen,kitchen,living,kitchen,living,kitchen,entry
14040,d09 Wed 18:00,kitchen,living,kitchen,kitchen,kitchen,living,living,entry,living,living,bedroom_1,kitchen,living,bedroom_1,entry,kitchen,living,living,kitchen,living,kitchen,entry
14100,d09 Wed 19:00,kitchen,living,kitchen,kitchen,kitchen,living,living,entry,entry,living,bedroom_1,kitchen,living,bedroom_1,entry,kitchen,living,living,kitchen,living,kitchen,entry
14160,d09 Wed 20:00,kitchen,living,kitchen,kitchen,kitchen,living,living,entry,entry,living,bedroom_1,kitchen,living,bedroom_1,entry,kitchen,living,living,kitchen,living,kitchen,entry
14220,d09 Wed 21:00,kitchen,living,kitchen,kitchen,kitchen,living,living,entry,entry,living,bedroom_1,kitchen,living,bedroom_1,entry,kitchen,living,living,kitchen,living,kitchen,entry
14280,d09 Wed 22:00,kitchen,living,kitchen,kitchen,kitchen,bedroom_1,living,entry,entry,living,bedroom_1,kitchen,living,bedroom_1,entry,kitchen,bedroom_1,living,kitchen,living,kitchen,entry
14340,d09 Wed 23:00,kitchen,living,kitchen,kitchen,kitchen,bedroom_1,living,entry,entry,living,bedroom_1,kitchen,living,bedroom_1,entry,kitchen,bedroom_1,living,kitchen,living,kitchen,entry
14400,d10 Thu 00:00,kitchen,living,kitchen,kitchen,kitchen,bedroom_1,living,entry,entry,living,bedroom_1,kitchen,living,bedroom_1,entry,kitchen,bedroom_1,living,kitchen,living,kitchen,entry
14460,d10 Thu 01:00,kitchen,living,kitchen,kitchen,kitchen,bedroom_1,living,entry,entry,living,bedroom_1,kitchen,living,bedroom_1,entry,kitchen,bedroom_1,living,kitchen,living,kitchen,entry
14520,d10 Thu 02:00,kitchen,living,kitchen,kitchen,kitchen,bedroom_1,living,entry,entry,living,bedroom_1,kitchen,living,bedroom_1,entry,kitchen,bedroom_1,living,kitchen,living,kitchen,entry
14580,d10 Thu 03:00,kitchen,living,kitchen,kitchen,kitchen,bedroom_1,living,entry,entry,living,bedroom_1,kitchen,living,bedroom_1,entry,kitchen,bedroom_1,living,kitchen,living,kitchen,entry
14640,d10 Thu 04:00,kitchen,living,kitchen,kitchen,kitchen,bedroom_1,living,entry,entry,living,bedroom_1,kitchen,living,bedroom_1,entry,kitchen,bedroom_1,living,kitchen,living,kitchen,entry
14700,d10 Thu 05:00,kitchen,living,kitchen,kitchen,kitchen,bedroom_1,living,entry,entry,living,bedroom_1,kitchen,living,bedroom_1,entry,kitchen,bedroom_1,living,kitchen,living,kitchen,entry
14760,d10 Thu 06:00,kitchen,living,kitchen,kitchen,kitchen,bedroom_1,living,entry,entry,living,bedroom_1,kitchen,living,bedroom_1,entry,kitchen,bedroom_1,living,kitchen,living,kitchen,entry
14820,d10 Thu 07:00,kitchen,living,kitchen,kitchen,kitchen,bathroom,living,entry,entry,living,bedroom_1,kitchen,living,bedroom_1,entry,kitchen,bathroom,living,kitchen,living,kitchen,entry
14880,d10 Thu 08:00,kitchen,living,kitchen,kitchen,kitchen,kitchen,bathroom,entry,bathroom,living,bedroom_1,bathroom,living,bedroom_1,bathroom,bathroom,kitchen,bathroom,kitchen,living,kitchen,entry
14940,d10 Thu 09:00,kitchen,living,kitchen,kitchen,kitchen,kitchen,living,entry,living,living,bedroom_1,living,living,bedroom_1,living,living,kitchen,living,kitchen,living,kitchen,entry
15000,d10 Thu 10:00,kitchen,living,kitchen,kitchen,kitchen,outside,living,entry,living,living,bedroom_1,kitchen,living,bedroom_1,entry,living,outside,living,kitchen,living,kitchen,entry
15060,d10 Thu 11:00,kitchen,living,kitchen,kitchen,kitchen,outside,living,entry,living,living,bedroom_1,kitchen,living,bedroom_1,entry,living,outside,living,kitchen,living,kitchen,entry
15120,d10 Thu 12:00,kitchen,living,kitchen,kitchen,kitchen,kitchen,living,entry,living,living,bedroom_1,kitchen,living,bedroom_1,entry,living,kitchen,living,kitchen,living,kitchen,entry
15180,d10 Thu 13:00,kitchen,living,kitchen,kitchen,kitchen,kitchen,living,entry,living,living,bedroom_1,kitchen,living,bedroom_1,entry,living,kitchen,living,kitchen,living,kitchen,entry
15240,d10 Thu 14:00,kitchen,living,kitchen,kitchen,kitchen,living,living,entry,living,living,bedroom_1,kitchen,living,bedroom_1,living,living,living,living,kitchen,living,kitchen,entry
15300,d10 Thu 15:00,kitchen,living,kitchen,kitchen,kitchen,living,living,entry,living,living,bedroom_1,kitchen,living,bedroom_1,living,living,living,living,kitchen,living,kitchen,entry
15360,d10 Thu 16:00,kitchen,living,kitchen,kitchen,kitchen,kitchen,living,entry,living,living,bedroom_1,kitchen,living,bedroom_1,entry,living,kitchen,living,kitchen,living,kitchen,entry
15420,d10 Thu 17:00,kitchen,living,kitchen,kitchen,kitchen,kitchen,living,entry,living,living,bedroom_1,kitchen,living,bedroom_1,entry,living,kitchen,living,kitchen,living,kitchen,entry
15480,d10 Thu 18:00,kitchen,living,kitchen,kitchen,kitchen,kitchen,living,entry,living,living,bedroom_1,kitchen,living,bedroom_1,entry,living,kitchen,living,kitchen,living,kitchen,entry
15540,d10 Thu 19:00,kitchen,living,kitchen,kitchen,kitchen,living,living,entry,living,living,bedroom_1,kitchen,living,bedroom_1,entry,living,living,living,kitchen,living,kitchen,entry
15600,d10 Thu 20:00,kitchen,living,kitchen,kitchen,kitchen,living,living,entry,living,living,bedroom_1,kitchen,living,bedroom_1,entry,living,living,living,kitchen,living,kitchen,entry
15660,d10 Thu 21:00,kitchen,living,kitchen,kitchen,kitchen,living,living,entry,living,living,bedroom_1,kitchen,living,bedroom_1,entry,living,living,living,kitchen,living,kitchen,entry
15720,d10 Thu 22:00,kitchen,living,kitchen,kitchen,kitchen,bedroom_1,living,entry,living,living,bedroom_1,kitchen,living,bedroom_1,entry,living,bedroom_1,living,kitchen,living,kitchen,entry
15780,d10 Thu 23:00,kitchen,living,kitchen,kitchen,kitchen,bedroom_1,living,entry,living,living,bedroom_1,kitchen,living,bedroom_1,entry,living,bedroom_1,living,kitchen,living,kitchen,entry
15840,d11 Fri 00:00,kitchen,living,kitchen,kitchen,kitchen,bedroom_1,living,entry,living,living,bedroom_1,kitchen,living,bedroom_1,entry,living,bedroom_1,living,kitchen,living,kitchen,entry
15900,d11 Fri 01:00,kitchen,living,kitchen,kitchen,kitchen,bedroom_1,living,entry,living,living,bedroom_1,kitchen,living,bedroom_1,entry,living,bedroom_1,living,kitchen,living,kitchen,entry
15960,d11 Fri 02:00,kitchen,living,kitchen,kitchen,kitchen,bedroom_1,living,entry,living,living,bedroom_1,kitchen,living,bedroom_1,entry,living,bedroom_1,living,kitchen,living,kitchen,entry
16020,d11 Fri 03:00,kitchen,living,kitchen,kitchen,kitchen,bedroom_1,living,entry,living,living,bedroom_1,kitchen,living,bedroom_1,entry,living,bedroom_1,living,kitchen,living,kitchen,entry
16080,d11 Fri 04:00,kitchen,living,kitchen,kitchen,kitchen,bedroom_1,living,entry,living,living,bedroom_1,kitchen,living,bedroom_1,entry,living,bedroom_1,living,kitchen,living,kitchen,entry
16140,d11 Fri 05:00,kitchen,living,kitchen,kitchen,kitchen,bedroom_1,living,entry,living,living,bedroom_1,kitchen,living,bedroom_1,entry,living,bedroom_1,living,kitchen,living,kitchen,entry
16200,d11 Fri 06:00,kitchen,living,kitchen,kitchen,kitchen,bedroom_1,living,entry,living,living,bedroom_1,kitchen,living,bedroom_1,entry,living,bedroom_1,living,kitchen,living,kitchen,entry
16260,d11 Fri 07:00,kitchen,living,kitchen,kitchen,kitchen,kitchen,living,entry,living,living,bedroom_1,kitchen,living,bedroom_1,entry,living,kitchen,living,kitchen,living,kitchen,entry
16320,d11 Fri 08:00,kitchen,living,kitchen,kitchen,kitchen,kitchen,kitchen,entry,kitchen,living,bedroom_1,kitchen,living,bedroom_1,kitchen,kitchen,kitchen,kitchen,kitchen,living,kitchen,entry
16380,d11 Fri 09:00,kitchen,living,kitchen,kitchen,kitchen,outside,kitchen,entry,living,living,bedroom_1,living,living,bedroom_1,entry,kitchen,outside,living,kitchen,living,kitchen,entry
16440,d11 Fri 10:00,kitchen,living,kitchen,kitchen,kitchen,outside,kitchen,entry,living,living,bedroom_1,living,living,bedroom_1,entry,kitchen,outside,living,kitchen,living,kitchen,entry
16500,d11 Fri 11:00,kitchen,living,kitchen,kitchen,kitchen,outside,kitchen,entry,living,living,bedroom_1,living,living,bedroom_1,entry,kitchen,outside,living,kitchen,living,kitchen,entry
16560,d11 Fri 12:00,kitchen,living,kitchen,kitchen,kitchen,kitchen,kitchen,entry,living,living,bedroom_1,living,living,bedroom_1,entry,kitchen,kitchen,living,kitchen,living,kitchen,entry
16620,d11 Fri 13:00,kitchen,living,kitchen,kitchen,kitchen,living,living,entry,kitchen,living,bedroom_1,living,living,bedroom_1,kitchen,kitchen,living,kitchen,kitchen,living,kitchen,entry
16680,d11 Fri 14:00,kitchen,living,kitchen,kitchen,kitchen,living,living,entry,entry,living,bedroom_1,living,living,bedroom_1,entry,kitchen,living,living,kitchen,living,kitchen,entry
16740,d11 Fri 15:00,kitchen,living,kitchen,kitchen,kitchen,living,living,entry,entry,living,bedroom_1,living,living,bedroom_1,entry,kitchen,living,living,kitchen,living,kitchen,entry
16800,d11 Fri 16:00,kitchen,living,kitchen,kitchen,kitchen,kitchen,living,entry,entry,living,bedroom_1,living,living,bedroom_1,entry,kitchen,kitchen,living,kitchen,living,kitchen,entry
16860,d11 Fri 17:00,kitchen,living,kitchen,kitchen,kitchen,kitchen,living,entry,entry,living,bedroom_1,living,living,bedroom_1,entry,kitchen,kitchen,living,kitchen,living,kitchen,entry
16920,d11 Fri 18:00,kitchen,living,kitchen,kitchen,kitchen,kitchen,living,entry,entry,living,bedroom_1,living,living,bedroom_1,entry,kitchen,kitchen,living,kitchen,living,kitchen,entry
16980,d11 Fri 19:00,kitchen,living,kitchen,kitchen,kitchen,living,living,entry,entry,living,bedroom_1,living,living,bedroom_1,entry,kitchen,living,living,kitchen,living,kitchen,entry
17040,d11 Fri 20:00,kitchen,living,kitchen,kitchen,kitchen,living,living,entry,entry,living,bedroom_1,living,living,bedroom_1,entry,kitchen,living,living,kitchen,living,kitchen,entry
17100,d11 Fri 21:00,kitchen,living,kitchen,kitchen,kitchen,living,living,entry,entry,living,bedroom_1,living,living,bedroom_1,entry,kitchen,living,living,kitchen,living,kitchen,entry
17160,d11 Fri 22:00,kitchen,living,kitchen,kitchen,kitchen,bedroom_1,living,entry,entry,living,bedroom_1,living,living,bedroom_1,entry,kitchen,bedroom_1,living,kitchen,living,kitchen,entry
17220,d11 Fri 23:00,kitchen,living,kitchen,kitchen,kitchen,bedroom_1,living,entry,entry,living,bedroom_1,living,living,bedroom_1,entry,kitchen,bedroom_1,living,kitchen,living,kitchen,entry
17280,d12 Sat 00:00,kitchen,living,kitchen,kitchen,kitchen,bedroom_1,living,entry,entry,living,bedroom_1,living,living,bedroom_1,entry,kitchen,bedroom_1,living,kitchen,living,kitchen,entry
17340,d12 Sat 01:00,kitchen,living,kitchen,kitchen,kitchen,bedroom_1,living,entry,entry,living,bedroom_1,living,living,bedroom_1,entry,kitchen,bedroom_1,living,kitchen,living,kitchen,entry
17400,d12 Sat 02:00,kitchen,living,kitchen,kitchen,kitchen,bedroom_1,living,entry,entry,living,bedroom_1,living,living,bedroom_1,entry,kitchen,bedroom_1,living,kitchen,living,kitchen,entry
17460,d12 Sat 03:00,kitchen,living,kitchen,kitchen,kitchen,bedroom_1,living,entry,entry,living,bedroom_1,living,living,bedroom_1,entry,kitchen,bedroom_1,living,kitchen,living,kitchen,entry
17520,d12 Sat 04:00,kitchen,living,kitchen,kitchen,kitchen,bedroom_1,living,entry,entry,living,bedroom_1,living,living,bedroom_1,entry,kitchen,bedroom_1,living,kitchen,living,kitchen,entry
17580,d12 Sat 05:00,kitchen,living,kitchen,kitchen,kitchen,bedroom_1,living,entry,entry,living,bedroom_1,living,living,bedroom_1,entry,kitchen,bedroom_1,living,kitchen,living,kitchen,entry
17640,d12 Sat 06:00,kitchen,living,kitchen,kitchen,kitchen,bedroom_1,living,entry,entry,living,bedroom_1,living,living,bedroom_1,entry,kitchen,bedroom_1,living,kitchen,living,kitchen,entry
17700,d12 Sat 07:00,kitchen,living,kitchen,kitchen,kitchen,bedroom_1,living,entry,entry,living,bedroom_1,living,living,bedroom_1,entry,kitchen,bedroom_1,living,kitchen,living,kitchen,entry
17760,d12 Sat 08:00,kitchen,living,kitchen,kitchen,kitchen,kitchen,bathroom,entry,entry,living,bedroom_1,living,living,bedroom_1,entry,bathroom,kitchen,living,kitchen,living,kitchen,entry
17820,d12 Sat 09:00,kitchen,living,kitchen,kitchen,kitchen,kitchen,living,entry,entry,living,bedroom_1,living,living,bedroom_1,entry,living,kitchen,living,kitchen,living,kitchen,entry
17880,d12 Sat 10:00,kitchen,living,kitchen,kitchen,kitchen,kitchen,living,entry,entry,living,bedroom_1,living,living,bedroom_1,entry,living,kitchen,living,kitchen,living,kitchen,entry
17940,d12 Sat 11:00,kitchen,living,kitchen,kitchen,kitchen,kitchen,living,entry,entry,living,bedroom_1,living,living,bedroom_1,entry,living,kitchen,living,kitchen,living,kitchen,entry
18000,d12 Sat 12:00,kitchen,living,kitchen,kitchen,kitchen,kitchen,outside,entry,entry,living,bedroom_1,outside,living,bedroom_1,entry,living,kitchen,living,kitchen,living,kitchen,entry
18060,d12 Sat 13:00,kitchen,living,kitchen,kitchen,kitchen,outside,outside,entry,entry,living,bedroom_1,outside,living,bedroom_1,entry,living,outside,living,kitchen,living,kitchen,entry
18120,d12 Sat 14:00,kitchen,living,kitchen,kitchen,kitchen,outside,outside,entry,entry,living,bedroom_1,outside,living,bedroom_1,entry,living,outside,living,kitchen,living,kitchen,entry
18180,d12 Sat 15:00,kitchen,living,kitchen,kitchen,kitchen,living,living,entry,entry,living,bedroom_1,living,living,bedroom_1,entry,living,living,living,kitchen,living,kitchen,entry
18240,d12 Sat 16:00,kitchen,living,kitchen,kitchen,kitchen,living,living,entry,living,living,bedroom_1,living,living,bedroom_1,living,living,living,living,kitchen,living,kitchen,entry
18300,d12 Sat 17:00,kitchen,living,kitchen,kitchen,kitchen,living,living,entry,living,living,bedroom_1,living,living,bedroom_1,living,living,living,living,kitchen,living,kitchen,entry
18360,d12 Sat 18:00,kitchen,living,kitchen,kitchen,kitchen,living,living,entry,entry,living,bedroom_1,kitchen,living,bedroom_1,entry,living,living,living,kitchen,living,kitchen,entry
18420,d12 Sat 19:00,kitchen,living,kitchen,kitchen,kitchen,kitchen,living,entry,entry,living,bedroom_1,kitchen,living,bedroom_1,entry,living,kitchen,living,kitchen,living,kitchen,entry
18480,d12 Sat 20:00,kitchen,living,kitchen,kitchen,kitchen,living,living,entry,entry,living,bedroom_1,kitchen,living,bedroom_1,entry,living,living,living,kitchen,living,kitchen,entry
18540,d12 Sat 21:00,kitchen,living,kitchen,kitchen,kitchen,living,living,entry,entry,living,bedroom_1,kitchen,living,bedroom_1,entry,living,living,living,kitchen,living,kitchen,entry
18600,d12 Sat 22:00,kitchen,living,kitchen,kitchen,kitchen,living,living,entry,entry,living,bedroom_1,kitchen,living,bedroom_1,entry,living,living,living,kitchen,living,kitchen,entry
18660,d12 Sat 23:00,kitchen,living,kitchen,kitchen,kitchen,bedroom_1,living,entry,entry,living,bedroom_1,kitchen,living,bedroom_1,entry,living,bedroom_1,living,kitchen,living,kitchen,entry
18720,d13 Sun 00:00,kitchen,living,kitchen,kitchen,kitchen,bedroom_1,living,entry,entry,living,bedroom_1,kitchen,living,bedroom_1,entry,living,bedroom_1,living,kitchen,living,kitchen,entry
18780,d13 Sun 01:00,kitchen,living,kitchen,kitchen,kitchen,bedroom_1,living,entry,entry,living,bedroom_1,kitchen,living,bedroom_1,entry,living,bedroom_1,living,kitchen,living,kitchen,entry
18840,d13 Sun 02:00,kitchen,living,kitchen,kitchen,kitchen,bedroom_1,living,entry,entry,living,bedroom_1,kitchen,living,bedroom_1,entry,living,bedroom_1,living,kitchen,living,kitchen,entry
18900,d13 Sun 03:00,kitchen,living,kitchen,kitchen,kitchen,bedroom_1,living,entry,entry,living,bedroom_1,kitchen,living,bedroom_1,entry,living,bedroom_1,living,kitchen,living,kitchen,entry
18960,d13 Sun 04:00,kitchen,living,kitchen,kitchen,kitchen,bedroom_1,living,entry,entry,living,bedroom_1,kitchen,living,bedroom_1,entry,living,bedroom_1,living,kitchen,living,kitchen,entry
19020,d13 Sun 05:00,kitchen,living,kitchen,kitchen,kitchen,bedroom_1,living,entry,entry,living,bedroom_1,kitchen,living,bedroom_1,entry,living,bedroom_1,living,kitchen,living,kitchen,entry
19080,d13 Sun 06:00,kitchen,living,kitchen,kitchen,kitchen,bedroom_1,living,entry,entry,living,bedroom_1,kitchen,living,bedroom_1,entry,living,bedroom_1,living,kitchen,living,kitchen,entry
19140,d13 Sun 07:00,kitchen,living,kitchen,kitchen,kitchen,bedroom_1,living,entry,entry,living,bedroom_1,kitchen,living,bedroom_1,entry,living,bedroom_1,living,kitchen,living,kitchen,entry
19200,d13 Sun 08:00,kitchen,living,kitchen,kitchen,kitchen,kitchen,living,entry,entry,living,bedroom_1,kitchen,living,bedroom_1,entry,living,kitchen,living,kitchen,living,kitchen,entry
19260,d13 Sun 09:00,kitchen,living,kitchen,kitchen,kitchen,kitchen,living,entry,living,living,bedroom_1,living,living,bedroom_1,living,living,kitchen,living,kitchen,living,kitchen,entry
19320,d13 Sun 10:00,kitchen,living,kitchen,kitchen,kitchen,living,living,entry,entry,living,bedroom_1,living,living,bedroom_1,entry,living,living,living,kitchen,living,kitchen,entry
19380,d13 Sun 11:00,kitchen,living,kitchen,kitchen,kitchen,living,living,entry,entry,living,bedroom_1,living,living,bedroom_1,entry,living,living,living,kitchen,living,kitchen,entry
19440,d13 Sun 12:00,kitchen,living,kitchen,kitchen,kitchen,kitchen,kitchen,entry,entry,living,bedroom_1,living,living,bedroom_1,entry,living,kitchen,living,kitchen,living,kitchen,entry
19500,d13 Sun 13:00,kitchen,living,kitchen,kitchen,kitchen,kitchen,living,entry,entry,living,bedroom_1,living,living,bedroom_1,entry,living,kitchen,living,kitchen,living,kitchen,entry
19560,d13 Sun 14:00,kitchen,living,kitchen,kitchen,kitchen,outside,living,entry,entry,living,bedroom_1,living,living,bedroom_1,entry,living,outside,living,kitchen,living,kitchen,entry
19620,d13 Sun 15:00,kitchen,living,kitchen,kitchen,kitchen,living,living,entry,entry,living,bedroom_1,living,living,bedroom_1,entry,living,living,living,kitchen,living,kitchen,entry
19680,d13 Sun 16:00,kitchen,living,kitchen,kitchen,kitchen,living,living,entry,living,living,bedroom_1,living,living,bedroom_1,entry,living,living,living,kitchen,living,kitchen,entry
19740,d13 Sun 17:00,kitchen,living,kitchen,kitchen,kitchen,living,living,entry,living,living,bedroom_1,living,living,bedroom_1,entry,living,living,living,kitchen,living,kitchen,entry
19800,d13 Sun 18:00,kitchen,living,kitchen,kitchen,kitchen,living,living,entry,living,living,bedroom_1,living,living,bedroom_1,entry,living,living,living,kitchen,living,kitchen,entry
19860,d13 Sun 19:00,kitchen,living,kitchen,kitchen,kitchen,living,living,entry,living,living,bedroom_1,living,living,bedroom_1,entry,living,living,living,kitchen,living,kitchen,entry
19920,d13 Sun 20:00,kitchen,living,kitchen,kitchen,kitchen,living,living,entry,living,living,bedroom_1,living,living,bedroom_1,entry,living,living,living,kitchen,living,kitchen,entry
19980,d13 Sun 21:00,kitchen,living,kitchen,kitchen,kitchen,living,living,entry,living,living,bedroom_1,living,living,bedroom_1,entry,living,living,living,kitchen,living,kitchen,entry
20040,d13 Sun 22:00,kitchen,living,kitchen,kitchen,kitchen,bedroom_1,living,entry,living,living,bedroom_1,living,living,bedroom_1,entry,living,bedroom_1,living,kitchen,living,kitchen,entry
20100,d13 Sun 23:00,kitchen,living,kitchen,kitchen,kitchen,bedroom_1,living,entry,living,living,bedroom_1,living,living,bedroom_1,entry,living,bedroom_1,living,kitchen,living,kitchen,entry
20160,d14 Mon 00:00,kitchen,living,kitchen,kitchen,kitchen,bedroom_1,living,entry,living,living,bedroom_1,living,living,bedroom_1,entry,living,bedroom_1,living,kitchen,living,kitchen,entry
20220,d14 Mon 01:00,kitchen,living,kitchen,kitchen,kitchen,bedroom_1,living,entry,living,living,bedroom_1,living,living,bedroom_1,entry,living,bedroom_1,living,kitchen,living,kitchen,entry
20280,d14 Mon 02:00,kitchen,living,kitchen,kitchen,kitchen,bedroom_1,living,entry,living,living,bedroom_1,living,living,bedroom_1,entry,living,bedroom_1,living,kitchen,living,kitchen,entry
20340,d14 Mon 03:00,kitchen,living,kitchen,kitchen,kitchen,bedroom_1,living,entry,living,living,bedroom_1,living,living,bedroom_1,entry,living,bedroom_1,living,kitchen,living,kitchen,entry
20400,d14 Mon 04:00,kitchen,living,kitchen,kitchen,kitchen,bedroom_1,living,entry,living,living,bedroom_1,living,living,bedroom_1,entry,living,bedroom_1,living,kitchen,living,kitchen,entry
20460,d14 Mon 05:00,kitchen,living,kitchen,kitchen,kitchen,bedroom_1,living,entry,living,living,bedroom_1,living,living,bedroom_1,entry,living,bedroom_1,living,kitchen,living,kitchen,entry
20520,d14 Mon 06:00,kitchen,living,kitchen,kitchen,kitchen,bedroom_1,living,entry,living,living,bedroom_1,living,living,bedroom_1,entry,living,bedroom_1,living,kitchen,living,kitchen,entry
20580,d14 Mon 07:00,kitchen,living,kitchen,kitchen,kitchen,kitchen,bedroom_2,entry,living,living,bedroom_1,living,living,bedroom_1,entry,bedroom_2,kitchen,living,kitchen,living,kitchen,entry
20640,d14 Mon 08:00,kitchen,living,kitchen,kitchen,kitchen,kitchen,kitchen,entry,living,living,bedroom_1,living,living,bedroom_1,entry,kitchen,kitchen,living,kitchen,living,kitchen,entry
20700,d14 Mon 09:00,kitchen,living,kitchen,kitchen,kitchen,living,outside,entry,living,living,bedroom_1,living,living,bedroom_1,entry,living,living,living,kitchen,living,kitchen,entry
20760,d14 Mon 10:00,kitchen,living,kitchen,kitchen,kitchen,living,living,entry,living,living,bedroom_1,living,living,bedroom_1,entry,living,living,living,kitchen,living,kitchen,entry
20820,d14 Mon 11:00,kitchen,living,kitchen,kitchen,kitchen,living,living,entry,living,living,bedroom_1,living,living,bedroom_1,entry,living,living,living,kitchen,living,kitchen,entry
20880,d14 Mon 12:00,kitchen,living,kitchen,kitchen,kitchen,kitchen,kitchen,entry,living,living,bedroom_1,living,living,bedroom_1,entry,living,kitchen,living,kitchen,living,kitchen,entry
20940,d14 Mon 13:00,kitchen,living,kitchen,kitchen,kitchen,living,living,entry,living,living,bedroom_1,living,living,bedroom_1,entry,living,living,living,kitchen,living,kitchen,entry
21000,d14 Mon 14:00,kitchen,living,kitchen,kitchen,kitchen,living,living,entry,living,living,bedroom_1,living,living,bedroom_1,entry,living,living,living,kitchen,living,kitchen,entry
21060,d14 Mon 15:00,kitchen,living,kitchen,kitchen,kitchen,living,living,entry,living,living,bedroom_1,living,living,bedroom_1,entry,living,living,living,kitchen,living,kitchen,entry
21120,d14 Mon 16:00,kitchen,living,kitchen,kitchen,kitchen,living,living,entry,living,living,bedroom_1,living,living,bedroom_1,entry,living,living,living,kitchen,living,kitchen,entry
21180,d14 Mon 17:00,kitchen,living,kitchen,kitchen,kitchen,kitchen,living,entry,living,living,bedroom_1,living,living,bedroom_1,entry,living,kitchen,living,kitchen,living,kitchen,entry
21240,d14 Mon 18:00,kitchen,living,kitchen,kitchen,kitchen,kitchen,kitchen,entry,living,living,bedroom_1,living,living,bedroom_1,entry,living,kitchen,living,kitchen,living,kitchen,entry
21300,d14 Mon 19:00,kitchen,living,kitchen,kitchen,kitchen,living,living,entry,living,living,bedroom_1,living,living,bedroom_1,entry,living,living,living,kitchen,living,kitchen,entry
21360,d14 Mon 20:00,kitchen,living,kitchen,kitchen,kitchen,living,living,entry,living,living,bedroom_1,living,living,bedroom_1,entry,living,living,living,kitchen,living,kitchen,entry
21420,d14 Mon 21:00,kitchen,living,kitchen,kitchen,kitchen,living,living,entry,living,living,bedroom_1,living,living,bedroom_1,entry,living,living,living,kitchen,living,kitchen,entry
21480,d14 Mon 22:00,kitchen,living,kitchen,kitchen,kitchen,bedroom_1,living,entry,living,living,bedroom_1,living,living,bedroom_1,entry,living,bedroom_1,living,kitchen,living,kitchen,entry
21540,d14 Mon 23:00,kitchen,living,kitchen,kitchen,kitchen,bedroom_1,living,entry,living,living,bedroom_1,living,living,bedroom_1,entry,living,bedroom_1,living,kitchen,living,kitchen,entry
21600,d15 Tue 00:00,kitchen,living,kitchen,kitchen,kitchen,bedroom_1,living,entry,living,living,bedroom_1,living,living,bedroom_1,entry,living,bedroom_1,living,kitchen,living,kitchen,entry
21660,d15 Tue 01:00,kitchen,living,kitchen,kitchen,kitchen,bedroom_1,living,entry,living,living,bedroom_1,living,living,bedroom_1,entry,living,bedroom_1,living,kitchen,living,kitchen,entry
21720,d15 Tue 02:00,kitchen,living,kitchen,kitchen,kitchen,bedroom_1,living,entry,living,living,bedroom_1,living,living,bedroom_1,entry,living,bedroom_1,living,kitchen,living,kitchen,entry
21780,d15 Tue 03:00,kitchen,living,kitchen,kitchen,kitchen,bedroom_1,living,entry,living,living,bedroom_1,living,living,bedroom_1,entry,living,bedroom_1,living,kitchen,living,kitchen,entry
21840,d15 Tue 04:00,kitchen,living,kitchen,kitchen,kitchen,bedroom_1,living,entry,living,living,bedroom_1,living,living,bedroom_1,entry,living,bedroom_1,living,kitchen,living,kitchen,entry
21900,d15 Tue 05:00,kitchen,living,kitchen,kitchen,kitchen,bedroom_1,living,entry,living,living,bedroom_1,living,living,bedroom_1,entry,living,bedroom_1,living,kitchen,living,kitchen,entry
21960,d15 Tue 06:00,kitchen,living,kitchen,kitchen,kitchen,bedroom_1,living,entry,living,living,bedroom_1,living,living,bedroom_1,entry,living,bedroom_1,living,kitchen,living,kitchen,entry
22020,d15 Tue 07:00,kitchen,kitchen,kitchen,kitchen,kitchen,kitchen,bedroom_2,entry,living,living,bedroom_1,living,living,bedroom_1,entry,bedroom_2,kitchen,living,kitchen,living,kitchen,entry
22080,d15 Tue 08:00,kitchen,kitchen,kitchen,kitchen,kitchen,outside,kitchen,entry,living,living,bedroom_1,living,living,bedroom_1,entry,kitchen,outside,living,kitchen,living,kitchen,entry
22140,d15 Tue 09:00,kitchen,living,kitchen,kitchen,kitchen,outside,kitchen,entry,living,living,bedroom_1,living,living,bedroom_1,entry,living,outside,living,kitchen,living,kitchen,entry
22200,d15 Tue 10:00,kitchen,living,kitchen,kitchen,kitchen,outside,living,entry,living,living,bedroom_1,living,living,bedroom_1,entry,living,outside,living,kitchen,living,kitchen,entry
22260,d15 Tue 11:00,kitchen,living,kitchen,kitchen,kitchen,outside,living,entry,living,living,bedroom_1,living,living,bedroom_1,entry,living,outside,living,kitchen,living,kitchen,entry
22320,d15 Tue 12:00,kitchen,living,kitchen,kitchen,kitchen,outside,living,entry,living,living,bedroom_1,living,living,bedroom_1,entry,living,outside,living,kitchen,living,kitchen,entry
22380,d15 Tue 13:00,kitchen,living,kitchen,kitchen,kitchen,kitchen,living,entry,living,living,bedroom_1,living,living,bedroom_1,entry,living,kitchen,living,kitchen,living,kitchen,entry
22440,d15 Tue 14:00,kitchen,living,kitchen,kitchen,kitchen,living,kitchen,entry,living,living,bedroom_1,living,living,bedroom_1,entry,living,living,living,kitchen,living,kitchen,entry
22500,d15 Tue 15:00,kitchen,living,kitchen,kitchen,kitchen,living,kitchen,entry,living,living,bedroom_1,living,living,bedroom_1,entry,living,living,living,kitchen,living,kitchen,entry
22560,d15 Tue 16:00,kitchen,living,kitchen,kitchen,kitchen,living,kitchen,entry,living,living,bedroom_1,living,living,bedroom_1,entry,living,living,living,kitchen,living,kitchen,entry
22620,d15 Tue 17:00,kitchen,living,kitchen,kitchen,kitchen,living,kitchen,entry,living,living,bedroom_1,living,living,bedroom_1,entry,living,living,living,kitchen,living,kitchen,entry
22680,d15 Tue 18:00,kitchen,living,kitchen,kitchen,kitchen,kitchen,kitchen,entry,living,living,bedroom_1,living,living,bedroom_1,entry,living,kitchen,living,kitchen,living,kitchen,entry
22740,d15 Tue 19:00,kitchen,living,kitchen,kitchen,kitchen,living,kitchen,entry,living,living,bedroom_1,living,living,bedroom_1,entry,living,living,living,kitchen,living,kitchen,entry
22800,d15 Tue 20:00,kitchen,living,kitchen,kitchen,kitchen,living,kitchen,entry,living,living,bedroom_1,living,living,bedroom_1,entry,living,living,living,kitchen,living,kitchen,entry
22860,d15 Tue 21:00,kitchen,living,kitchen,kitchen,kitchen,living,kitchen,entry,living,living,bedroom_1,living,living,bedroom_1,entry,living,living,living,kitchen,living,kitchen,entry
22920,d15 Tue 22:00,kitchen,living,kitchen,kitchen,kitchen,bedroom_1,kitchen,entry,living,living,bedroom_1,living,living,bedroom_1,entry,living,bedroom_1,living,kitchen,living,kitchen,entry
22980,d15 Tue 23:00,kitchen,living,kitchen,kitchen,kitchen,bedroom_1,kitchen,entry,living,living,bedroom_1,living,living,bedroom_1,entry,living,bedroom_1,living,kitchen,living,kitchen,entry
23040,d16 Wed 00:00,kitchen,living,kitchen,kitchen,kitchen,bedroom_1,kitchen,entry,living,living,bedroom_1,living,living,bedroom_1,entry,living,bedroom_1,living,kitchen,living,kitchen,entry
23100,d16 Wed 01:00,kitchen,living,kitchen,kitchen,kitchen,bedroom_1,kitchen,entry,living,living,bedroom_1,living,living,bedroom_1,entry,living,bedroom_1,living,kitchen,living,kitchen,entry
23160,d16 Wed 02:00,kitchen,living,kitchen,kitchen,kitchen,bedroom_1,kitchen,entry,living,living,bedroom_1,living,living,bedroom_1,entry,living,bedroom_1,living,kitchen,living,kitchen,entry
23220,d16 Wed 03:00,kitchen,living,kitchen,kitchen,kitchen,bedroom_1,kitchen,entry,living,living,bedroom_1,living,living,bedroom_1,entry,living,bedroom_1,living,kitchen,living,kitchen,entry
23280,d16 Wed 04:00,kitchen,living,kitchen,kitchen,kitchen,bedroom_1,kitchen,entry,living,living,bedroom_1,living,living,bedroom_1,entry,living,bedroom_1,living,kitchen,living,kitchen,entry
23340,d16 Wed 05:00,kitchen,living,kitchen,kitchen,kitchen,bedroom_1,kitchen,entry,living,living,bedroom_1,living,living,bedroom_1,entry,living,bedroom_1,living,kitchen,living,kitchen,entry
23400,d16 Wed 06:00,kitchen,living,kitchen,kitchen,kitchen,bedroom_1,kitchen,entry,living,living,bedroom_1,living,living,bedroom_1,entry,living,bedroom_1,living,kitchen,living,kitchen,entry
23460,d16 Wed 07:00,kitchen,living,kitchen,kitchen,kitchen,bedroom_1,kitchen,entry,living,living,bedroom_1,living,living,bedroom_1,entry,living,bedroom_1,living,kitchen,living,kitchen,entry
23520,d16 Wed 08:00,kitchen,living,kitchen,kitchen,kitchen,outside,kitchen,entry,entry,living,bedroom_1,living,living,bedroom_1,entry,kitchen,outside,living,kitchen,living,kitchen,entry
23580,d16 Wed 09:00,kitchen,living,kitchen,kitchen,kitchen,outside,outside,entry,entry,living,bedroom_1,living,living,bedroom_1,entry,kitchen,outside,living,kitchen,living,kitchen,entry
23640,d16 Wed 10:00,kitchen,living,kitchen,kitchen,kitchen,living,living,entry,outside,living,bedroom_1,living,living,bedroom_1,outside,kitchen,living,outside,kitchen,living,kitchen,entry
23700,d16 Wed 11:00,kitchen,living,kitchen,kitchen,kitchen,living,living,entry,outside,living,bedroom_1,living,living,bedroom_1,outside,kitchen,living,outside,kitchen,living,kitchen,entry
23760,d16 Wed 12:00,kitchen,living,kitchen,kitchen,kitchen,kitchen,living,entry,living,living,bedroom_1,living,living,bedroom_1,entry,kitchen,kitchen,living,kitchen,living,kitchen,entry
23820,d16 Wed 13:00,kitchen,living,kitchen,kitchen,kitchen,living,living,entry,living,living,bedroom_1,living,living,bedroom_1,entry,kitchen,living,living,kitchen,living,kitchen,entry
23880,d16 Wed 14:00,kitchen,living,kitchen,kitchen,kitchen,living,living,entry,living,living,bedroom_1,living,living,bedroom_1,entry,kitchen,living,living,kitchen,living,kitchen,entry
23940,d16 Wed 15:00,kitchen,living,kitchen,kitchen,kitchen,living,living,entry,living,living,bedroom_1,living,living,bedroom_1,entry,kitchen,living,living,kitchen,living,kitchen,entry
24000,d16 Wed 16:00,kitchen,living,kitchen,kitchen,kitchen,living,living,entry,living,living,bedroom_1,living,living,bedroom_1,entry,kitchen,living,living,kitchen,living,kitchen,entry
24060,d16 Wed 17:00,kitchen,living,kitchen,kitchen,kitchen,living,living,entry,living,living,bedroom_1,living,living,bedroom_1,entry,kitchen,living,living,kitchen,living,kitchen,entry
24120,d16 Wed 18:00,kitchen,living,kitchen,kitchen,kitchen,kitchen,living,entry,living,living,bedroom_1,living,living,bedroom_1,entry,kitchen,kitchen,living,kitchen,living,kitchen,entry
24180,d16 Wed 19:00,kitchen,living,kitchen,kitchen,kitchen,living,living,entry,living,living,bedroom_1,living,living,bedroom_1,entry,kitchen,living,living,kitchen,living,kitchen,entry
24240,d16 Wed 20:00,kitchen,living,kitchen,kitchen,kitchen,living,living,entry,living,living,bedroom_1,living,living,bedroom_1,entry,kitchen,living,living,kitchen,living,kitchen,entry
24300,d16 Wed 21:00,kitchen,living,kitchen,kitchen,kitchen,living,living,entry,living,living,bedroom_1,living,living,bedroom_1,entry,kitchen,living,living,kitchen,living,kitchen,entry
24360,d16 Wed 22:00,kitchen,living,kitchen,kitchen,kitchen,bedroom_1,living,entry,living,living,bedroom_1,living,living,bedroom_1,entry,kitchen,bedroom_1,living,kitchen,living,kitchen,entry
24420,d16 Wed 23:00,kitchen,living,kitchen,kitchen,kitchen,bedroom_1,living,entry,living,living,bedroom_1,living,living,bedroom_1,entry,kitchen,bedroom_1,living,kitchen,living,kitchen,entry
24480,d17 Thu 00:00,kitchen,living,kitchen,kitchen,kitchen,bedroom_1,living,entry,living,living,bedroom_1,living,living,bedroom_1,entry,kitchen,bedroom_1,living,kitchen,living,kitchen,entry
24540,d17 Thu 01:00,kitchen,living,kitchen,kitchen,kitchen,bedroom_1,living,entry,living,living,bedroom_1,living,living,bedroom_1,entry,kitchen,bedroom_1,living,kitchen,living,kitchen,entry
24600,d17 Thu 02:00,kitchen,living,kitchen,kitchen,kitchen,bedroom_1,living,entry,living,living,bedroom_1,living,living,bedroom_1,entry,kitchen,bedroom_1,living,kitchen,living,kitchen,entry
24660,d17 Thu 03:00,kitchen,living,kitchen,kitchen,kitchen,bedroom_1,living,entry,living,living,bedroom_1,living,living,bedroom_1,entry,kitchen,bedroom_1,living,kitchen,living,kitchen,entry
24720,d17 Thu 04:00,kitchen,living,kitchen,kitchen,kitchen,bedroom_1,living,entry,living,living,bedroom_1,living,living,bedroom_1,entry,kitchen,bedroom_1,living,kitchen,living,kitchen,entry
24780,d17 Thu 05:00,kitchen,living,kitchen,kitchen,kitchen,bedroom_1,living,entry,living,living,bedroom_1,living,living,bedroom_1,entry,kitchen,bedroom_1,living,kitchen,living,kitchen,entry
24840,d17 Thu 06:00,kitchen,living,kitchen,kitchen,kitchen,bedroom_1,living,entry,living,living,bedroom_1,living,living,bedroom_1,entry,kitchen,bedroom_1,living,kitchen,living,kitchen,entry
24900,d17 Thu 07:00,kitchen,living,kitchen,kitchen,kitchen,bedroom_1,living,entry,living,living,bedroom_1,living,living,bedroom_1,entry,kitchen,bedroom_1,living,kitchen,living,kitchen,entry
24960,d17 Thu 08:00,kitchen,living,kitchen,kitchen,kitchen,living,kitchen,entry,living,living,bedroom_1,living,living,bedroom_1,entry,living,living,living,kitchen,living,kitchen,entry
25020,d17 Thu 09:00,kitchen,living,kitchen,kitchen,kitchen,living,living,entry,living,living,bedroom_1,living,living,bedroom_1,entry,living,living,living,kitchen,living,kitchen,entry
25080,d17 Thu 10:00,kitchen,living,kitchen,kitchen,kitchen,living,living,entry,living,living,bedroom_1,living,living,bedroom_1,entry,kitchen,living,living,kitchen,living,kitchen,entry
25140,d17 Thu 11:00,kitchen,living,kitchen,kitchen,kitchen,living,living,entry,living,living,bedroom_1,living,living,bedroom_1,entry,kitchen,living,living,kitchen,living,kitchen,entry
25200,d17 Thu 12:00,kitchen,living,kitchen,kitchen,kitchen,kitchen,kitchen,entry,living,living,bedroom_1,living,living,bedroom_1,entry,kitchen,kitchen,living,kitchen,living,kitchen,entry
25260,d17 Thu 13:00,kitchen,living,kitchen,kitchen,kitchen,living,living,entry,living,living,bedroom_1,living,living,bedroom_1,entry,kitchen,living,living,kitchen,living,kitchen,entry
25320,d17 Thu 14:00,kitchen,living,kitchen,kitchen,kitchen,living,living,entry,entry,living,bedroom_1,living,living,bedroom_1,entry,kitchen,living,living,kitchen,living,kitchen,entry
25380,d17 Thu 15:00,kitchen,living,kitchen,kitchen,kitchen,living,living,entry,entry,living,bedroom_1,living,living,bedroom_1,entry,kitchen,living,living,kitchen,living,kitchen,entry
25440,d17 Thu 16:00,kitchen,living,kitchen,kitchen,kitchen,living,living,entry,entry,living,bedroom_1,living,living,bedroom_1,entry,kitchen,living,living,kitchen,living,kitchen,entry
25500,d17 Thu 17:00,kitchen,living,kitchen,kitchen,kitchen,living,living,entry,entry,living,bedroom_1,living,living,bedroom_1,entry,kitchen,living,living,kitchen,living,kitchen,entry
25560,d17 Thu 18:00,kitchen,living,kitchen,kitchen,kitchen,kitchen,kitchen,entry,entry,living,bedroom_1,living,living,bedroom_1,entry,kitchen,kitchen,living,kitchen,living,kitchen,entry
25620,d17 Thu 19:00,kitchen,living,kitchen,kitchen,kitchen,living,living,entry,entry,living,bedroom_1,living,living,bedroom_1,entry,kitchen,living,living,kitchen,living,kitchen,entry
25680,d17 Thu 20:00,kitchen,living,kitchen,kitchen,kitchen,living,living,entry,entry,living,bedroom_1,living,living,bedroom_1,entry,kitchen,living,living,kitchen,living,kitchen,entry
25740,d17 Thu 21:00,kitchen,living,kitchen,kitchen,kitchen,living,living,entry,entry,living,bedroom_1,living,living,bedroom_1,entry,kitchen,living,living,kitchen,living,kitchen,entry
25800,d17 Thu 22:00,kitchen,living,kitchen,kitchen,kitchen,bedroom_1,living,entry,entry,living,bedroom_1,living,living,bedroom_1,entry,kitchen,bedroom_1,living,kitchen,living,kitchen,entry
25860,d17 Thu 23:00,kitchen,living,kitchen,kitchen,kitchen,bedroom_1,bedroom_2,entry,entry,living,bedroom_1,living,living,bedroom_1,entry,kitchen,bedroom_1,living,kitchen,living,kitchen,entry
25920,d18 Fri 00:00,kitchen,living,kitchen,kitchen,kitchen,bedroom_1,bedroom_2,entry,entry,living,bedroom_1,living,living,bedroom_1,entry,kitchen,bedroom_1,living,kitchen,living,kitchen,entry
25980,d18 Fri 01:00,kitchen,living,kitchen,kitchen,kitchen,bedroom_1,bedroom_2,entry,entry,living,bedroom_1,living,living,bedroom_1,entry,kitchen,bedroom_1,living,kitchen,living,kitchen,entry
26040,d18 Fri 02:00,kitchen,living,kitchen,kitchen,kitchen,bedroom_1,bedroom_2,entry,entry,living,bedroom_1,living,living,bedroom_1,entry,kitchen,bedroom_1,living,kitchen,living,kitchen,entry
26100,d18 Fri 03:00,kitchen,living,kitchen,kitchen,kitchen,bedroom_1,bedroom_2,entry,entry,living,bedroom_1,living,living,bedroom_1,entry,kitchen,bedroom_1,living,kitchen,living,kitchen,entry
26160,d18 Fri 04:00,kitchen,living,kitchen,kitchen,kitchen,bedroom_1,bedroom_2,entry,entry,living,bedroom_1,living,living,bedroom_1,entry,kitchen,bedroom_1,living,kitchen,living,kitchen,entry
26220,d18 Fri 05:00,kitchen,living,kitchen,kitchen,kitchen,bedroom_1,bedroom_2,entry,entry,living,bedroom_1,living,living,bedroom_1,entry,kitchen,bedroom_1,living,kitchen,living,kitchen,entry
26280,d18 Fri 06:00,kitchen,living,kitchen,kitchen,kitchen,bedroom_1,bedroom_2,entry,entry,living,bedroom_1,living,living,bedroom_1,entry,kitchen,bedroom_1,living,kitchen,living,kitchen,entry
26340,d18 Fri 07:00,kitchen,living,kitchen,kitchen,kitchen,bedroom_1,bedroom_2,entry,entry,living,bedroom_1,living,living,bedroom_1,entry,kitchen,bedroom_1,living,kitchen,living,kitchen,entry
26400,d18 Fri 08:00,kitchen,living,kitchen,kitchen,kitchen,outside,kitchen,entry,entry,living,bedroom_1,kitchen,living,bedroom_1,entry,kitchen,outside,living,kitchen,living,kitchen,entry
26460,d18 Fri 09:00,kitchen,living,kitchen,kitchen,kitchen,outside,living,entry,entry,living,bedroom_1,kitchen,living,bedroom_1,entry,kitchen,outside,living,kitchen,living,kitchen,entry
26520,d18 Fri 10:00,kitchen,living,kitchen,kitchen,kitchen,outside,living,entry,entry,living,bedroom_1,kitchen,living,bedroom_1,entry,kitchen,outside,living,kitchen,living,kitchen,entry
26580,d18 Fri 11:00,kitchen,living,kitchen,kitchen,kitchen,outside,living,entry,entry,living,bedroom_1,kitchen,living,bedroom_1,entry,kitchen,outside,living,kitchen,living,kitchen,entry
26640,d18 Fri 12:00,kitchen,living,kitchen,kitchen,kitchen,outside,kitchen,entry,entry,living,bedroom_1,kitchen,living,bedroom_1,entry,kitchen,outside,living,kitchen,living,kitchen,entry
26700,d18 Fri 13:00,kitchen,living,kitchen,kitchen,kitchen,living,living,entry,entry,living,bedroom_1,kitchen,living,bedroom_1,entry,kitchen,living,living,kitchen,living,kitchen,entry
26760,d18 Fri 14:00,kitchen,living,kitchen,kitchen,kitchen,living,living,entry,entry,living,bedroom_1,kitchen,living,bedroom_1,entry,kitchen,living,living,kitchen,living,kitchen,entry
26820,d18 Fri 15:00,kitchen,living,kitchen,kitchen,kitchen,living,living,entry,entry,living,bedroom_1,kitchen,living,bedroom_1,entry,kitchen,living,living,kitchen,living,kitchen,entry
26880,d18 Fri 16:00,kitchen,living,kitchen,kitchen,kitchen,living,living,entry,entry,living,bedroom_1,kitchen,living,bedroom_1,entry,kitchen,living,living,kitchen,living,kitchen,entry
26940,d18 Fri 17:00,kitchen,living,kitchen,kitchen,kitchen,living,kitchen,entry,entry,living,bedroom_1,kitchen,living,bedroom_1,entry,kitchen,living,living,kitchen,living,kitchen,entry
27000,d18 Fri 18:00,kitchen,living,kitchen,kitchen,kitchen,kitchen,kitchen,entry,entry,living,bedroom_1,kitchen,living,bedroom_1,entry,kitchen,kitchen,living,kitchen,living,kitchen,entry
27060,d18 Fri 19:00,kitchen,living,kitchen,kitchen,kitchen,living,kitchen,entry,entry,living,bedroom_1,kitchen,living,bedroom_1,entry,kitchen,living,living,kitchen,living,kitchen,entry
27120,d18 Fri 20:00,kitchen,living,kitchen,kitchen,kitchen,living,kitchen,entry,entry,living,bedroom_1,kitchen,living,bedroom_1,entry,kitchen,living,living,kitchen,living,kitchen,entry
27180,d18 Fri 21:00,kitchen,living,kitchen,kitchen,kitchen,living,kitchen,entry,entry,living,bedroom_1,kitchen,living,bedroom_1,entry,kitchen,living,living,kitchen,living,kitchen,entry
27240,d18 Fri 22:00,kitchen,living,kitchen,kitchen,kitchen,bedroom_1,kitchen,entry,entry,living,bedroom_1,kitchen,living,bedroom_1,entry,kitchen,bedroom_1,living,kitchen,living,kitchen,entry
27300,d18 Fri 23:00,kitchen,living,kitchen,kitchen,kitchen,bedroom_1,kitchen,entry,entry,living,bedroom_1,kitchen,living,bedroom_1,entry,kitchen,bedroom_1,living,kitchen,living,kitchen,entry
27360,d19 Sat 00:00,kitchen,living,kitchen,kitchen,kitchen,bedroom_1,kitchen,entry,entry,living,bedroom_1,kitchen,living,bedroom_1,entry,kitchen,bedroom_1,living,kitchen,living,kitchen,entry
27420,d19 Sat 01:00,kitchen,living,kitchen,kitchen,kitchen,bedroom_1,kitchen,entry,entry,living,bedroom_1,kitchen,living,bedroom_1,entry,kitchen,bedroom_1,living,kitchen,living,kitchen,entry
27480,d19 Sat 02:00,kitchen,living,kitchen,kitchen,kitchen,bedroom_1,kitchen,entry,entry,living,bedroom_1,kitchen,living,bedroom_1,entry,kitchen,bedroom_1,living,kitchen,living,kitchen,entry
27540,d19 Sat 03:00,kitchen,living,kitchen,kitchen,kitchen,bedroom_1,kitchen,entry,entry,living,bedroom_1,kitchen,living,bedroom_1,entry,kitchen,bedroom_1,living,kitchen,living,kitchen,entry
27600,d19 Sat 04:00,kitchen,living,kitchen,kitchen,kitchen,bedroom_1,kitchen,entry,entry,living,bedroom_1,kitchen,living,bedroom_1,entry,kitchen,bedroom_1,living,kitchen,living,kitchen,entry
27660,d19 Sat 05:00,kitchen,living,kitchen,kitchen,kitchen,bedroom_1,kitchen,entry,entry,living,bedroom_1,kitchen,living,bedroom_1,entry,kitchen,bedroom_1,living,kitchen,living,kitchen,entry
27720,d19 Sat 06:00,kitchen,living,kitchen,kitchen,kitchen,bedroom_1,kitchen,entry,entry,living,bedroom_1,kitchen,living,bedroom_1,entry,kitchen,bedroom_1,living,kitchen,living,kitchen,entry
27780,d19 Sat 07:00,kitchen,living,kitchen,kitchen,kitchen,bedroom_1,kitchen,entry,entry,living,bedroom_1,kitchen,living,bedroom_1,entry,kitchen,bedroom_1,living,kitchen,living,kitchen,entry
27840,d19 Sat 08:00,kitchen,living,kitchen,kitchen,kitchen,outside,bedroom_2,entry,entry,living,bedroom_1,kitchen,living,bedroom_1,entry,bedroom_2,outside,living,kitchen,living,kitchen,entry
27900,d19 Sat 09:00,kitchen,kitchen,kitchen,kitchen,kitchen,outside,kitchen,entry,entry,living,bedroom_1,kitchen,living,bedroom_1,entry,kitchen,outside,living,kitchen,living,kitchen,entry
27960,d19 Sat 10:00,kitchen,living,kitchen,kitchen,kitchen,kitchen,outside,entry,entry,living,bedroom_1,kitchen,living,bedroom_1,entry,living,kitchen,living,kitchen,living,kitchen,entry
28020,d19 Sat 11:00,kitchen,living,kitchen,kitchen,kitchen,kitchen,living,entry,living,living,bedroom_1,kitchen,living,bedroom_1,entry,living,kitchen,living,kitchen,living,kitchen,entry
28080,d19 Sat 12:00,kitchen,living,kitchen,kitchen,kitchen,kitchen,kitchen,entry,living,living,bedroom_1,kitchen,living,bedroom_1,entry,living,kitchen,living,kitchen,living,kitchen,entry
28140,d19 Sat 13:00,kitchen,living,kitchen,kitchen,kitchen,living,living,entry,living,living,bedroom_1,kitchen,living,bedroom_1,entry,living,living,living,kitchen,living,kitchen,entry
28200,d19 Sat 14:00,kitchen,living,kitchen,kitchen,kitchen,living,living,entry,living,living,bedroom_1,kitchen,living,bedroom_1,entry,living,living,living,kitchen,living,kitchen,entry
28260,d19 Sat 15:00,kitchen,living,kitchen,kitchen,kitchen,living,living,entry,living,living,bedroom_1,kitchen,living,bedroom_1,entry,living,living,living,kitchen,living,kitchen,entry
28320,d19 Sat 16:00,kitchen,living,kitchen,kitchen,kitchen,living,living,entry,living,living,bedroom_1,kitchen,living,bedroom_1,entry,living,living,living,kitchen,living,kitchen,entry
28380,d19 Sat 17:00,kitchen,living,kitchen,kitchen,kitchen,living,living,entry,living,living,bedroom_1,kitchen,living,bedroom_1,entry,living,living,living,kitchen,living,kitchen,entry
28440,d19 Sat 18:00,kitchen,living,kitchen,kitchen,kitchen,kitchen,kitchen,entry,living,living,bedroom_1,kitchen,living,bedroom_1,entry,living,kitchen,living,kitchen,living,kitchen,entry
28500,d19 Sat 19:00,kitchen,living,kitchen,kitchen,kitchen,living,kitchen,entry,living,living,bedroom_1,kitchen,living,bedroom_1,entry,living,living,living,kitchen,living,kitchen,entry
28560,d19 Sat 20:00,kitchen,living,kitchen,kitchen,kitchen,living,living,entry,living,living,bedroom_1,kitchen,living,bedroom_1,entry,living,living,living,kitchen,living,kitchen,entry
28620,d19 Sat 21:00,kitchen,living,kitchen,kitchen,kitchen,living,living,entry,living,living,bedroom_1,kitchen,living,bedroom_1,entry,living,living,living,kitchen,living,kitchen,entry
28680,d19 Sat 22:00,kitchen,living,kitchen,kitchen,kitchen,bedroom_1,living,entry,living,living,bedroom_1,kitchen,living,bedroom_1,entry,living,bedroom_1,living,kitchen,living,kitchen,entry
28740,d19 Sat 23:00,kitchen,living,kitchen,kitchen,kitchen,bedroom_1,bedroom_2,entry,living,living,bedroom_1,kitchen,living,bedroom_1,entry,living,bedroom_1,living,kitchen,living,kitchen,entry
28800,d20 Sun 00:00,kitchen,living,kitchen,kitchen,kitchen,bedroom_1,bedroom_2,entry,living,living,bedroom_1,kitchen,living,bedroom_1,entry,living,bedroom_1,living,kitchen,living,kitchen,entry
28860,d20 Sun 01:00,kitchen,living,kitchen,kitchen,kitchen,bedroom_1,bedroom_2,entry,living,living,bedroom_1,kitchen,living,bedroom_1,entry,living,bedroom_1,living,kitchen,living,kitchen,entry
28920,d20 Sun 02:00,kitchen,living,kitchen,kitchen,kitchen,bedroom_1,bedroom_2,entry,living,living,bedroom_1,kitchen,living,bedroom_1,entry,living,bedroom_1,living,kitchen,living,kitchen,entry
28980,d20 Sun 03:00,kitchen,living,kitchen,kitchen,kitchen,bedroom_1,bedroom_2,entry,living,living,bedroom_1,kitchen,living,bedroom_1,entry,living,bedroom_1,living,kitchen,living,kitchen,entry
29040,d20 Sun 04:00,kitchen,living,kitchen,kitchen,kitchen,bedroom_1,bedroom_2,entry,living,living,bedroom_1,kitchen,living,bedroom_1,entry,living,bedroom_1,living,kitchen,living,kitchen,entry
29100,d20 Sun 05:00,kitchen,living,kitchen,kitchen,kitchen,bedroom_1,bedroom_2,entry,living,living,bedroom_1,kitchen,living,bedroom_1,entry,living,bedroom_1,living,kitchen,living,kitchen,entry
29160,d20 Sun 06:00,kitchen,living,kitchen,kitchen,kitchen,bedroom_1,bedroom_2,entry,living,living,bedroom_1,kitchen,living,bedroom_1,entry,living,bedroom_1,living,kitchen,living,kitchen,entry
29220,d20 Sun 07:00,kitchen,living,kitchen,kitchen,kitchen,bedroom_1,bedroom_2,entry,living,living,bedroom_1,kitchen,living,bedroom_1,entry,living,bedroom_1,living,kitchen,living,kitchen,entry
29280,d20 Sun 08:00,kitchen,living,kitchen,kitchen,kitchen,kitchen,bedroom_2,entry,bedroom_2,living,bedroom_1,kitchen,living,bedroom_1,bedroom_2,bedroom_2,kitchen,bedroom_2,kitchen,living,kitchen,entry
29340,d20 Sun 09:00,kitchen,living,kitchen,kitchen,kitchen,kitchen,living,entry,living,living,bedroom_1,kitchen,living,bedroom_1,living,living,kitchen,living,kitchen,living,kitchen,entry
29400,d20 Sun 10:00,kitchen,living,kitchen,kitchen,kitchen,kitchen,living,entry,living,living,bedroom_1,kitchen,living,bedroom_1,living,living,kitchen,living,kitchen,living,kitchen,entry
29460,d20 Sun 11:00,kitchen,living,kitchen,kitchen,kitchen,kitchen,living,entry,living,living,bedroom_1,kitchen,living,bedroom_1,living,living,kitchen,living,kitchen,living,kitchen,entry
29520,d20 Sun 12:00,kitchen,living,kitchen,kitchen,kitchen,kitchen,kitchen,entry,kitchen,living,bedroom_1,kitchen,living,bedroom_1,kitchen,living,kitchen,kitchen,kitchen,living,kitchen,entry
29580,d20 Sun 13:00,kitchen,living,kitchen,kitchen,kitchen,outside,outside,entry,entry,living,bedroom_1,kitchen,living,bedroom_1,entry,living,outside,living,kitchen,living,kitchen,entry
29640,d20 Sun 14:00,kitchen,living,kitchen,kitchen,kitchen,outside,outside,entry,entry,living,bedroom_1,kitchen,living,bedroom_1,entry,living,outside,living,kitchen,living,kitchen,entry
29700,d20 Sun 15:00,kitchen,living,kitchen,kitchen,kitchen,living,outside,entry,living,living,bedroom_1,kitchen,living,bedroom_1,entry,living,living,living,kitchen,living,kitchen,entry
29760,d20 Sun 16:00,kitchen,living,kitchen,kitchen,kitchen,living,living,entry,living,living,bedroom_1,kitchen,living,bedroom_1,entry,living,living,living,kitchen,living,kitchen,entry
29820,d20 Sun 17:00,kitchen,living,kitchen,kitchen,kitchen,living,living,entry,living,living,bedroom_1,kitchen,living,bedroom_1,entry,living,living,living,kitchen,living,kitchen,entry
29880,d20 Sun 18:00,kitchen,living,kitchen,kitchen,kitchen,kitchen,living,entry,living,living,bedroom_1,kitchen,living,bedroom_1,entry,living,kitchen,living,kitchen,living,kitchen,entry
29940,d20 Sun 19:00,kitchen,living,kitchen,kitchen,kitchen,living,living,entry,living,living,bedroom_1,kitchen,living,bedroom_1,entry,living,living,living,kitchen,living,kitchen,entry
30000,d20 Sun 20:00,kitchen,living,kitchen,kitchen,kitchen,living,living,entry,living,living,bedroom_1,kitchen,living,bedroom_1,entry,living,living,living,kitchen,living,kitchen,entry
30060,d20 Sun 21:00,kitchen,living,kitchen,kitchen,kitchen,living,living,entry,living,living,bedroom_1,kitchen,living,bedroom_1,entry,living,living,living,kitchen,living,kitchen,entry
30120,d20 Sun 22:00,kitchen,living,kitchen,kitchen,kitchen,bedroom_1,bedroom_2,entry,living,living,bedroom_1,kitchen,living,bedroom_1,entry,living,bedroom_1,living,kitchen,living,kitchen,entry
30180,d20 Sun 23:00,kitchen,living,kitchen,kitchen,kitchen,bedroom_1,bedroom_2,entry,living,living,bedroom_1,kitchen,living,bedroom_1,entry,living,bedroom_1,living,kitchen,living,kitchen,entry
