agent,belief,policy,budget_per_day,stratum_type,stratum,n_questions,task_accuracy,belief_accuracy,attention_gap,mean_budget_per_question,mean_budget_per_day
"LastObservation+FixedSchedule(k=6.0h,n_rot=4)",LastObservation,"FixedSchedule(k=6.0h,n_rot=4)",2,overall,all,308,0.7337662337662337,0.7133307868601986,0.02043544690603516,0.07142857142857142,2.0
"LastObservation+FixedSchedule(k=6.0h,n_rot=4)",LastObservation,"FixedSchedule(k=6.0h,n_rot=4)",2,object_class,blanket,13,1.0,1.0,0.0,0.15384615384615385,2.0
"LastObservation+FixedSchedule(k=6.0h,n_rot=4)",LastObservation,"FixedSchedule(k=6.0h,n_rot=4)",2,object_class,book,16,0.625,0.625,0.0,0.0625,2.0
"LastObservation+FixedSchedule(k=6.0h,n_rot=4)",LastObservation,"FixedSchedule(k=6.0h,n_rot=4)",2,object_class,bowl,30,0.7666666666666667,0.7,0.06666666666666676,0.03333333333333333,2.0
"LastObservation+FixedSchedule(k=6.0h,n_rot=4)",LastObservation,"FixedSchedule(k=6.0h,n_rot=4)",2,object_class,charger,14,1.0,1.0,0.0,0.0,2.0
"LastObservation+FixedSchedule(k=6.0h,n_rot=4)",LastObservation,"FixedSchedule(k=6.0h,n_rot=4)",2,object_class,headphones,29,0.4827586206896552,0.4827586206896552,0.0,0.0,2.0
"LastObservation+FixedSchedule(k=6.0h,n_rot=4)",LastObservation,"FixedSchedule(k=6.0h,n_rot=4)",2,object_class,jacket,21,0.8095238095238095,0.8095238095238095,0.0,0.14285714285714285,2.0
"LastObservation+FixedSchedule(k=6.0h,n_rot=4)",LastObservation,"FixedSchedule(k=6.0h,n_rot=4)",2,object_class,keys,16,1.0,1.0,0.0,0.0625,2.0
"LastObservation+FixedSchedule(k=6.0h,n_rot=4)",LastObservation,"FixedSchedule(k=6.0h,n_rot=4)",2,object_class,medication_bottle,20,1.0,1.0,0.0,0.05,2.0
"LastObservation+FixedSchedule(k=6.0h,n_rot=4)",LastObservation,"FixedSchedule(k=6.0h,n_rot=4)",2,object_class,mug,34,0.5,0.5147058823529411,-0.014705882352941124,0.058823529411764705,2.0
"LastObservation+FixedSchedule(k=6.0h,n_rot=4)",LastObservation,"FixedSchedule(k=6.0h,n_rot=4)",2,object_class,phone,16,0.875,0.875,0.0,0.25,2.0
"LastObservation+FixedSchedule(k=6.0h,n_rot=4)",LastObservation,"FixedSchedule(k=6.0h,n_rot=4)",2,object_class,plate,19,0.5263157894736842,0.5263157894736842,0.0,0.10526315789473684,2.0
"LastObservation+FixedSchedule(k=6.0h,n_rot=4)",LastObservation,"FixedSchedule(k=6.0h,n_rot=4)",2,object_class,remote,17,0.5294117647058824,0.5294117647058824,0.0,0.0,2.0
"LastObservation+FixedSchedule(k=6.0h,n_rot=4)",LastObservation,"FixedSchedule(k=6.0h,n_rot=4)",2,object_class,umbrella,20,1.0,1.0,0.0,0.1,2.0
"LastObservation+FixedSchedule(k=6.0h,n_rot=4)",LastObservation,"FixedSchedule(k=6.0h,n_rot=4)",2,object_class,wallet,26,1.0,1.0,0.0,0.038461538461538464,2.0
"LastObservation+FixedSchedule(k=6.0h,n_rot=4)",LastObservation,"FixedSchedule(k=6.0h,n_rot=4)",2,object_class,water_bottle,17,0.17647058823529413,0.17647058823529413,0.0,0.11764705882352941,2.0
"LastObservation+FixedSchedule(k=6.0h,n_rot=4)",LastObservation,"FixedSchedule(k=6.0h,n_rot=4)",2,day_index,3,28,0.8571428571428571,0.773109243697479,0.08403361344537807,0.07142857142857142,2.0
"LastObservation+FixedSchedule(k=6.0h,n_rot=4)",LastObservation,"FixedSchedule(k=6.0h,n_rot=4)",2,day_index,4,28,0.7142857142857143,0.7058823529411765,0.008403361344537785,0.07142857142857142,2.0
"LastObservation+FixedSchedule(k=6.0h,n_rot=4)",LastObservation,"FixedSchedule(k=6.0h,n_rot=4)",2,day_index,5,28,0.7857142857142857,0.7058823529411765,0.07983193277310918,0.07142857142857142,2.0
"LastObservation+FixedSchedule(k=6.0h,n_rot=4)",LastObservation,"FixedSchedule(k=6.0h,n_rot=4)",2,day_index,6,28,0.6785714285714286,0.6365546218487395,0.04201680672268915,0.07142857142857142,2.0
"LastObservation+FixedSchedule(k=6.0h,n_rot=4)",LastObservation,"FixedSchedule(k=6.0h,n_rot=4)",2,day_index,7,28,0.75,0.7310924369747899,0.018907563025210128,0.07142857142857142,2.0
"LastObservation+FixedSchedule(k=6.0h,n_rot=4)",LastObservation,"FixedSchedule(k=6.0h,n_rot=4)",2,day_index,8,28,0.7857142857142857,0.7584033613445378,0.027310924369747913,0.07142857142857142,2.0
"LastObservation+FixedSchedule(k=6.0h,n_rot=4)",LastObservation,"FixedSchedule(k=6.0h,n_rot=4)",2,day_index,9,28,0.7857142857142857,0.7331932773109243,0.05252100840336138,0.07142857142857142,2.0
"LastObservation+FixedSchedule(k=6.0h,n_rot=4)",LastObservation,"FixedSchedule(k=6.0h,n_rot=4)",2,day_index,10,28,0.6785714285714286,0.6722689075630253,0.006302521008403339,0.07142857142857142,2.0
"LastObservation+FixedSchedule(k=6.0h,n_rot=4)",LastObservation,"FixedSchedule(k=6.0h,n_rot=4)",2,day_index,11,28,0.7142857142857143,0.6890756302521008,0.025210084033613467,0.07142857142857142,2.0
"LastObservation+FixedSchedule(k=6.0h,n_rot=4)",LastObservation,"FixedSchedule(k=6.0h,n_rot=4)",2,day_index,12,28,0.75,0.7647058823529411,-0.014705882352941124,0.07142857142857142,2.0
"LastObservation+FixedSchedule(k=6.0h,n_rot=4)",LastObservation,"FixedSchedule(k=6.0h,n_rot=4)",2,day_index,13,28,0.5714285714285714,0.6764705882352942,-0.10504201680672276,0.07142857142857142,2.0
LastObservation+NeverSense,LastObservation,NeverSense,2,overall,all,308,0.724025974025974,0.7041634835752483,0.019862490450725745,0.0,0.0
LastObservation+NeverSense,LastObservation,NeverSense,2,object_class,blanket,13,1.0,1.0,0.0,0.0,0.0
LastObservation+NeverSense,LastObservation,NeverSense,2,object_class,book,16,0.625,0.625,0.0,0.0,0.0
LastObservation+NeverSense,LastObservation,NeverSense,2,object_class,bowl,30,0.9,0.8333333333333334,0.06666666666666665,0.0,0.0
LastObservation+NeverSense,LastObservation,NeverSense,2,object_class,charger,14,1.0,1.0,0.0,0.0,0.0
LastObservation+NeverSense,LastObservation,NeverSense,2,object_class,headphones,29,0.5517241379310345,0.5517241379310345,0.0,0.0,0.0
LastObservation+NeverSense,LastObservation,NeverSense,2,object_class,jacket,21,0.8095238095238095,0.8095238095238095,0.0,0.0,0.0
LastObservation+NeverSense,LastObservation,NeverSense,2,object_class,keys,16,1.0,1.0,0.0,0.0,0.0
LastObservation+NeverSense,LastObservation,NeverSense,2,object_class,medication_bottle,20,1.0,1.0,0.0,0.0,0.0
LastObservation+NeverSense,LastObservation,NeverSense,2,object_class,mug,34,0.3235294117647059,0.35294117647058826,-0.02941176470588236,0.0,0.0
LastObservation+NeverSense,LastObservation,NeverSense,2,object_class,phone,16,0.9375,0.9375,0.0,0.0,0.0
LastObservation+NeverSense,LastObservation,NeverSense,2,object_class,plate,19,0.5789473684210527,0.5789473684210527,0.0,0.0,0.0
LastObservation+NeverSense,LastObservation,NeverSense,2,object_class,remote,17,0.23529411764705882,0.23529411764705882,0.0,0.0,0.0
LastObservation+NeverSense,LastObservation,NeverSense,2,object_class,umbrella,20,1.0,1.0,0.0,0.0,0.0
LastObservation+NeverSense,LastObservation,NeverSense,2,object_class,wallet,26,1.0,1.0,0.0,0.0,0.0
LastObservation+NeverSense,LastObservation,NeverSense,2,object_class,water_bottle,17,0.17647058823529413,0.17647058823529413,0.0,0.0,0.0
LastObservation+NeverSense,LastObservation,NeverSense,2,day_index,3,28,0.7857142857142857,0.7436974789915967,0.04201680672268904,0.0,0.0
LastObservation+NeverSense,LastObservation,NeverSense,2,day_index,4,28,0.6785714285714286,0.6092436974789915,0.06932773109243706,0.0,0.0
LastObservation+NeverSense,LastObservation,NeverSense,2,day_index,5,28,0.6071428571428571,0.5294117647058824,0.07773109243697474,0.0,0.0
LastObservation+NeverSense,LastObservation,NeverSense,2,day_index,6,28,0.7857142857142857,0.6764705882352942,0.10924369747899154,0.0,0.0
LastObservation+NeverSense,LastObservation,NeverSense,2,day_index,7,28,0.6071428571428571,0.6281512605042017,-0.021008403361344574,0.0,0.0
LastObservation+NeverSense,LastObservation,NeverSense,2,day_index,8,28,0.8214285714285714,0.7899159663865546,0.031512605042016806,0.0,0.0
LastObservation+NeverSense,LastObservation,NeverSense,2,day_index,9,28,0.8214285714285714,0.8214285714285714,0.0,0.0,0.0
LastObservation+NeverSense,LastObservation,NeverSense,2,day_index,10,28,0.7142857142857143,0.7205882352941176,-0.006302521008403339,0.0,0.0
LastObservation+NeverSense,LastObservation,NeverSense,2,day_index,11,28,0.75,0.7457983193277311,0.004201680672268893,0.0,0.0
LastObservation+NeverSense,LastObservation,NeverSense,2,day_index,12,28,0.7142857142857143,0.773109243697479,-0.05882352941176472,0.0,0.0
LastObservation+NeverSense,LastObservation,NeverSense,2,day_index,13,28,0.6785714285714286,0.707983193277311,-0.02941176470588236,0.0,0.0
LastObservation+SequentialSearch,LastObservation,SequentialSearch,2,overall,all,308,0.6883116883116883,0.6680672268907563,0.02024446142093206,0.07142857142857142,2.0
LastObservation+SequentialSearch,LastObservation,SequentialSearch,2,object_class,blanket,13,1.0,1.0,0.0,0.0,2.0
LastObservation+SequentialSearch,LastObservation,SequentialSearch,2,object_class,book,16,0.1875,0.1875,0.0,0.0625,2.0
LastObservation+SequentialSearch,LastObservation,SequentialSearch,2,object_class,bowl,30,0.7333333333333333,0.55,0.18333333333333324,0.1,2.0
LastObservation+SequentialSearch,LastObservation,SequentialSearch,2,object_class,charger,14,1.0,1.0,0.0,0.0,2.0
LastObservation+SequentialSearch,LastObservation,SequentialSearch,2,object_class,headphones,29,0.5517241379310345,0.5517241379310345,0.0,0.034482758620689655,2.0
LastObservation+SequentialSearch,LastObservation,SequentialSearch,2,object_class,jacket,21,0.5714285714285714,0.5714285714285714,0.0,0.047619047619047616,2.0
LastObservation+SequentialSearch,LastObservation,SequentialSearch,2,object_class,keys,16,1.0,1.0,0.0,0.0625,2.0
LastObservation+SequentialSearch,LastObservation,SequentialSearch,2,object_class,medication_bottle,20,1.0,1.0,0.0,0.0,2.0
LastObservation+SequentialSearch,LastObservation,SequentialSearch,2,object_class,mug,34,0.35294117647058826,0.39705882352941174,-0.044117647058823484,0.20588235294117646,2.0
LastObservation+SequentialSearch,LastObservation,SequentialSearch,2,object_class,phone,16,0.9375,0.9375,0.0,0.0625,2.0
LastObservation+SequentialSearch,LastObservation,SequentialSearch,2,object_class,plate,19,0.5789473684210527,0.5789473684210527,0.0,0.0,2.0
LastObservation+SequentialSearch,LastObservation,SequentialSearch,2,object_class,remote,17,0.6470588235294118,0.6470588235294118,0.0,0.0,2.0
LastObservation+SequentialSearch,LastObservation,SequentialSearch,2,object_class,umbrella,20,1.0,1.0,0.0,0.1,2.0
LastObservation+SequentialSearch,LastObservation,SequentialSearch,2,object_class,wallet,26,1.0,1.0,0.0,0.038461538461538464,2.0
LastObservation+SequentialSearch,LastObservation,SequentialSearch,2,object_class,water_bottle,17,0.058823529411764705,0.058823529411764705,0.0,0.23529411764705882,2.0
LastObservation+SequentialSearch,LastObservation,SequentialSearch,2,day_index,3,28,0.7857142857142857,0.7310924369747899,0.054621848739495826,0.07142857142857142,2.0
LastObservation+SequentialSearch,LastObservation,SequentialSearch,2,day_index,4,28,0.7142857142857143,0.6176470588235294,0.09663865546218486,0.07142857142857142,2.0
LastObservation+SequentialSearch,LastObservation,SequentialSearch,2,day_index,5,28,0.5357142857142857,0.5294117647058824,0.006302521008403339,0.07142857142857142,2.0
LastObservation+SequentialSearch,LastObservation,SequentialSearch,2,day_index,6,28,0.75,0.5882352941176471,0.16176470588235292,0.07142857142857142,2.0
LastObservation+SequentialSearch,LastObservation,SequentialSearch,2,day_index,7,28,0.6071428571428571,0.6470588235294118,-0.0399159663865547,0.07142857142857142,2.0
LastObservation+SequentialSearch,LastObservation,SequentialSearch,2,day_index,8,28,0.7142857142857143,0.7415966386554622,-0.027310924369747913,0.07142857142857142,2.0
LastObservation+SequentialSearch,LastObservation,SequentialSearch,2,day_index,9,28,0.7142857142857143,0.7100840336134454,0.004201680672268893,0.07142857142857142,2.0
LastObservation+SequentialSearch,LastObservation,SequentialSearch,2,day_index,10,28,0.6428571428571429,0.6596638655462185,-0.01680672268907557,0.07142857142857142,2.0
LastObservation+SequentialSearch,LastObservation,SequentialSearch,2,day_index,11,28,0.6071428571428571,0.6281512605042017,-0.021008403361344574,0.07142857142857142,2.0
LastObservation+SequentialSearch,LastObservation,SequentialSearch,2,day_index,12,28,0.6785714285714286,0.726890756302521,-0.048319327731092376,0.07142857142857142,2.0
LastObservation+SequentialSearch,LastObservation,SequentialSearch,2,day_index,13,28,0.8214285714285714,0.7689075630252101,0.05252100840336127,0.07142857142857142,2.0
"MostFrequentLocation+FixedSchedule(k=6.0h,n_rot=4)",MostFrequentLocation,"FixedSchedule(k=6.0h,n_rot=4)",2,overall,all,308,0.7694805194805194,0.7503819709702063,0.019098548510313118,0.07142857142857142,2.0
"MostFrequentLocation+FixedSchedule(k=6.0h,n_rot=4)",MostFrequentLocation,"FixedSchedule(k=6.0h,n_rot=4)",2,object_class,blanket,13,1.0,1.0,0.0,0.15384615384615385,2.0
"MostFrequentLocation+FixedSchedule(k=6.0h,n_rot=4)",MostFrequentLocation,"FixedSchedule(k=6.0h,n_rot=4)",2,object_class,book,16,0.625,0.625,0.0,0.0625,2.0
"MostFrequentLocation+FixedSchedule(k=6.0h,n_rot=4)",MostFrequentLocation,"FixedSchedule(k=6.0h,n_rot=4)",2,object_class,bowl,30,0.9333333333333333,0.9333333333333333,0.0,0.03333333333333333,2.0
"MostFrequentLocation+FixedSchedule(k=6.0h,n_rot=4)",MostFrequentLocation,"FixedSchedule(k=6.0h,n_rot=4)",2,object_class,charger,14,1.0,1.0,0.0,0.0,2.0
"MostFrequentLocation+FixedSchedule(k=6.0h,n_rot=4)",MostFrequentLocation,"FixedSchedule(k=6.0h,n_rot=4)",2,object_class,headphones,29,0.5517241379310345,0.5517241379310345,0.0,0.0,2.0
"MostFrequentLocation+FixedSchedule(k=6.0h,n_rot=4)",MostFrequentLocation,"FixedSchedule(k=6.0h,n_rot=4)",2,object_class,jacket,21,0.8095238095238095,0.8095238095238095,0.0,0.14285714285714285,2.0
"MostFrequentLocation+FixedSchedule(k=6.0h,n_rot=4)",MostFrequentLocation,"FixedSchedule(k=6.0h,n_rot=4)",2,object_class,keys,16,1.0,1.0,0.0,0.0625,2.0
"MostFrequentLocation+FixedSchedule(k=6.0h,n_rot=4)",MostFrequentLocation,"FixedSchedule(k=6.0h,n_rot=4)",2,object_class,medication_bottle,20,1.0,1.0,0.0,0.05,2.0
"MostFrequentLocation+FixedSchedule(k=6.0h,n_rot=4)",MostFrequentLocation,"FixedSchedule(k=6.0h,n_rot=4)",2,object_class,mug,34,0.5882352941176471,0.5882352941176471,0.0,0.058823529411764705,2.0
"MostFrequentLocation+FixedSchedule(k=6.0h,n_rot=4)",MostFrequentLocation,"FixedSchedule(k=6.0h,n_rot=4)",2,object_class,phone,16,0.875,0.875,0.0,0.25,2.0
"MostFrequentLocation+FixedSchedule(k=6.0h,n_rot=4)",MostFrequentLocation,"FixedSchedule(k=6.0h,n_rot=4)",2,object_class,plate,19,0.5263157894736842,0.5263157894736842,0.0,0.10526315789473684,2.0
"MostFrequentLocation+FixedSchedule(k=6.0h,n_rot=4)",MostFrequentLocation,"FixedSchedule(k=6.0h,n_rot=4)",2,object_class,remote,17,0.5294117647058824,0.5294117647058824,0.0,0.0,2.0
"MostFrequentLocation+FixedSchedule(k=6.0h,n_rot=4)",MostFrequentLocation,"FixedSchedule(k=6.0h,n_rot=4)",2,object_class,umbrella,20,1.0,1.0,0.0,0.1,2.0
"MostFrequentLocation+FixedSchedule(k=6.0h,n_rot=4)",MostFrequentLocation,"FixedSchedule(k=6.0h,n_rot=4)",2,object_class,wallet,26,1.0,1.0,0.0,0.038461538461538464,2.0
"MostFrequentLocation+FixedSchedule(k=6.0h,n_rot=4)",MostFrequentLocation,"FixedSchedule(k=6.0h,n_rot=4)",2,object_class,water_bottle,17,0.23529411764705882,0.23529411764705882,0.0,0.11764705882352941,2.0
"MostFrequentLocation+FixedSchedule(k=6.0h,n_rot=4)",MostFrequentLocation,"FixedSchedule(k=6.0h,n_rot=4)",2,day_index,3,28,0.8571428571428571,0.7773109243697479,0.07983193277310918,0.07142857142857142,2.0
"MostFrequentLocation+FixedSchedule(k=6.0h,n_rot=4)",MostFrequentLocation,"FixedSchedule(k=6.0h,n_rot=4)",2,day_index,4,28,0.6785714285714286,0.6638655462184874,0.014705882352941235,0.07142857142857142,2.0
"MostFrequentLocation+FixedSchedule(k=6.0h,n_rot=4)",MostFrequentLocation,"FixedSchedule(k=6.0h,n_rot=4)",2,day_index,5,28,0.6785714285714286,0.6722689075630253,0.006302521008403339,0.07142857142857142,2.0
"MostFrequentLocation+FixedSchedule(k=6.0h,n_rot=4)",MostFrequentLocation,"FixedSchedule(k=6.0h,n_rot=4)",2,day_index,6,28,0.8928571428571429,0.7352941176470589,0.15756302521008403,0.07142857142857142,2.0
"MostFrequentLocation+FixedSchedule(k=6.0h,n_rot=4)",MostFrequentLocation,"FixedSchedule(k=6.0h,n_rot=4)",2,day_index,7,28,0.8571428571428571,0.8487394957983193,0.008403361344537785,0.07142857142857142,2.0
"MostFrequentLocation+FixedSchedule(k=6.0h,n_rot=4)",MostFrequentLocation,"FixedSchedule(k=6.0h,n_rot=4)",2,day_index,8,28,0.8928571428571429,0.8361344537815126,0.05672268907563027,0.07142857142857142,2.0
"MostFrequentLocation+FixedSchedule(k=6.0h,n_rot=4)",MostFrequentLocation,"FixedSchedule(k=6.0h,n_rot=4)",2,day_index,9,28,0.8571428571428571,0.792016806722689,0.06512605042016806,0.07142857142857142,2.0
"MostFrequentLocation+FixedSchedule(k=6.0h,n_rot=4)",MostFrequentLocation,"FixedSchedule(k=6.0h,n_rot=4)",2,day_index,10,28,0.7142857142857143,0.7184873949579832,-0.004201680672268893,0.07142857142857142,2.0
"MostFrequentLocation+FixedSchedule(k=6.0h,n_rot=4)",MostFrequentLocation,"FixedSchedule(k=6.0h,n_rot=4)",2,day_index,11,28,0.7142857142857143,0.7226890756302521,-0.008403361344537785,0.07142857142857142,2.0
"MostFrequentLocation+FixedSchedule(k=6.0h,n_rot=4)",MostFrequentLocation,"FixedSchedule(k=6.0h,n_rot=4)",2,day_index,12,28,0.75,0.8025210084033614,-0.05252100840336138,0.07142857142857142,2.0
"MostFrequentLocation+FixedSchedule(k=6.0h,n_rot=4)",MostFrequentLocation,"FixedSchedule(k=6.0h,n_rot=4)",2,day_index,13,28,0.5714285714285714,0.6848739495798319,-0.11344537815126055,0.07142857142857142,2.0
MostFrequentLocation+NeverSense,MostFrequentLocation,NeverSense,2,overall,all,308,0.724025974025974,0.7020626432391138,0.02196333078686019,0.0,0.0
MostFrequentLocation+NeverSense,MostFrequentLocation,NeverSense,2,object_class,blanket,13,1.0,1.0,0.0,0.0,0.0
MostFrequentLocation+NeverSense,MostFrequentLocation,NeverSense,2,object_class,book,16,0.625,0.625,0.0,0.0,0.0
MostFrequentLocation+NeverSense,MostFrequentLocation,NeverSense,2,object_class,bowl,30,0.9,0.8333333333333334,0.06666666666666665,0.0,0.0
MostFrequentLocation+NeverSense,MostFrequentLocation,NeverSense,2,object_class,charger,14,1.0,1.0,0.0,0.0,0.0
MostFrequentLocation+NeverSense,MostFrequentLocation,NeverSense,2,object_class,headphones,29,0.5517241379310345,0.5517241379310345,0.0,0.0,0.0
MostFrequentLocation+NeverSense,MostFrequentLocation,NeverSense,2,object_class,jacket,21,0.8095238095238095,0.8095238095238095,0.0,0.0,0.0
MostFrequentLocation+NeverSense,MostFrequentLocation,NeverSense,2,object_class,keys,16,1.0,1.0,0.0,0.0,0.0
MostFrequentLocation+NeverSense,MostFrequentLocation,NeverSense,2,object_class,medication_bottle,20,1.0,1.0,0.0,0.0,0.0
MostFrequentLocation+NeverSense,MostFrequentLocation,NeverSense,2,object_class,mug,34,0.3235294117647059,0.35294117647058826,-0.02941176470588236,0.0,0.0
MostFrequentLocation+NeverSense,MostFrequentLocation,NeverSense,2,object_class,phone,16,0.9375,0.9375,0.0,0.0,0.0
MostFrequentLocation+NeverSense,MostFrequentLocation,NeverSense,2,object_class,plate,19,0.5789473684210527,0.5789473684210527,0.0,0.0,0.0
MostFrequentLocation+NeverSense,MostFrequentLocation,NeverSense,2,object_class,remote,17,0.23529411764705882,0.23529411764705882,0.0,0.0,0.0
MostFrequentLocation+NeverSense,MostFrequentLocation,NeverSense,2,object_class,umbrella,20,1.0,1.0,0.0,0.0,0.0
MostFrequentLocation+NeverSense,MostFrequentLocation,NeverSense,2,object_class,wallet,26,1.0,1.0,0.0,0.0,0.0
MostFrequentLocation+NeverSense,MostFrequentLocation,NeverSense,2,object_class,water_bottle,17,0.17647058823529413,0.17647058823529413,0.0,0.0,0.0
MostFrequentLocation+NeverSense,MostFrequentLocation,NeverSense,2,day_index,3,28,0.7857142857142857,0.7436974789915967,0.04201680672268904,0.0,0.0
MostFrequentLocation+NeverSense,MostFrequentLocation,NeverSense,2,day_index,4,28,0.6785714285714286,0.6092436974789915,0.06932773109243706,0.0,0.0
MostFrequentLocation+NeverSense,MostFrequentLocation,NeverSense,2,day_index,5,28,0.6071428571428571,0.5294117647058824,0.07773109243697474,0.0,0.0
MostFrequentLocation+NeverSense,MostFrequentLocation,NeverSense,2,day_index,6,28,0.7857142857142857,0.6764705882352942,0.10924369747899154,0.0,0.0
MostFrequentLocation+NeverSense,MostFrequentLocation,NeverSense,2,day_index,7,28,0.6071428571428571,0.6281512605042017,-0.021008403361344574,0.0,0.0
MostFrequentLocation+NeverSense,MostFrequentLocation,NeverSense,2,day_index,8,28,0.8214285714285714,0.7899159663865546,0.031512605042016806,0.0,0.0
MostFrequentLocation+NeverSense,MostFrequentLocation,NeverSense,2,day_index,9,28,0.8214285714285714,0.8214285714285714,0.0,0.0,0.0
MostFrequentLocation+NeverSense,MostFrequentLocation,NeverSense,2,day_index,10,28,0.7142857142857143,0.7205882352941176,-0.006302521008403339,0.0,0.0
MostFrequentLocation+NeverSense,MostFrequentLocation,NeverSense,2,day_index,11,28,0.75,0.7457983193277311,0.004201680672268893,0.0,0.0
MostFrequentLocation+NeverSense,MostFrequentLocation,NeverSense,2,day_index,12,28,0.7142857142857143,0.773109243697479,-0.05882352941176472,0.0,0.0
MostFrequentLocation+NeverSense,MostFrequentLocation,NeverSense,2,day_index,13,28,0.6785714285714286,0.6848739495798319,-0.006302521008403339,0.0,0.0
MostFrequentLocation+SequentialSearch,MostFrequentLocation,SequentialSearch,2,overall,all,308,0.75,0.7163865546218487,0.03361344537815125,0.07142857142857142,2.0
MostFrequentLocation+SequentialSearch,MostFrequentLocation,SequentialSearch,2,object_class,blanket,13,1.0,1.0,0.0,0.0,2.0
MostFrequentLocation+SequentialSearch,MostFrequentLocation,SequentialSearch,2,object_class,book,16,0.625,0.625,0.0,0.0625,2.0
MostFrequentLocation+SequentialSearch,MostFrequentLocation,SequentialSearch,2,object_class,bowl,30,0.9,0.7333333333333333,0.16666666666666674,0.06666666666666667,2.0
MostFrequentLocation+SequentialSearch,MostFrequentLocation,SequentialSearch,2,object_class,charger,14,1.0,1.0,0.0,0.0,2.0
MostFrequentLocation+SequentialSearch,MostFrequentLocation,SequentialSearch,2,object_class,headphones,29,0.5517241379310345,0.5517241379310345,0.0,0.06896551724137931,2.0
MostFrequentLocation+SequentialSearch,MostFrequentLocation,SequentialSearch,2,object_class,jacket,21,0.8095238095238095,0.8095238095238095,0.0,0.047619047619047616,2.0
MostFrequentLocation+SequentialSearch,MostFrequentLocation,SequentialSearch,2,object_class,keys,16,1.0,1.0,0.0,0.0625,2.0
MostFrequentLocation+SequentialSearch,MostFrequentLocation,SequentialSearch,2,object_class,medication_bottle,20,1.0,1.0,0.0,0.05,2.0
MostFrequentLocation+SequentialSearch,MostFrequentLocation,SequentialSearch,2,object_class,mug,34,0.38235294117647056,0.39705882352941174,-0.01470588235294118,0.20588235294117646,2.0
MostFrequentLocation+SequentialSearch,MostFrequentLocation,SequentialSearch,2,object_class,phone,16,0.75,0.75,0.0,0.0625,2.0
MostFrequentLocation+SequentialSearch,MostFrequentLocation,SequentialSearch,2,object_class,plate,19,0.5789473684210527,0.5789473684210527,0.0,0.0,2.0
MostFrequentLocation+SequentialSearch,MostFrequentLocation,SequentialSearch,2,object_class,remote,17,0.6470588235294118,0.6470588235294118,0.0,0.0,2.0
MostFrequentLocation+SequentialSearch,MostFrequentLocation,SequentialSearch,2,object_class,umbrella,20,1.0,1.0,0.0,0.1,2.0
MostFrequentLocation+SequentialSearch,MostFrequentLocation,SequentialSearch,2,object_class,wallet,26,1.0,1.0,0.0,0.038461538461538464,2.0
MostFrequentLocation+SequentialSearch,MostFrequentLocation,SequentialSearch,2,object_class,water_bottle,17,0.29411764705882354,0.29411764705882354,0.0,0.17647058823529413,2.0
MostFrequentLocation+SequentialSearch,MostFrequentLocation,SequentialSearch,2,day_index,3,28,0.8571428571428571,0.7794117647058824,0.07773109243697474,0.07142857142857142,2.0
MostFrequentLocation+SequentialSearch,MostFrequentLocation,SequentialSearch,2,day_index,4,28,0.6785714285714286,0.6092436974789915,0.06932773109243706,0.07142857142857142,2.0
MostFrequentLocation+SequentialSearch,MostFrequentLocation,SequentialSearch,2,day_index,5,28,0.6071428571428571,0.5294117647058824,0.07773109243697474,0.07142857142857142,2.0
MostFrequentLocation+SequentialSearch,MostFrequentLocation,SequentialSearch,2,day_index,6,28,0.7857142857142857,0.6176470588235294,0.16806722689075626,0.07142857142857142,2.0
MostFrequentLocation+SequentialSearch,MostFrequentLocation,SequentialSearch,2,day_index,7,28,0.6428571428571429,0.6890756302521008,-0.04621848739495793,0.07142857142857142,2.0
MostFrequentLocation+SequentialSearch,MostFrequentLocation,SequentialSearch,2,day_index,8,28,0.8571428571428571,0.8067226890756303,0.05042016806722682,0.07142857142857142,2.0
MostFrequentLocation+SequentialSearch,MostFrequentLocation,SequentialSearch,2,day_index,9,28,0.7857142857142857,0.7373949579831933,0.048319327731092376,0.07142857142857142,2.0
MostFrequentLocation+SequentialSearch,MostFrequentLocation,SequentialSearch,2,day_index,10,28,0.8214285714285714,0.8277310924369747,-0.006302521008403339,0.07142857142857142,2.0
MostFrequentLocation+SequentialSearch,MostFrequentLocation,SequentialSearch,2,day_index,11,28,0.7142857142857143,0.7689075630252101,-0.054621848739495826,0.07142857142857142,2.0
MostFrequentLocation+SequentialSearch,MostFrequentLocation,SequentialSearch,2,day_index,12,28,0.75,0.7899159663865546,-0.03991596638655459,0.07142857142857142,2.0
MostFrequentLocation+SequentialSearch,MostFrequentLocation,SequentialSearch,2,day_index,13,28,0.75,0.7247899159663865,0.025210084033613467,0.07142857142857142,2.0
"TimetableLookup(bin=1h,days=all)+FixedSchedule(k=6.0h,n_rot=4)","TimetableLookup(bin=1h,days=all)","FixedSchedule(k=6.0h,n_rot=4)",2,overall,all,308,0.7662337662337663,0.7372039724980901,0.029029793735676157,0.07142857142857142,2.0
"TimetableLookup(bin=1h,days=all)+FixedSchedule(k=6.0h,n_rot=4)","TimetableLookup(bin=1h,days=all)","FixedSchedule(k=6.0h,n_rot=4)",2,object_class,blanket,13,1.0,1.0,0.0,0.15384615384615385,2.0
"TimetableLookup(bin=1h,days=all)+FixedSchedule(k=6.0h,n_rot=4)","TimetableLookup(bin=1h,days=all)","FixedSchedule(k=6.0h,n_rot=4)",2,object_class,book,16,0.625,0.625,0.0,0.0625,2.0
"TimetableLookup(bin=1h,days=all)+FixedSchedule(k=6.0h,n_rot=4)","TimetableLookup(bin=1h,days=all)","FixedSchedule(k=6.0h,n_rot=4)",2,object_class,bowl,30,0.9,0.9166666666666666,-0.016666666666666607,0.03333333333333333,2.0
"TimetableLookup(bin=1h,days=all)+FixedSchedule(k=6.0h,n_rot=4)","TimetableLookup(bin=1h,days=all)","FixedSchedule(k=6.0h,n_rot=4)",2,object_class,charger,14,1.0,1.0,0.0,0.0,2.0
"TimetableLookup(bin=1h,days=all)+FixedSchedule(k=6.0h,n_rot=4)","TimetableLookup(bin=1h,days=all)","FixedSchedule(k=6.0h,n_rot=4)",2,object_class,headphones,29,0.5172413793103449,0.5172413793103449,0.0,0.0,2.0
"TimetableLookup(bin=1h,days=all)+FixedSchedule(k=6.0h,n_rot=4)","TimetableLookup(bin=1h,days=all)","FixedSchedule(k=6.0h,n_rot=4)",2,object_class,jacket,21,0.8095238095238095,0.8095238095238095,0.0,0.14285714285714285,2.0
"TimetableLookup(bin=1h,days=all)+FixedSchedule(k=6.0h,n_rot=4)","TimetableLookup(bin=1h,days=all)","FixedSchedule(k=6.0h,n_rot=4)",2,object_class,keys,16,1.0,1.0,0.0,0.0625,2.0
"TimetableLookup(bin=1h,days=all)+FixedSchedule(k=6.0h,n_rot=4)","TimetableLookup(bin=1h,days=all)","FixedSchedule(k=6.0h,n_rot=4)",2,object_class,medication_bottle,20,1.0,1.0,0.0,0.05,2.0
"TimetableLookup(bin=1h,days=all)+FixedSchedule(k=6.0h,n_rot=4)","TimetableLookup(bin=1h,days=all)","FixedSchedule(k=6.0h,n_rot=4)",2,object_class,mug,34,0.5588235294117647,0.5147058823529411,0.044117647058823595,0.058823529411764705,2.0
"TimetableLookup(bin=1h,days=all)+FixedSchedule(k=6.0h,n_rot=4)","TimetableLookup(bin=1h,days=all)","FixedSchedule(k=6.0h,n_rot=4)",2,object_class,phone,16,0.875,0.875,0.0,0.25,2.0
"TimetableLookup(bin=1h,days=all)+FixedSchedule(k=6.0h,n_rot=4)","TimetableLookup(bin=1h,days=all)","FixedSchedule(k=6.0h,n_rot=4)",2,object_class,plate,19,0.5789473684210527,0.5789473684210527,0.0,0.10526315789473684,2.0
"TimetableLookup(bin=1h,days=all)+FixedSchedule(k=6.0h,n_rot=4)","TimetableLookup(bin=1h,days=all)","FixedSchedule(k=6.0h,n_rot=4)",2,object_class,remote,17,0.5882352941176471,0.5882352941176471,0.0,0.0,2.0
"TimetableLookup(bin=1h,days=all)+FixedSchedule(k=6.0h,n_rot=4)","TimetableLookup(bin=1h,days=all)","FixedSchedule(k=6.0h,n_rot=4)",2,object_class,umbrella,20,1.0,1.0,0.0,0.1,2.0
"TimetableLookup(bin=1h,days=all)+FixedSchedule(k=6.0h,n_rot=4)","TimetableLookup(bin=1h,days=all)","FixedSchedule(k=6.0h,n_rot=4)",2,object_class,wallet,26,1.0,1.0,0.0,0.038461538461538464,2.0
"TimetableLookup(bin=1h,days=all)+FixedSchedule(k=6.0h,n_rot=4)","TimetableLookup(bin=1h,days=all)","FixedSchedule(k=6.0h,n_rot=4)",2,object_class,water_bottle,17,0.23529411764705882,0.23529411764705882,0.0,0.11764705882352941,2.0
"TimetableLookup(bin=1h,days=all)+FixedSchedule(k=6.0h,n_rot=4)","TimetableLookup(bin=1h,days=all)","FixedSchedule(k=6.0h,n_rot=4)",2,day_index,3,28,0.8571428571428571,0.7773109243697479,0.07983193277310918,0.07142857142857142,2.0
"TimetableLookup(bin=1h,days=all)+FixedSchedule(k=6.0h,n_rot=4)","TimetableLookup(bin=1h,days=all)","FixedSchedule(k=6.0h,n_rot=4)",2,day_index,4,28,0.6785714285714286,0.6617647058823529,0.01680672268907568,0.07142857142857142,2.0
"TimetableLookup(bin=1h,days=all)+FixedSchedule(k=6.0h,n_rot=4)","TimetableLookup(bin=1h,days=all)","FixedSchedule(k=6.0h,n_rot=4)",2,day_index,5,28,0.7142857142857143,0.6764705882352942,0.037815126050420145,0.07142857142857142,2.0
"TimetableLookup(bin=1h,days=all)+FixedSchedule(k=6.0h,n_rot=4)","TimetableLookup(bin=1h,days=all)","FixedSchedule(k=6.0h,n_rot=4)",2,day_index,6,28,0.8571428571428571,0.7058823529411765,0.15126050420168058,0.07142857142857142,2.0
"TimetableLookup(bin=1h,days=all)+FixedSchedule(k=6.0h,n_rot=4)","TimetableLookup(bin=1h,days=all)","FixedSchedule(k=6.0h,n_rot=4)",2,day_index,7,28,0.8571428571428571,0.8088235294117647,0.048319327731092376,0.07142857142857142,2.0
"TimetableLookup(bin=1h,days=all)+FixedSchedule(k=6.0h,n_rot=4)","TimetableLookup(bin=1h,days=all)","FixedSchedule(k=6.0h,n_rot=4)",2,day_index,8,28,0.8928571428571429,0.819327731092437,0.07352941176470595,0.07142857142857142,2.0
"TimetableLookup(bin=1h,days=all)+FixedSchedule(k=6.0h,n_rot=4)","TimetableLookup(bin=1h,days=all)","FixedSchedule(k=6.0h,n_rot=4)",2,day_index,9,28,0.8571428571428571,0.7668067226890757,0.09033613445378141,0.07142857142857142,2.0
"TimetableLookup(bin=1h,days=all)+FixedSchedule(k=6.0h,n_rot=4)","TimetableLookup(bin=1h,days=all)","FixedSchedule(k=6.0h,n_rot=4)",2,day_index,10,28,0.6785714285714286,0.707983193277311,-0.02941176470588236,0.07142857142857142,2.0
"TimetableLookup(bin=1h,days=all)+FixedSchedule(k=6.0h,n_rot=4)","TimetableLookup(bin=1h,days=all)","FixedSchedule(k=6.0h,n_rot=4)",2,day_index,11,28,0.6785714285714286,0.7016806722689075,-0.02310924369747891,0.07142857142857142,2.0
"TimetableLookup(bin=1h,days=all)+FixedSchedule(k=6.0h,n_rot=4)","TimetableLookup(bin=1h,days=all)","FixedSchedule(k=6.0h,n_rot=4)",2,day_index,12,28,0.75,0.7983193277310925,-0.04831932773109249,0.07142857142857142,2.0
"TimetableLookup(bin=1h,days=all)+FixedSchedule(k=6.0h,n_rot=4)","TimetableLookup(bin=1h,days=all)","FixedSchedule(k=6.0h,n_rot=4)",2,day_index,13,28,0.6071428571428571,0.6848739495798319,-0.07773109243697485,0.07142857142857142,2.0
"TimetableLookup(bin=1h,days=all)+NeverSense","TimetableLookup(bin=1h,days=all)",NeverSense,2,overall,all,308,0.724025974025974,0.7035905271199389,0.02043544690603516,0.0,0.0
"TimetableLookup(bin=1h,days=all)+NeverSense","TimetableLookup(bin=1h,days=all)",NeverSense,2,object_class,blanket,13,1.0,1.0,0.0,0.0,0.0
"TimetableLookup(bin=1h,days=all)+NeverSense","TimetableLookup(bin=1h,days=all)",NeverSense,2,object_class,book,16,0.625,0.625,0.0,0.0,0.0
"TimetableLookup(bin=1h,days=all)+NeverSense","TimetableLookup(bin=1h,days=all)",NeverSense,2,object_class,bowl,30,0.9,0.8333333333333334,0.06666666666666665,0.0,0.0
"TimetableLookup(bin=1h,days=all)+NeverSense","TimetableLookup(bin=1h,days=all)",NeverSense,2,object_class,charger,14,1.0,1.0,0.0,0.0,0.0
"TimetableLookup(bin=1h,days=all)+NeverSense","TimetableLookup(bin=1h,days=all)",NeverSense,2,object_class,headphones,29,0.5517241379310345,0.5517241379310345,0.0,0.0,0.0
"TimetableLookup(bin=1h,days=all)+NeverSense","TimetableLookup(bin=1h,days=all)",NeverSense,2,object_class,jacket,21,0.8095238095238095,0.8095238095238095,0.0,0.0,0.0
"TimetableLookup(bin=1h,days=all)+NeverSense","TimetableLookup(bin=1h,days=all)",NeverSense,2,object_class,keys,16,1.0,1.0,0.0,0.0,0.0
"TimetableLookup(bin=1h,days=all)+NeverSense","TimetableLookup(bin=1h,days=all)",NeverSense,2,object_class,medication_bottle,20,1.0,1.0,0.0,0.0,0.0
"TimetableLookup(bin=1h,days=all)+NeverSense","TimetableLookup(bin=1h,days=all)",NeverSense,2,object_class,mug,34,0.3235294117647059,0.3235294117647059,0.0,0.0,0.0
"TimetableLookup(bin=1h,days=all)+NeverSense","TimetableLookup(bin=1h,days=all)",NeverSense,2,object_class,phone,16,0.9375,0.9375,0.0,0.0,0.0
"TimetableLookup(bin=1h,days=all)+NeverSense","TimetableLookup(bin=1h,days=all)",NeverSense,2,object_class,plate,19,0.5789473684210527,0.5789473684210527,0.0,0.0,0.0
"TimetableLookup(bin=1h,days=all)+NeverSense","TimetableLookup(bin=1h,days=all)",NeverSense,2,object_class,remote,17,0.23529411764705882,0.23529411764705882,0.0,0.0,0.0
"TimetableLookup(bin=1h,days=all)+NeverSense","TimetableLookup(bin=1h,days=all)",NeverSense,2,object_class,umbrella,20,1.0,1.0,0.0,0.0,0.0
"TimetableLookup(bin=1h,days=all)+NeverSense","TimetableLookup(bin=1h,days=all)",NeverSense,2,object_class,wallet,26,1.0,1.0,0.0,0.0,0.0
"TimetableLookup(bin=1h,days=all)+NeverSense","TimetableLookup(bin=1h,days=all)",NeverSense,2,object_class,water_bottle,17,0.17647058823529413,0.17647058823529413,0.0,0.0,0.0
"TimetableLookup(bin=1h,days=all)+NeverSense","TimetableLookup(bin=1h,days=all)",NeverSense,2,day_index,3,28,0.7857142857142857,0.7436974789915967,0.04201680672268904,0.0,0.0
"TimetableLookup(bin=1h,days=all)+NeverSense","TimetableLookup(bin=1h,days=all)",NeverSense,2,day_index,4,28,0.6785714285714286,0.6092436974789915,0.06932773109243706,0.0,0.0
"TimetableLookup(bin=1h,days=all)+NeverSense","TimetableLookup(bin=1h,days=all)",NeverSense,2,day_index,5,28,0.6071428571428571,0.5294117647058824,0.07773109243697474,0.0,0.0
"TimetableLookup(bin=1h,days=all)+NeverSense","TimetableLookup(bin=1h,days=all)",NeverSense,2,day_index,6,28,0.7857142857142857,0.6764705882352942,0.10924369747899154,0.0,0.0
"TimetableLookup(bin=1h,days=all)+NeverSense","TimetableLookup(bin=1h,days=all)",NeverSense,2,day_index,7,28,0.6071428571428571,0.6281512605042017,-0.021008403361344574,0.0,0.0
"TimetableLookup(bin=1h,days=all)+NeverSense","TimetableLookup(bin=1h,days=all)",NeverSense,2,day_index,8,28,0.8214285714285714,0.7857142857142857,0.0357142857142857,0.0,0.0
"TimetableLookup(bin=1h,days=all)+NeverSense","TimetableLookup(bin=1h,days=all)",NeverSense,2,day_index,9,28,0.8214285714285714,0.8151260504201681,0.006302521008403339,0.0,0.0
"TimetableLookup(bin=1h,days=all)+NeverSense","TimetableLookup(bin=1h,days=all)",NeverSense,2,day_index,10,28,0.7142857142857143,0.7226890756302521,-0.008403361344537785,0.0,0.0
"TimetableLookup(bin=1h,days=all)+NeverSense","TimetableLookup(bin=1h,days=all)",NeverSense,2,day_index,11,28,0.75,0.75,0.0,0.0,0.0
"TimetableLookup(bin=1h,days=all)+NeverSense","TimetableLookup(bin=1h,days=all)",NeverSense,2,day_index,12,28,0.7142857142857143,0.7878151260504201,-0.07352941176470584,0.0,0.0
"TimetableLookup(bin=1h,days=all)+NeverSense","TimetableLookup(bin=1h,days=all)",NeverSense,2,day_index,13,28,0.6785714285714286,0.6911764705882353,-0.012605042016806678,0.0,0.0
"TimetableLookup(bin=1h,days=all)+SequentialSearch","TimetableLookup(bin=1h,days=all)",SequentialSearch,2,overall,all,308,0.7402597402597403,0.732620320855615,0.007639419404125269,0.07142857142857142,2.0
"TimetableLookup(bin=1h,days=all)+SequentialSearch","TimetableLookup(bin=1h,days=all)",SequentialSearch,2,object_class,blanket,13,1.0,1.0,0.0,0.0,2.0
"TimetableLookup(bin=1h,days=all)+SequentialSearch","TimetableLookup(bin=1h,days=all)",SequentialSearch,2,object_class,book,16,0.375,0.375,0.0,0.0625,2.0
"TimetableLookup(bin=1h,days=all)+SequentialSearch","TimetableLookup(bin=1h,days=all)",SequentialSearch,2,object_class,bowl,30,0.9,0.8333333333333334,0.06666666666666665,0.06666666666666667,2.0
"TimetableLookup(bin=1h,days=all)+SequentialSearch","TimetableLookup(bin=1h,days=all)",SequentialSearch,2,object_class,charger,14,1.0,1.0,0.0,0.0,2.0
"TimetableLookup(bin=1h,days=all)+SequentialSearch","TimetableLookup(bin=1h,days=all)",SequentialSearch,2,object_class,headphones,29,0.5517241379310345,0.5517241379310345,0.0,0.06896551724137931,2.0
"TimetableLookup(bin=1h,days=all)+SequentialSearch","TimetableLookup(bin=1h,days=all)",SequentialSearch,2,object_class,jacket,21,0.8095238095238095,0.8095238095238095,0.0,0.047619047619047616,2.0
"TimetableLookup(bin=1h,days=all)+SequentialSearch","TimetableLookup(bin=1h,days=all)",SequentialSearch,2,object_class,keys,16,1.0,1.0,0.0,0.0625,2.0
"TimetableLookup(bin=1h,days=all)+SequentialSearch","TimetableLookup(bin=1h,days=all)",SequentialSearch,2,object_class,medication_bottle,20,1.0,1.0,0.0,0.05,2.0
"TimetableLookup(bin=1h,days=all)+SequentialSearch","TimetableLookup(bin=1h,days=all)",SequentialSearch,2,object_class,mug,34,0.4411764705882353,0.4264705882352941,0.01470588235294118,0.20588235294117646,2.0
"TimetableLookup(bin=1h,days=all)+SequentialSearch","TimetableLookup(bin=1h,days=all)",SequentialSearch,2,object_class,phone,16,0.75,0.75,0.0,0.0625,2.0
"TimetableLookup(bin=1h,days=all)+SequentialSearch","TimetableLookup(bin=1h,days=all)",SequentialSearch,2,object_class,plate,19,0.5789473684210527,0.5789473684210527,0.0,0.0,2.0
"TimetableLookup(bin=1h,days=all)+SequentialSearch","TimetableLookup(bin=1h,days=all)",SequentialSearch,2,object_class,remote,17,0.4117647058823529,0.4117647058823529,0.0,0.0,2.0
"TimetableLookup(bin=1h,days=all)+SequentialSearch","TimetableLookup(bin=1h,days=all)",SequentialSearch,2,object_class,umbrella,20,1.0,1.0,0.0,0.1,2.0
"TimetableLookup(bin=1h,days=all)+SequentialSearch","TimetableLookup(bin=1h,days=all)",SequentialSearch,2,object_class,wallet,26,1.0,1.0,0.0,0.038461538461538464,2.0
"TimetableLookup(bin=1h,days=all)+SequentialSearch","TimetableLookup(bin=1h,days=all)",SequentialSearch,2,object_class,water_bottle,17,0.47058823529411764,0.47058823529411764,0.0,0.17647058823529413,2.0
"TimetableLookup(bin=1h,days=all)+SequentialSearch","TimetableLookup(bin=1h,days=all)",SequentialSearch,2,day_index,3,28,0.7857142857142857,0.792016806722689,-0.006302521008403339,0.07142857142857142,2.0
"TimetableLookup(bin=1h,days=all)+SequentialSearch","TimetableLookup(bin=1h,days=all)",SequentialSearch,2,day_index,4,28,0.6785714285714286,0.6617647058823529,0.01680672268907568,0.07142857142857142,2.0
"TimetableLookup(bin=1h,days=all)+SequentialSearch","TimetableLookup(bin=1h,days=all)",SequentialSearch,2,day_index,5,28,0.6428571428571429,0.5630252100840336,0.0798319327731093,0.07142857142857142,2.0
"TimetableLookup(bin=1h,days=all)+SequentialSearch","TimetableLookup(bin=1h,days=all)",SequentialSearch,2,day_index,6,28,0.7857142857142857,0.6176470588235294,0.16806722689075626,0.07142857142857142,2.0
"TimetableLookup(bin=1h,days=all)+SequentialSearch","TimetableLookup(bin=1h,days=all)",SequentialSearch,2,day_index,7,28,0.7142857142857143,0.7331932773109243,-0.018907563025210017,0.07142857142857142,2.0
"TimetableLookup(bin=1h,days=all)+SequentialSearch","TimetableLookup(bin=1h,days=all)",SequentialSearch,2,day_index,8,28,0.8214285714285714,0.8130252100840336,0.008403361344537785,0.07142857142857142,2.0
"TimetableLookup(bin=1h,days=all)+SequentialSearch","TimetableLookup(bin=1h,days=all)",SequentialSearch,2,day_index,9,28,0.8214285714285714,0.8130252100840336,0.008403361344537785,0.07142857142857142,2.0
"TimetableLookup(bin=1h,days=all)+SequentialSearch","TimetableLookup(bin=1h,days=all)",SequentialSearch,2,day_index,10,28,0.8214285714285714,0.8109243697478992,0.010504201680672232,0.07142857142857142,2.0
"TimetableLookup(bin=1h,days=all)+SequentialSearch","TimetableLookup(bin=1h,days=all)",SequentialSearch,2,day_index,11,28,0.7857142857142857,0.8214285714285714,-0.0357142857142857,0.07142857142857142,2.0
"TimetableLookup(bin=1h,days=all)+SequentialSearch","TimetableLookup(bin=1h,days=all)",SequentialSearch,2,day_index,12,28,0.6785714285714286,0.7563025210084033,-0.07773109243697474,0.07142857142857142,2.0
"TimetableLookup(bin=1h,days=all)+SequentialSearch","TimetableLookup(bin=1h,days=all)",SequentialSearch,2,day_index,13,28,0.6071428571428571,0.6764705882352942,-0.06932773109243706,0.07142857142857142,2.0
