generating_agent,last_observation,most_frequent,timetable
"LastObservation+FixedSchedule(k=6.0h,n_rot=4)",0.713331,0.750382,0.737204
LastObservation+NeverSense,0.704163,0.702063,0.703591
LastObservation+SequentialSearch,0.668067,0.680290,0.685447
"MostFrequentLocation+FixedSchedule(k=6.0h,n_rot=4)",0.713331,0.750382,0.737204
MostFrequentLocation+NeverSense,0.704163,0.702063,0.703591
MostFrequentLocation+SequentialSearch,0.715050,0.716387,0.723453
"TimetableLookup(bin=1h,days=all)+FixedSchedule(k=6.0h,n_rot=4)",0.713331,0.750382,0.737204
"TimetableLookup(bin=1h,days=all)+NeverSense",0.704163,0.702063,0.703591
"TimetableLookup(bin=1h,days=all)+SequentialSearch",0.723453,0.722880,0.732620
