t,stamp,mug_1,mug_2,plate_1,plate_2,bowl_1,glasses_1,book_1,remote_1,blanket_1,notebook_1,pen_1,medication_bottle_1,keys_1,wallet_1,jacket_1
0,d00 Thu 00:00,kitchen,kitchen,kitchen,kitchen,kitchen,bedroom,bedroom,living,bedroom,living,living,kitchen,entry,entry,entry
60,d00 Thu 01:00,kitchen,kitchen,kitchen,kitchen,kitchen,bedroom,bedroom,living,bedroom,living,living,kitchen,entry,entry,entry
120,d00 Thu 02:00,kitchen,kitchen,kitchen,kitchen,kitchen,bedroom,bedroom,living,bedroom,living,living,kitchen,entry,entry,entry
180,d00 Thu 03:00,kitchen,kitchen,kitchen,kitchen,kitchen,bedroom,bedroom,living,bedroom,living,living,kitchen,entry,entry,entry
240,d00 Thu 04:00,kitchen,kitchen,kitchen,kitchen,kitchen,bedroom,bedroom,living,bedroom,living,living,kitchen,entry,entry,entry
300,d00 Thu 05:00,kitchen,kitchen,kitchen,kitchen,kitchen,bedroom,bedroom,living,bedroom,living,living,kitchen,entry,entry,entry
360,d00 Thu 06:00,kitchen,kitchen,kitchen,kitchen,kitchen,bedroom,bedroom,living,bedroom,living,living,kitchen,entry,entry,entry
420,d00 Thu 07:00,kitchen,kitchen,kitchen,kitchen,kitchen,bedroom,bedroom,living,bedroom,living,living,kitchen,entry,entry,entry
480,d00 Thu 08:00,kitchen,kitchen,kitchen,kitchen,kitchen,bedroom,bedroom,living,bedroom,living,living,kitchen,entry,entry,entry
540,d00 Thu 09:00,kitchen,kitchen,kitchen,kitchen,kitchen,bedroom,bedroom,living,bedroom,living,living,kitchen,entry,entry,entry
600,d00 Thu 10:00,kitchen,kitchen,kitchen,kitchen,kitchen,bedroom,bedroom,living,bedroom,living,living,kitchen,entry,entry,entry
660,d00 Thu 11:00,kitchen,kitchen,kitchen,kitchen,kitchen,bedroom,bedroom,living,bedroom,living,living,kitchen,entry,entry,entry
720,d00 Thu 12:00,kitchen,kitchen,kitchen,kitchen,kitchen,bedroom,bedroom,living,bedroom,living,living,kitchen,entry,entry,entry
780,d00 Thu 13:00,kitchen,kitchen,kitchen,kitchen,kitchen,bedroom,bedroom,living,bedroom,living,living,kitchen,entry,entry,entry
840,d00 Thu 14:00,kitchen,kitchen,kitchen,kitchen,kitchen,bedroom,bedroom,living,bedroom,living,living,kitchen,entry,entry,entry
900,d00 Thu 15:00,kitchen,kitchen,kitchen,kitchen,kitchen,living,living,living,bedroom,living,living,kitchen,entry,entry,entry
960,d00 Thu 16:00,living,kitchen,kitchen,kitchen,kitchen,living,living,living,bedroom,living,living,kitchen,entry,entry,entry
1020,d00 Thu 17:00,kitchen,kitchen,kitchen,kitchen,kitchen,living,living,living,bedroom,living,entry,kitchen,entry,entry,entry
1080,d00 Thu 18:00,kitchen,kitchen,kitchen,kitchen,kitchen,living,living,living,bedroom,living,entry,kitchen,entry,entry,entry
1140,d00 Thu 19:00,kitchen,kitchen,kitchen,kitchen,kitchen,living,living,living,bedroom,living,entry,kitchen,entry,entry,entry
1200,d00 Thu 20:00,kitchen,kitchen,kitchen,kitchen,kitchen,living,living,living,bedroom,living,entry,kitchen,entry,entry,entry
1260,d00 Thu 21:00,kitchen,kitchen,kitchen,kitchen,kitchen,living,living,living,bedroom,living,entry,kitchen,entry,entry,entry
1320,d00 Thu 22:00,kitchen,kitchen,kitchen,kitchen,kitchen,living,living,living,bedroom,living,entry,kitchen,entry,entry,entry
1380,d00 Thu 23:00,kitchen,kitchen,kitchen,kitchen,kitchen,living,living,living,bedroom,living,entry,kitchen,entry,entry,entry
1440,d01 Fri 00:00,kitchen,kitchen,kitchen,kitchen,kitchen,living,living,living,bedroom,living,entry,kitchen,entry,entry,entry
1500,d01 Fri 01:00,kitchen,kitchen,kitchen,kitchen,kitchen,bedroom,living,living,bedroom,living,entry,kitchen,entry,entry,entry
1560,d01 Fri 02:00,kitchen,kitchen,kitchen,kitchen,kitchen,bedroom,living,living,bedroom,living,entry,kitchen,entry,entry,entry
1620,d01 Fri 03:00,kitchen,kitchen,kitchen,kitchen,kitchen,bedroom,living,living,bedroom,living,entry,kitchen,entry,entry,entry
1680,d01 Fri 04:00,kitchen,kitchen,kitchen,kitchen,kitchen,bedroom,living,living,bedroom,living,entry,kitchen,entry,entry,entry
1740,d01 Fri 05:00,kitchen,kitchen,kitchen,kitchen,kitchen,bedroom,living,living,bedroom,living,entry,kitchen,entry,entry,entry
1800,d01 Fri 06:00,kitchen,kitchen,kitchen,kitchen,kitchen,bedroom,living,living,bedroom,living,entry,kitchen,entry,entry,entry
1860,d01 Fri 07:00,kitchen,kitchen,kitchen,kitchen,kitchen,bedroom,living,living,bedroom,living,entry,kitchen,entry,entry,entry
1920,d01 Fri 08:00,kitchen,kitchen,kitchen,kitchen,kitchen,living,living,living,bedroom,living,living,kitchen,entry,entry,entry
1980,d01 Fri 09:00,kitchen,kitchen,kitchen,kitchen,kitchen,living,living,living,bedroom,living,living,kitchen,entry,entry,entry
2040,d01 Fri 10:00,kitchen,kitchen,kitchen,kitchen,kitchen,living,bedroom,living,bedroom,living,living,kitchen,entry,entry,entry
2100,d01 Fri 11:00,kitchen,kitchen,kitchen,kitchen,kitchen,living,bedroom,living,bedroom,living,living,kitchen,entry,entry,entry
2160,d01 Fri 12:00,kitchen,kitchen,kitchen,kitchen,kitchen,living,bedroom,living,bedroom,living,living,kitchen,outside,outside,outside
2220,d01 Fri 13:00,kitchen,kitchen,kitchen,kitchen,kitchen,living,bedroom,living,bedroom,living,living,kitchen,entry,entry,entry
2280,d01 Fri 14:00,kitchen,kitchen,kitchen,kitchen,kitchen,living,bedroom,living,bedroom,living,living,kitchen,outside,outside,outside
2340,d01 Fri 15:00,kitchen,kitchen,kitchen,kitchen,kitchen,living,bedroom,living,bedroom,living,living,kitchen,outside,outside,outside
2400,d01 Fri 16:00,kitchen,kitchen,kitchen,kitchen,kitchen,living,bedroom,living,bedroom,living,living,kitchen,entry,entry,entry
2460,d01 Fri 17:00,kitchen,kitchen,kitchen,kitchen,kitchen,living,bedroom,living,bedroom,living,living,kitchen,entry,entry,entry
2520,d01 Fri 18:00,kitchen,kitchen,kitchen,kitchen,kitchen,living,bedroom,living,bedroom,living,living,kitchen,entry,entry,entry
2580,d01 Fri 19:00,kitchen,kitchen,kitchen,kitchen,kitchen,living,bedroom,living,bedroom,living,living,kitchen,entry,entry,entry
2640,d01 Fri 20:00,kitchen,kitchen,kitchen,kitchen,kitchen,living,bedroom,living,bedroom,living,living,kitchen,entry,entry,entry
2700,d01 Fri 21:00,kitchen,kitchen,kitchen,kitchen,kitchen,living,bedroom,living,bedroom,living,living,kitchen,entry,entry,entry
2760,d01 Fri 22:00,kitchen,kitchen,kitchen,kitchen,kitchen,living,bedroom,living,bedroom,living,living,kitchen,entry,entry,entry
2820,d01 Fri 23:00,kitchen,kitchen,kitchen,kitchen,kitchen,bedroom,bedroom,living,bedroom,bedroom,entry,kitchen,entry,entry,entry
2880,d02 Sat 00:00,kitchen,kitchen,kitchen,kitchen,kitchen,bedroom,bedroom,living,bedroom,bedroom,entry,kitchen,entry,entry,entry
2940,d02 Sat 01:00,kitchen,kitchen,kitchen,kitchen,kitchen,bedroom,bedroom,living,bedroom,bedroom,entry,kitchen,entry,entry,entry
3000,d02 Sat 02:00,kitchen,kitchen,kitchen,kitchen,kitchen,bedroom,bedroom,living,bedroom,bedroom,entry,kitchen,entry,entry,entry
3060,d02 Sat 03:00,kitchen,kitchen,kitchen,kitchen,kitchen,bedroom,bedroom,living,bedroom,bedroom,entry,kitchen,entry,entry,entry
3120,d02 Sat 04:00,kitchen,kitchen,kitchen,kitchen,kitchen,bedroom,bedroom,living,bedroom,bedroom,entry,kitchen,entry,entry,entry
3180,d02 Sat 05:00,kitchen,kitchen,kitchen,kitchen,kitchen,bedroom,bedroom,living,bedroom,bedroom,entry,kitchen,entry,entry,entry
3240,d02 Sat 06:00,kitchen,kitchen,kitchen,kitchen,kitchen,bedroom,bedroom,living,bedroom,bedroom,entry,kitchen,entry,entry,entry
3300,d02 Sat 07:00,kitchen,kitchen,kitchen,kitchen,kitchen,bedroom,bedroom,living,bedroom,bedroom,entry,kitchen,entry,entry,entry
3360,d02 Sat 08:00,kitchen,kitchen,kitchen,kitchen,kitchen,bedroom,bedroom,living,bedroom,bedroom,entry,kitchen,entry,entry,entry
3420,d02 Sat 09:00,kitchen,kitchen,kitchen,kitchen,kitchen,bedroom,bedroom,living,bedroom,bedroom,entry,kitchen,entry,entry,entry
3480,d02 Sat 10:00,kitchen,kitchen,kitchen,kitchen,kitchen,bedroom,bedroom,living,bedroom,bedroom,entry,kitchen,entry,entry,entry
3540,d02 Sat 11:00,kitchen,kitchen,kitchen,kitchen,kitchen,bedroom,bedroom,living,bedroom,living,living,kitchen,entry,entry,entry
3600,d02 Sat 12:00,kitchen,kitchen,kitchen,kitchen,kitchen,bedroom,bedroom,living,bedroom,living,living,kitchen,entry,entry,entry
3660,d02 Sat 13:00,kitchen,kitchen,kitchen,kitchen,kitchen,bedroom,bedroom,living,bedroom,living,living,kitchen,entry,entry,entry
3720,d02 Sat 14:00,kitchen,kitchen,kitchen,kitchen,kitchen,bedroom,bedroom,living,bedroom,living,living,kitchen,outside,outside,outside
3780,d02 Sat 15:00,kitchen,kitchen,kitchen,kitchen,kitchen,bedroom,bedroom,living,bedroom,living,living,kitchen,outside,outside,outside
3840,d02 Sat 16:00,kitchen,kitchen,kitchen,kitchen,kitchen,bedroom,bedroom,living,bedroom,living,living,kitchen,outside,outside,outside
3900,d02 Sat 17:00,kitchen,kitchen,kitchen,kitchen,kitchen,bedroom,bedroom,living,bedroom,living,living,kitchen,entry,entry,entry
3960,d02 Sat 18:00,kitchen,kitchen,kitchen,kitchen,kitchen,bedroom,bedroom,living,bedroom,living,living,kitchen,entry,entry,entry
4020,d02 Sat 19:00,kitchen,kitchen,kitchen,kitchen,kitchen,bedroom,living,living,bedroom,living,living,kitchen,entry,entry,entry
4080,d02 Sat 20:00,kitchen,kitchen,kitchen,kitchen,kitchen,bedroom,living,living,bedroom,living,living,kitchen,entry,entry,entry
4140,d02 Sat 21:00,kitchen,kitchen,kitchen,kitchen,kitchen,bedroom,living,living,bedroom,living,living,kitchen,entry,entry,entry
4200,d02 Sat 22:00,kitchen,kitchen,kitchen,kitchen,kitchen,living,living,living,bedroom,living,living,kitchen,entry,entry,entry
4260,d02 Sat 23:00,kitchen,kitchen,kitchen,kitchen,kitchen,living,living,living,living,living,living,kitchen,entry,entry,entry
4320,d03 Sun 00:00,kitchen,kitchen,kitchen,kitchen,kitchen,living,living,living,living,living,entry,kitchen,entry,entry,entry
4380,d03 Sun 01:00,kitchen,kitchen,kitchen,kitchen,kitchen,bedroom,living,living,bedroom,living,entry,kitchen,entry,entry,entry
4440,d03 Sun 02:00,kitchen,kitchen,kitchen,kitchen,kitchen,bedroom,living,living,bedroom,living,entry,kitchen,entry,entry,entry
4500,d03 Sun 03:00,kitchen,kitchen,kitchen,kitchen,kitchen,bedroom,living,living,bedroom,living,entry,kitchen,entry,entry,entry
4560,d03 Sun 04:00,kitchen,kitchen,kitchen,kitchen,kitchen,bedroom,living,living,bedroom,living,entry,kitchen,entry,entry,entry
4620,d03 Sun 05:00,kitchen,kitchen,kitchen,kitchen,kitchen,bedroom,living,living,bedroom,living,entry,kitchen,entry,entry,entry
4680,d03 Sun 06:00,kitchen,kitchen,kitchen,kitchen,kitchen,bedroom,living,living,bedroom,living,entry,kitchen,entry,entry,entry
4740,d03 Sun 07:00,kitchen,kitchen,kitchen,kitchen,kitchen,bedroom,living,living,bedroom,living,entry,kitchen,entry,entry,entry
4800,d03 Sun 08:00,kitchen,kitchen,kitchen,kitchen,kitchen,bedroom,living,living,bedroom,living,entry,kitchen,entry,entry,entry
4860,d03 Sun 09:00,kitchen,kitchen,kitchen,kitchen,kitchen,living,living,living,bedroom,living,living,kitchen,entry,entry,entry
4920,d03 Sun 10:00,kitchen,kitchen,kitchen,kitchen,kitchen,living,living,living,bedroom,living,living,kitchen,entry,entry,entry
4980,d03 Sun 11:00,kitchen,kitchen,kitchen,kitchen,kitchen,living,living,living,bedroom,living,living,kitchen,entry,entry,entry
5040,d03 Sun 12:00,kitchen,kitchen,kitchen,kitchen,kitchen,living,living,living,bedroom,living,living,kitchen,entry,entry,entry
5100,d03 Sun 13:00,living,kitchen,living,kitchen,living,living,living,living,bedroom,living,living,kitchen,entry,entry,entry
5160,d03 Sun 14:00,living,kitchen,living,kitchen,living,living,living,living,bedroom,living,living,kitchen,entry,entry,entry
5220,d03 Sun 15:00,living,kitchen,living,kitchen,living,living,living,living,bedroom,living,living,kitchen,entry,entry,entry
5280,d03 Sun 16:00,living,kitchen,living,kitchen,living,living,living,living,bedroom,living,living,kitchen,entry,entry,entry
5340,d03 Sun 17:00,living,kitchen,living,kitchen,living,living,living,living,bedroom,living,living,kitchen,entry,entry,entry
5400,d03 Sun 18:00,kitchen,kitchen,kitchen,kitchen,kitchen,living,living,living,bedroom,living,living,kitchen,entry,entry,entry
5460,d03 Sun 19:00,kitchen,kitchen,kitchen,kitchen,kitchen,living,living,living,bedroom,living,living,kitchen,entry,entry,entry
5520,d03 Sun 20:00,kitchen,kitchen,kitchen,kitchen,kitchen,living,living,living,bedroom,living,living,kitchen,entry,entry,entry
5580,d03 Sun 21:00,kitchen,kitchen,kitchen,kitchen,living,living,living,living,bedroom,living,living,kitchen,entry,entry,entry
5640,d03 Sun 22:00,kitchen,kitchen,kitchen,kitchen,living,living,living,living,bedroom,living,living,kitchen,entry,entry,entry
5700,d03 Sun 23:00,kitchen,kitchen,kitchen,kitchen,living,living,living,living,bedroom,living,living,kitchen,entry,entry,entry
5760,d04 Mon 00:00,kitchen,kitchen,kitchen,kitchen,living,bedroom,living,living,bedroom,living,living,kitchen,entry,entry,entry
5820,d04 Mon 01:00,kitchen,kitchen,kitchen,kitchen,living,bedroom,living,living,bedroom,living,living,kitchen,entry,entry,entry
5880,d04 Mon 02:00,kitchen,kitchen,kitchen,kitchen,living,bedroom,living,living,bedroom,living,living,kitchen,entry,entry,entry
5940,d04 Mon 03:00,kitchen,kitchen,kitchen,kitchen,living,bedroom,living,living,bedroom,living,living,kitchen,entry,entry,entry
6000,d04 Mon 04:00,kitchen,kitchen,kitchen,kitchen,living,bedroom,living,living,bedroom,living,living,kitchen,entry,entry,entry
6060,d04 Mon 05:00,kitchen,kitchen,kitchen,kitchen,living,bedroom,living,living,bedroom,living,living,kitchen,entry,entry,entry
6120,d04 Mon 06:00,kitchen,kitchen,kitchen,kitchen,living,bedroom,living,living,bedroom,living,living,kitchen,entry,entry,entry
6180,d04 Mon 07:00,kitchen,kitchen,kitchen,kitchen,living,bedroom,living,living,bedroom,living,living,kitchen,entry,entry,entry
6240,d04 Mon 08:00,kitchen,kitchen,kitchen,kitchen,living,bedroom,living,living,bedroom,living,living,kitchen,entry,entry,entry
6300,d04 Mon 09:00,living,kitchen,kitchen,kitchen,living,bedroom,living,living,bedroom,living,living,kitchen,entry,entry,entry
6360,d04 Mon 10:00,kitchen,kitchen,kitchen,kitchen,living,living,living,living,bedroom,living,living,kitchen,entry,entry,entry
6420,d04 Mon 11:00,kitchen,kitchen,living,kitchen,living,living,living,living,bedroom,living,living,kitchen,entry,entry,entry
6480,d04 Mon 12:00,kitchen,kitchen,living,kitchen,living,living,living,living,bedroom,living,living,kitchen,outside,outside,outside
6540,d04 Mon 13:00,kitchen,kitchen,living,kitchen,living,living,living,living,bedroom,living,living,kitchen,outside,outside,outside
6600,d04 Mon 14:00,kitchen,kitchen,living,kitchen,living,living,living,living,bedroom,living,living,kitchen,entry,entry,kitchen
6660,d04 Mon 15:00,kitchen,kitchen,kitchen,kitchen,kitchen,living,living,living,bedroom,living,living,kitchen,entry,entry,kitchen
6720,d04 Mon 16:00,kitchen,kitchen,kitchen,kitchen,kitchen,living,living,living,bedroom,living,living,kitchen,entry,entry,kitchen
6780,d04 Mon 17:00,kitchen,kitchen,kitchen,kitchen,kitchen,living,bedroom,living,bedroom,living,living,kitchen,entry,entry,entry
6840,d04 Mon 18:00,kitchen,kitchen,kitchen,kitchen,kitchen,living,bedroom,living,bedroom,living,living,kitchen,entry,entry,entry
6900,d04 Mon 19:00,kitchen,kitchen,living,kitchen,kitchen,living,bedroom,living,bedroom,living,living,kitchen,entry,entry,entry
6960,d04 Mon 20:00,kitchen,kitchen,living,kitchen,kitchen,living,living,living,living,living,living,kitchen,entry,entry,entry
7020,d04 Mon 21:00,kitchen,kitchen,living,kitchen,kitchen,living,living,living,living,living,living,kitchen,entry,entry,entry
7080,d04 Mon 22:00,kitchen,kitchen,living,kitchen,kitchen,living,living,living,living,living,living,kitchen,entry,entry,entry
7140,d04 Mon 23:00,kitchen,kitchen,living,kitchen,kitchen,living,living,living,living,living,living,kitchen,entry,entry,entry
7200,d05 Tue 00:00,kitchen,kitchen,living,kitchen,kitchen,bedroom,living,living,bedroom,living,living,kitchen,entry,entry,entry
7260,d05 Tue 01:00,kitchen,kitchen,living,kitchen,kitchen,bedroom,living,living,bedroom,living,living,kitchen,entry,entry,entry
7320,d05 Tue 02:00,kitchen,kitchen,living,kitchen,kitchen,bedroom,living,living,bedroom,living,living,kitchen,entry,entry,entry
7380,d05 Tue 03:00,kitchen,kitchen,living,kitchen,kitchen,bedroom,living,living,bedroom,living,living,kitchen,entry,entry,entry
7440,d05 Tue 04:00,kitchen,kitchen,living,kitchen,kitchen,bedroom,living,living,bedroom,living,living,kitchen,entry,entry,entry
7500,d05 Tue 05:00,kitchen,kitchen,living,kitchen,kitchen,bedroom,living,living,bedroom,living,living,kitchen,entry,entry,entry
7560,d05 Tue 06:00,kitchen,kitchen,living,kitchen,kitchen,bedroom,living,living,bedroom,living,living,kitchen,entry,entry,entry
7620,d05 Tue 07:00,kitchen,kitchen,living,kitchen,kitchen,bedroom,living,living,bedroom,living,living,kitchen,entry,entry,entry
7680,d05 Tue 08:00,kitchen,kitchen,living,kitchen,kitchen,bedroom,living,living,bedroom,living,living,kitchen,entry,entry,entry
7740,d05 Tue 09:00,kitchen,kitchen,living,kitchen,kitchen,bedroom,living,living,bedroom,living,living,kitchen,entry,entry,entry
7800,d05 Tue 10:00,kitchen,kitchen,living,kitchen,kitchen,bedroom,living,living,bedroom,living,living,kitchen,entry,entry,entry
7860,d05 Tue 11:00,kitchen,kitchen,kitchen,kitchen,kitchen,bedroom,bedroom,living,living,living,living,kitchen,entry,entry,entry
7920,d05 Tue 12:00,kitchen,kitchen,kitchen,kitchen,kitchen,bedroom,bedroom,living,living,living,living,kitchen,outside,outside,outside
7980,d05 Tue 13:00,kitchen,kitchen,kitchen,kitchen,kitchen,bedroom,bedroom,living,living,living,living,kitchen,outside,outside,outside
8040,d05 Tue 14:00,kitchen,kitchen,living,kitchen,kitchen,bedroom,bedroom,living,living,living,living,kitchen,entry,entry,entry
8100,d05 Tue 15:00,living,kitchen,living,kitchen,kitchen,bedroom,bedroom,living,living,living,living,kitchen,outside,outside,outside
8160,d05 Tue 16:00,living,kitchen,living,kitchen,kitchen,living,living,living,living,living,living,kitchen,entry,entry,entry
8220,d05 Tue 17:00,living,kitchen,living,kitchen,kitchen,living,living,living,living,living,living,kitchen,entry,entry,entry
8280,d05 Tue 18:00,living,kitchen,living,kitchen,kitchen,living,living,living,living,living,living,kitchen,entry,entry,entry
8340,d05 Tue 19:00,kitchen,kitchen,living,kitchen,living,living,living,living,living,living,living,kitchen,entry,entry,entry
8400,d05 Tue 20:00,kitchen,kitchen,kitchen,kitchen,kitchen,living,living,living,living,living,living,kitchen,entry,entry,entry
8460,d05 Tue 21:00,kitchen,kitchen,kitchen,kitchen,kitchen,living,living,living,living,living,living,kitchen,entry,entry,entry
8520,d05 Tue 22:00,kitchen,kitchen,kitchen,kitchen,kitchen,living,living,living,living,living,living,kitchen,entry,entry,entry
8580,d05 Tue 23:00,kitchen,kitchen,kitchen,kitchen,kitchen,living,living,living,living,living,living,kitchen,entry,entry,entry
8640,d06 Wed 00:00,kitchen,kitchen,kitchen,kitchen,kitchen,bedroom,living,living,bedroom,living,living,kitchen,entry,entry,entry
8700,d06 Wed 01:00,kitchen,kitchen,kitchen,kitchen,kitchen,bedroom,living,living,bedroom,living,living,kitchen,entry,entry,entry
8760,d06 Wed 02:00,kitchen,kitchen,kitchen,kitchen,kitchen,bedroom,living,living,bedroom,living,living,kitchen,entry,entry,entry
8820,d06 Wed 03:00,kitchen,kitchen,kitchen,kitchen,kitchen,bedroom,living,living,bedroom,living,living,kitchen,entry,entry,entry
8880,d06 Wed 04:00,kitchen,kitchen,kitchen,kitchen,kitchen,bedroom,living,living,bedroom,living,living,kitchen,entry,entry,entry
8940,d06 Wed 05:00,kitchen,kitchen,kitchen,kitchen,kitchen,bedroom,living,living,bedroom,living,living,kitchen,entry,entry,entry
9000,d06 Wed 06:00,kitchen,kitchen,kitchen,kitchen,kitchen,bedroom,living,living,bedroom,living,living,kitchen,entry,entry,entry
9060,d06 Wed 07:00,kitchen,kitchen,kitchen,kitchen,kitchen,bedroom,living,living,bedroom,living,living,kitchen,entry,entry,entry
9120,d06 Wed 08:00,kitchen,kitchen,kitchen,kitchen,kitchen,living,bedroom,living,bedroom,living,living,kitchen,entry,entry,entry
9180,d06 Wed 09:00,kitchen,kitchen,kitchen,kitchen,kitchen,living,bedroom,living,bedroom,living,living,kitchen,entry,entry,entry
9240,d06 Wed 10:00,kitchen,kitchen,kitchen,kitchen,kitchen,living,bedroom,living,bedroom,living,living,kitchen,outside,outside,outside
9300,d06 Wed 11:00,kitchen,kitchen,kitchen,kitchen,kitchen,living,bedroom,living,bedroom,living,living,kitchen,outside,outside,outside
9360,d06 Wed 12:00,kitchen,kitchen,kitchen,kitchen,kitchen,living,bedroom,living,bedroom,living,living,kitchen,outside,outside,outside
9420,d06 Wed 13:00,kitchen,kitchen,kitchen,kitchen,kitchen,living,bedroom,living,bedroom,living,living,kitchen,outside,outside,outside
9480,d06 Wed 14:00,kitchen,kitchen,kitchen,kitchen,kitchen,living,bedroom,living,bedroom,living,living,kitchen,outside,outside,outside
9540,d06 Wed 15:00,kitchen,kitchen,kitchen,kitchen,kitchen,living,bedroom,living,bedroom,living,living,kitchen,outside,outside,outside
9600,d06 Wed 16:00,kitchen,kitchen,kitchen,kitchen,kitchen,living,bedroom,living,bedroom,living,living,kitchen,outside,outside,outside
9660,d06 Wed 17:00,kitchen,kitchen,kitchen,kitchen,kitchen,living,bedroom,living,bedroom,living,living,kitchen,outside,outside,outside
9720,d06 Wed 18:00,kitchen,kitchen,kitchen,kitchen,kitchen,living,bedroom,living,bedroom,living,living,kitchen,entry,entry,entry
9780,d06 Wed 19:00,living,kitchen,living,kitchen,living,living,bedroom,living,bedroom,living,living,kitchen,entry,entry,entry
9840,d06 Wed 20:00,living,kitchen,living,kitchen,living,living,living,living,bedroom,living,living,kitchen,entry,entry,entry
9900,d06 Wed 21:00,living,kitchen,living,kitchen,living,living,living,living,bedroom,living,living,kitchen,entry,entry,entry
9960,d06 Wed 22:00,living,kitchen,living,kitchen,living,living,living,living,bedroom,living,living,kitchen,entry,entry,entry
10020,d06 Wed 23:00,living,kitchen,living,kitchen,living,living,living,living,bedroom,living,living,kitchen,entry,entry,entry
10080,d07 Thu 00:00,living,kitchen,living,kitchen,living,bedroom,living,living,bedroom,living,living,kitchen,entry,entry,entry
10140,d07 Thu 01:00,living,kitchen,living,kitchen,living,bedroom,living,living,bedroom,living,living,kitchen,entry,entry,entry
10200,d07 Thu 02:00,living,kitchen,living,kitchen,living,bedroom,living,living,bedroom,living,living,kitchen,entry,entry,entry
10260,d07 Thu 03:00,living,kitchen,living,kitchen,living,bedroom,living,living,bedroom,living,living,kitchen,entry,entry,entry
10320,d07 Thu 04:00,living,kitchen,living,kitchen,living,bedroom,living,living,bedroom,living,living,kitchen,entry,entry,entry
10380,d07 Thu 05:00,living,kitchen,living,kitchen,living,bedroom,living,living,bedroom,living,living,kitchen,entry,entry,entry
10440,d07 Thu 06:00,living,kitchen,living,kitchen,living,bedroom,living,living,bedroom,living,living,kitchen,entry,entry,entry
10500,d07 Thu 07:00,living,kitchen,living,kitchen,living,bedroom,living,living,bedroom,living,living,kitchen,entry,entry,entry
10560,d07 Thu 08:00,living,kitchen,living,kitchen,living,bedroom,living,living,bedroom,living,living,kitchen,entry,entry,entry
10620,d07 Thu 09:00,living,kitchen,living,kitchen,living,bedroom,living,living,bedroom,living,living,kitchen,entry,entry,entry
10680,d07 Thu 10:00,living,kitchen,living,kitchen,living,living,living,living,bedroom,living,living,kitchen,entry,entry,entry
10740,d07 Thu 11:00,living,kitchen,living,kitchen,living,living,living,living,bedroom,living,living,kitchen,entry,entry,entry
10800,d07 Thu 12:00,living,kitchen,living,kitchen,living,living,living,living,bedroom,living,living,kitchen,outside,outside,outside
10860,d07 Thu 13:00,living,kitchen,living,kitchen,living,living,living,living,bedroom,living,living,kitchen,outside,outside,outside
10920,d07 Thu 14:00,living,kitchen,living,kitchen,living,living,living,living,bedroom,living,living,kitchen,entry,entry,kitchen
10980,d07 Thu 15:00,living,kitchen,living,kitchen,living,living,living,living,bedroom,living,living,kitchen,outside,outside,outside
11040,d07 Thu 16:00,living,kitchen,living,kitchen,living,living,living,living,bedroom,living,living,kitchen,entry,entry,entry
11100,d07 Thu 17:00,living,kitchen,living,kitchen,living,living,living,living,bedroom,living,living,kitchen,entry,entry,entry
11160,d07 Thu 18:00,living,kitchen,living,kitchen,living,living,living,living,bedroom,living,living,kitchen,entry,entry,entry
11220,d07 Thu 19:00,living,kitchen,living,kitchen,living,living,living,living,living,living,living,kitchen,entry,entry,entry
11280,d07 Thu 20:00,kitchen,kitchen,living,kitchen,living,living,living,living,living,living,living,kitchen,entry,entry,entry
11340,d07 Thu 21:00,living,kitchen,living,kitchen,living,living,living,living,living,living,living,kitchen,entry,entry,entry
11400,d07 Thu 22:00,living,kitchen,living,kitchen,living,living,living,living,living,living,entry,kitchen,entry,entry,entry
11460,d07 Thu 23:00,living,kitchen,living,kitchen,living,bedroom,living,living,bedroom,living,entry,kitchen,entry,entry,entry
11520,d08 Fri 00:00,living,kitchen,living,kitchen,living,bedroom,living,living,bedroom,living,entry,kitchen,entry,entry,entry
11580,d08 Fri 01:00,living,kitchen,living,kitchen,living,bedroom,living,living,bedroom,living,entry,kitchen,entry,entry,entry
11640,d08 Fri 02:00,living,kitchen,living,kitchen,living,bedroom,living,living,bedroom,living,entry,kitchen,entry,entry,entry
11700,d08 Fri 03:00,living,kitchen,living,kitchen,living,bedroom,living,living,bedroom,living,entry,kitchen,entry,entry,entry
11760,d08 Fri 04:00,living,kitchen,living,kitchen,living,bedroom,living,living,bedroom,living,entry,kitchen,entry,entry,entry
11820,d08 Fri 05:00,living,kitchen,living,kitchen,living,bedroom,living,living,bedroom,living,entry,kitchen,entry,entry,entry
11880,d08 Fri 06:00,living,kitchen,living,kitchen,living,bedroom,living,living,bedroom,living,entry,kitchen,entry,entry,entry
11940,d08 Fri 07:00,living,kitchen,living,kitchen,living,bedroom,living,living,bedroom,living,entry,kitchen,entry,entry,entry
12000,d08 Fri 08:00,living,kitchen,living,kitchen,living,bedroom,living,living,bedroom,living,entry,kitchen,entry,entry,entry
12060,d08 Fri 09:00,kitchen,kitchen,living,kitchen,living,living,living,living,living,living,entry,kitchen,entry,entry,entry
12120,d08 Fri 10:00,kitchen,kitchen,living,kitchen,living,living,living,living,living,living,entry,kitchen,entry,entry,entry
12180,d08 Fri 11:00,living,kitchen,living,kitchen,living,living,living,living,living,living,entry,kitchen,entry,entry,entry
12240,d08 Fri 12:00,living,kitchen,living,kitchen,living,living,living,living,living,living,living,kitchen,outside,outside,outside
12300,d08 Fri 13:00,living,kitchen,living,kitchen,living,living,living,living,living,living,living,kitchen,outside,outside,outside
12360,d08 Fri 14:00,living,kitchen,living,kitchen,living,living,living,living,living,living,living,kitchen,entry,entry,entry
12420,d08 Fri 15:00,living,kitchen,living,kitchen,living,living,living,living,living,living,living,kitchen,outside,outside,outside
12480,d08 Fri 16:00,living,kitchen,living,kitchen,living,living,living,living,living,living,living,kitchen,entry,entry,entry
12540,d08 Fri 17:00,living,kitchen,living,kitchen,living,living,living,living,living,bedroom,living,kitchen,entry,entry,entry
12600,d08 Fri 18:00,living,kitchen,living,kitchen,living,living,living,living,living,bedroom,living,kitchen,entry,entry,entry
12660,d08 Fri 19:00,living,kitchen,living,kitchen,living,living,living,living,living,bedroom,living,kitchen,entry,entry,entry
12720,d08 Fri 20:00,living,kitchen,living,kitchen,living,living,living,living,living,bedroom,living,kitchen,entry,entry,entry
12780,d08 Fri 21:00,living,kitchen,living,kitchen,living,living,living,living,living,bedroom,living,kitchen,entry,entry,entry
12840,d08 Fri 22:00,living,kitchen,living,kitchen,living,living,bedroom,living,living,bedroom,living,kitchen,entry,entry,entry
12900,d08 Fri 23:00,living,kitchen,living,kitchen,living,living,bedroom,living,living,bedroom,living,kitchen,entry,entry,entry
12960,d09 Sat 00:00,living,kitchen,living,kitchen,living,bedroom,bedroom,living,bedroom,bedroom,living,kitchen,entry,entry,entry
13020,d09 Sat 01:00,living,kitchen,living,kitchen,living,bedroom,bedroom,living,bedroom,bedroom,living,kitchen,entry,entry,entry
13080,d09 Sat 02:00,living,kitchen,living,kitchen,living,bedroom,bedroom,living,bedroom,bedroom,living,kitchen,entry,entry,entry
13140,d09 Sat 03:00,living,kitchen,living,kitchen,living,bedroom,bedroom,living,bedroom,bedroom,living,kitchen,entry,entry,entry
13200,d09 Sat 04:00,living,kitchen,living,kitchen,living,bedroom,bedroom,living,bedroom,bedroom,living,kitchen,entry,entry,entry
13260,d09 Sat 05:00,living,kitchen,living,kitchen,living,bedroom,bedroom,living,bedroom,bedroom,living,kitchen,entry,entry,entry
13320,d09 Sat 06:00,living,kitchen,living,kitchen,living,bedroom,bedroom,living,bedroom,bedroom,living,kitchen,entry,entry,entry
13380,d09 Sat 07:00,living,kitchen,living,kitchen,living,bedroom,bedroom,living,bedroom,bedroom,living,kitchen,entry,entry,entry
13440,d09 Sat 08:00,living,kitchen,living,kitchen,living,bedroom,bedroom,living,bedroom,bedroom,living,kitchen,entry,entry,entry
13500,d09 Sat 09:00,living,kitchen,living,kitchen,living,bedroom,bedroom,living,bedroom,bedroom,living,kitchen,entry,entry,entry
13560,d09 Sat 10:00,kitchen,kitchen,living,kitchen,living,bedroom,bedroom,living,bedroom,bedroom,living,kitchen,entry,entry,entry
13620,d09 Sat 11:00,kitchen,kitchen,living,kitchen,living,bedroom,bedroom,living,bedroom,bedroom,living,kitchen,entry,entry,entry
13680,d09 Sat 12:00,kitchen,kitchen,living,kitchen,living,bedroom,bedroom,living,bedroom,bedroom,living,kitchen,entry,entry,entry
13740,d09 Sat 13:00,kitchen,kitchen,living,kitchen,living,living,bedroom,living,bedroom,bedroom,living,kitchen,entry,entry,entry
13800,d09 Sat 14:00,kitchen,kitchen,living,kitchen,living,living,living,living,bedroom,bedroom,living,kitchen,entry,entry,entry
13860,d09 Sat 15:00,kitchen,kitchen,living,kitchen,living,living,living,living,bedroom,bedroom,living,kitchen,entry,entry,entry
13920,d09 Sat 16:00,kitchen,kitchen,living,kitchen,living,living,living,living,bedroom,bedroom,living,kitchen,entry,entry,entry
13980,d09 Sat 17:00,kitchen,kitchen,living,kitchen,living,living,living,living,bedroom,living,living,kitchen,entry,entry,entry
14040,d09 Sat 18:00,kitchen,kitchen,living,kitchen,living,living,living,living,bedroom,living,living,kitchen,entry,entry,entry
14100,d09 Sat 19:00,kitchen,kitchen,living,kitchen,living,living,living,living,bedroom,living,living,kitchen,entry,entry,entry
14160,d09 Sat 20:00,kitchen,kitchen,kitchen,kitchen,kitchen,living,living,living,bedroom,living,living,kitchen,entry,entry,entry
14220,d09 Sat 21:00,kitchen,kitchen,kitchen,kitchen,kitchen,living,living,living,bedroom,living,living,kitchen,entry,entry,entry
14280,d09 Sat 22:00,kitchen,kitchen,kitchen,kitchen,kitchen,living,living,living,bedroom,living,living,kitchen,entry,entry,entry
14340,d09 Sat 23:00,kitchen,kitchen,kitchen,kitchen,kitchen,bedroom,living,living,bedroom,living,living,kitchen,entry,entry,entry
14400,d10 Sun 00:00,kitchen,kitchen,kitchen,kitchen,kitchen,bedroom,living,living,bedroom,living,living,kitchen,entry,entry,entry
14460,d10 Sun 01:00,kitchen,kitchen,kitchen,kitchen,kitchen,bedroom,living,living,bedroom,living,living,kitchen,entry,entry,entry
14520,d10 Sun 02:00,kitchen,kitchen,kitchen,kitchen,kitchen,bedroom,living,living,bedroom,living,living,kitchen,entry,entry,entry
14580,d10 Sun 03:00,kitchen,kitchen,kitchen,kitchen,kitchen,bedroom,living,living,bedroom,living,living,kitchen,entry,entry,entry
14640,d10 Sun 04:00,kitchen,kitchen,kitchen,kitchen,kitchen,bedroom,living,living,bedroom,living,living,kitchen,entry,entry,entry
14700,d10 Sun 05:00,kitchen,kitchen,kitchen,kitchen,kitchen,bedroom,living,living,bedroom,living,living,kitchen,entry,entry,entry
14760,d10 Sun 06:00,kitchen,kitchen,kitchen,kitchen,kitchen,bedroom,living,living,bedroom,living,living,kitchen,entry,entry,entry
14820,d10 Sun 07:00,kitchen,kitchen,kitchen,kitchen,kitchen,bedroom,living,living,bedroom,living,living,kitchen,entry,entry,entry
14880,d10 Sun 08:00,kitchen,kitchen,kitchen,kitchen,kitchen,bedroom,living,living,bedroom,living,living,kitchen,entry,entry,entry
14940,d10 Sun 09:00,kitchen,kitchen,kitchen,kitchen,kitchen,bedroom,bedroom,living,bedroom,living,living,kitchen,outside,outside,outside
15000,d10 Sun 10:00,kitchen,kitchen,kitchen,kitchen,kitchen,bedroom,bedroom,living,bedroom,living,living,kitchen,outside,outside,outside
15060,d10 Sun 11:00,kitchen,kitchen,kitchen,kitchen,kitchen,bedroom,bedroom,living,bedroom,living,living,kitchen,outside,outside,outside
15120,d10 Sun 12:00,kitchen,kitchen,kitchen,kitchen,kitchen,bedroom,bedroom,living,bedroom,living,living,kitchen,outside,outside,outside
15180,d10 Sun 13:00,kitchen,kitchen,kitchen,kitchen,kitchen,bedroom,living,living,bedroom,living,living,kitchen,entry,entry,entry
15240,d10 Sun 14:00,kitchen,kitchen,kitchen,kitchen,kitchen,bedroom,living,living,bedroom,living,living,kitchen,entry,entry,entry
15300,d10 Sun 15:00,kitchen,kitchen,kitchen,kitchen,kitchen,bedroom,living,living,bedroom,living,living,kitchen,entry,entry,entry
15360,d10 Sun 16:00,kitchen,kitchen,kitchen,kitchen,kitchen,bedroom,living,living,bedroom,living,living,kitchen,entry,entry,entry
15420,d10 Sun 17:00,kitchen,kitchen,kitchen,kitchen,kitchen,bedroom,living,living,bedroom,living,living,kitchen,entry,entry,entry
15480,d10 Sun 18:00,kitchen,kitchen,kitchen,kitchen,kitchen,living,living,living,bedroom,living,living,kitchen,entry,entry,entry
15540,d10 Sun 19:00,kitchen,kitchen,kitchen,kitchen,kitchen,living,living,living,living,living,living,kitchen,entry,entry,entry
15600,d10 Sun 20:00,kitchen,kitchen,kitchen,kitchen,kitchen,living,living,living,living,living,living,kitchen,entry,entry,entry
15660,d10 Sun 21:00,kitchen,kitchen,kitchen,kitchen,kitchen,living,living,living,living,living,living,kitchen,entry,entry,entry
15720,d10 Sun 22:00,kitchen,kitchen,kitchen,kitchen,kitchen,living,living,living,living,living,living,kitchen,entry,entry,entry
15780,d10 Sun 23:00,kitchen,kitchen,kitchen,kitchen,kitchen,living,living,living,living,living,living,kitchen,entry,entry,entry
15840,d11 Mon 00:00,kitchen,kitchen,kitchen,kitchen,kitchen,bedroom,living,living,living,living,living,kitchen,entry,entry,entry
15900,d11 Mon 01:00,kitchen,kitchen,kitchen,kitchen,kitchen,bedroom,living,living,living,living,living,kitchen,entry,entry,entry
15960,d11 Mon 02:00,kitchen,kitchen,kitchen,kitchen,kitchen,bedroom,living,living,living,living,living,kitchen,entry,entry,entry
16020,d11 Mon 03:00,kitchen,kitchen,kitchen,kitchen,kitchen,bedroom,living,living,living,living,living,kitchen,entry,entry,entry
16080,d11 Mon 04:00,kitchen,kitchen,kitchen,kitchen,kitchen,bedroom,living,living,living,living,living,kitchen,entry,entry,entry
16140,d11 Mon 05:00,kitchen,kitchen,kitchen,kitchen,kitchen,bedroom,living,living,living,living,living,kitchen,entry,entry,entry
16200,d11 Mon 06:00,kitchen,kitchen,kitchen,kitchen,kitchen,bedroom,living,living,bedroom,living,living,kitchen,entry,entry,entry
16260,d11 Mon 07:00,kitchen,kitchen,kitchen,kitchen,kitchen,bedroom,living,living,bedroom,living,living,kitchen,entry,entry,entry
16320,d11 Mon 08:00,kitchen,kitchen,kitchen,kitchen,kitchen,bedroom,living,living,bedroom,living,living,kitchen,entry,entry,entry
16380,d11 Mon 09:00,kitchen,kitchen,kitchen,kitchen,kitchen,bedroom,living,living,bedroom,living,living,kitchen,entry,entry,entry
16440,d11 Mon 10:00,kitchen,kitchen,kitchen,kitchen,kitchen,living,living,living,bedroom,living,living,kitchen,entry,entry,entry
16500,d11 Mon 11:00,kitchen,kitchen,kitchen,kitchen,kitchen,living,living,living,bedroom,bedroom,living,kitchen,outside,outside,outside
16560,d11 Mon 12:00,kitchen,kitchen,kitchen,kitchen,kitchen,living,living,living,bedroom,bedroom,living,kitchen,outside,outside,outside
16620,d11 Mon 13:00,kitchen,kitchen,kitchen,kitchen,kitchen,living,living,living,bedroom,bedroom,living,kitchen,outside,outside,outside
16680,d11 Mon 14:00,kitchen,kitchen,kitchen,kitchen,kitchen,living,living,living,bedroom,bedroom,living,kitchen,outside,outside,outside
16740,d11 Mon 15:00,kitchen,kitchen,kitchen,kitchen,kitchen,living,living,living,bedroom,bedroom,living,kitchen,outside,outside,outside
16800,d11 Mon 16:00,kitchen,kitchen,kitchen,kitchen,kitchen,living,living,living,bedroom,bedroom,living,kitchen,entry,entry,entry
16860,d11 Mon 17:00,kitchen,kitchen,kitchen,kitchen,kitchen,living,living,living,bedroom,bedroom,living,kitchen,outside,outside,outside
16920,d11 Mon 18:00,kitchen,kitchen,kitchen,kitchen,kitchen,living,living,living,bedroom,bedroom,living,kitchen,outside,outside,outside
16980,d11 Mon 19:00,kitchen,kitchen,kitchen,kitchen,kitchen,living,living,living,bedroom,bedroom,living,kitchen,outside,outside,outside
17040,d11 Mon 20:00,kitchen,kitchen,living,kitchen,kitchen,living,living,living,bedroom,bedroom,living,kitchen,entry,entry,entry
17100,d11 Mon 21:00,kitchen,kitchen,living,kitchen,kitchen,living,living,living,bedroom,bedroom,living,kitchen,entry,entry,entry
17160,d11 Mon 22:00,kitchen,kitchen,living,kitchen,kitchen,living,living,living,bedroom,bedroom,living,kitchen,entry,entry,entry
17220,d11 Mon 23:00,kitchen,kitchen,living,kitchen,kitchen,living,living,living,bedroom,bedroom,living,kitchen,entry,entry,entry
17280,d12 Tue 00:00,kitchen,kitchen,living,kitchen,kitchen,bedroom,living,living,bedroom,bedroom,living,kitchen,entry,entry,entry
17340,d12 Tue 01:00,kitchen,kitchen,living,kitchen,kitchen,bedroom,living,living,bedroom,bedroom,living,kitchen,entry,entry,entry
17400,d12 Tue 02:00,kitchen,kitchen,living,kitchen,kitchen,bedroom,living,living,bedroom,bedroom,living,kitchen,entry,entry,entry
17460,d12 Tue 03:00,kitchen,kitchen,living,kitchen,kitchen,bedroom,living,living,bedroom,bedroom,living,kitchen,entry,entry,entry
17520,d12 Tue 04:00,kitchen,kitchen,living,kitchen,kitchen,bedroom,living,living,bedroom,bedroom,living,kitchen,entry,entry,entry
17580,d12 Tue 05:00,kitchen,kitchen,living,kitchen,kitchen,bedroom,living,living,bedroom,bedroom,living,kitchen,entry,entry,entry
17640,d12 Tue 06:00,kitchen,kitchen,living,kitchen,kitchen,bedroom,living,living,bedroom,bedroom,living,kitchen,entry,entry,entry
17700,d12 Tue 07:00,kitchen,kitchen,living,kitchen,kitchen,bedroom,living,living,bedroom,bedroom,living,kitchen,entry,entry,entry
17760,d12 Tue 08:00,kitchen,kitchen,living,kitchen,kitchen,bedroom,living,living,bedroom,bedroom,living,kitchen,entry,entry,entry
17820,d12 Tue 09:00,kitchen,kitchen,living,kitchen,kitchen,bedroom,living,living,bedroom,bedroom,living,kitchen,entry,entry,entry
17880,d12 Tue 10:00,kitchen,kitchen,living,kitchen,kitchen,living,living,living,bedroom,bedroom,living,kitchen,entry,entry,entry
17940,d12 Tue 11:00,kitchen,kitchen,kitchen,kitchen,kitchen,living,living,living,bedroom,bedroom,living,kitchen,entry,entry,entry
18000,d12 Tue 12:00,kitchen,kitchen,kitchen,kitchen,kitchen,living,living,living,bedroom,bedroom,living,kitchen,outside,outside,outside
18060,d12 Tue 13:00,kitchen,kitchen,kitchen,kitchen,kitchen,living,living,living,bedroom,living,living,kitchen,entry,entry,kitchen
18120,d12 Tue 14:00,kitchen,kitchen,kitchen,kitchen,kitchen,living,living,living,bedroom,living,living,kitchen,entry,entry,kitchen
18180,d12 Tue 15:00,kitchen,kitchen,kitchen,kitchen,kitchen,bedroom,bedroom,living,bedroom,living,living,kitchen,entry,entry,entry
18240,d12 Tue 16:00,kitchen,kitchen,kitchen,kitchen,kitchen,living,bedroom,living,bedroom,living,living,kitchen,entry,entry,entry
18300,d12 Tue 17:00,kitchen,kitchen,kitchen,kitchen,kitchen,living,bedroom,living,bedroom,living,living,kitchen,entry,entry,entry
18360,d12 Tue 18:00,kitchen,kitchen,kitchen,kitchen,kitchen,living,bedroom,living,bedroom,living,living,kitchen,entry,entry,entry
18420,d12 Tue 19:00,kitchen,kitchen,kitchen,kitchen,kitchen,living,living,living,bedroom,living,living,kitchen,entry,entry,entry
18480,d12 Tue 20:00,kitchen,kitchen,kitchen,kitchen,kitchen,living,living,living,bedroom,living,living,kitchen,entry,entry,entry
18540,d12 Tue 21:00,kitchen,kitchen,kitchen,kitchen,kitchen,living,living,living,bedroom,living,living,kitchen,entry,entry,entry
18600,d12 Tue 22:00,kitchen,kitchen,kitchen,kitchen,kitchen,living,living,living,bedroom,living,living,kitchen,entry,entry,entry
18660,d12 Tue 23:00,kitchen,kitchen,kitchen,kitchen,kitchen,living,living,living,bedroom,living,living,kitchen,entry,entry,entry
18720,d13 Wed 00:00,kitchen,kitchen,kitchen,kitchen,kitchen,bedroom,living,living,bedroom,living,living,kitchen,entry,entry,entry
18780,d13 Wed 01:00,kitchen,kitchen,kitchen,kitchen,kitchen,bedroom,living,living,bedroom,living,living,kitchen,entry,entry,entry
18840,d13 Wed 02:00,kitchen,kitchen,kitchen,kitchen,kitchen,bedroom,living,living,bedroom,living,living,kitchen,entry,entry,entry
18900,d13 Wed 03:00,kitchen,kitchen,kitchen,kitchen,kitchen,bedroom,living,living,bedroom,living,living,kitchen,entry,entry,entry
18960,d13 Wed 04:00,kitchen,kitchen,kitchen,kitchen,kitchen,bedroom,living,living,bedroom,living,living,kitchen,entry,entry,entry
19020,d13 Wed 05:00,kitchen,kitchen,kitchen,kitchen,kitchen,bedroom,living,living,bedroom,living,living,kitchen,entry,entry,entry
19080,d13 Wed 06:00,kitchen,kitchen,kitchen,kitchen,kitchen,bedroom,living,living,bedroom,living,living,kitchen,entry,entry,entry
19140,d13 Wed 07:00,kitchen,kitchen,kitchen,kitchen,kitchen,bedroom,living,living,bedroom,living,living,kitchen,entry,entry,entry
19200,d13 Wed 08:00,kitchen,kitchen,kitchen,kitchen,kitchen,bedroom,living,living,bedroom,living,living,kitchen,entry,entry,entry
19260,d13 Wed 09:00,kitchen,kitchen,kitchen,kitchen,kitchen,bedroom,living,living,bedroom,living,living,kitchen,entry,entry,entry
19320,d13 Wed 10:00,kitchen,kitchen,kitchen,kitchen,kitchen,bedroom,bedroom,living,bedroom,living,living,kitchen,outside,outside,outside
19380,d13 Wed 11:00,kitchen,kitchen,kitchen,kitchen,kitchen,bedroom,bedroom,living,bedroom,living,living,kitchen,outside,outside,outside
19440,d13 Wed 12:00,kitchen,kitchen,kitchen,kitchen,kitchen,bedroom,bedroom,living,bedroom,living,living,kitchen,outside,outside,outside
19500,d13 Wed 13:00,kitchen,kitchen,kitchen,kitchen,kitchen,bedroom,bedroom,living,bedroom,living,living,kitchen,outside,outside,outside
19560,d13 Wed 14:00,kitchen,kitchen,kitchen,kitchen,kitchen,bedroom,bedroom,living,bedroom,living,living,kitchen,outside,outside,outside
19620,d13 Wed 15:00,kitchen,kitchen,kitchen,kitchen,kitchen,bedroom,bedroom,living,bedroom,living,living,kitchen,outside,outside,outside
19680,d13 Wed 16:00,kitchen,kitchen,kitchen,kitchen,kitchen,bedroom,bedroom,living,bedroom,living,living,kitchen,outside,outside,outside
19740,d13 Wed 17:00,kitchen,kitchen,kitchen,kitchen,kitchen,bedroom,bedroom,living,bedroom,living,living,kitchen,outside,outside,outside
19800,d13 Wed 18:00,kitchen,kitchen,kitchen,kitchen,kitchen,bedroom,bedroom,living,bedroom,living,living,kitchen,outside,outside,outside
19860,d13 Wed 19:00,kitchen,kitchen,kitchen,kitchen,kitchen,bedroom,bedroom,living,bedroom,living,living,kitchen,entry,entry,kitchen
19920,d13 Wed 20:00,kitchen,kitchen,kitchen,kitchen,kitchen,living,bedroom,living,bedroom,living,living,kitchen,entry,entry,kitchen
19980,d13 Wed 21:00,kitchen,kitchen,kitchen,kitchen,kitchen,living,living,living,bedroom,living,living,kitchen,entry,entry,kitchen
20040,d13 Wed 22:00,kitchen,kitchen,kitchen,kitchen,kitchen,living,living,living,bedroom,living,living,kitchen,entry,entry,kitchen
20100,d13 Wed 23:00,kitchen,kitchen,kitchen,kitchen,kitchen,living,living,living,bedroom,living,living,kitchen,entry,entry,kitchen
