t,stamp,mug_elara,tablet_elara,laptop_elara,phone_elara,keys_elara,wallet_elara,book_elara,water_bottle_elara,remote_elara,charger_elara,backpack_elara,jacket_elara,headphones_elara,glasses_elara,notebook_elara,pen_elara,medication_bottle_elara,blanket_elara,towel_elara,lunchbox_elara
0,d00 Mon 00:00,kitchen,bedroom,bedroom,bedroom,entry,entry,bedroom,kitchen,living,bedroom,entry,entry,bedroom,bedroom,bedroom,bedroom,bedroom,bedroom,bathroom,kitchen
60,d00 Mon 01:00,kitchen,bedroom,bedroom,outside,outside,outside,bedroom,outside,living,bedroom,outside,outside,bedroom,bedroom,bedroom,bedroom,bedroom,bedroom,bathroom,kitchen
120,d00 Mon 02:00,kitchen,bedroom,bedroom,outside,outside,outside,bedroom,outside,living,bedroom,outside,outside,bedroom,bedroom,bedroom,bedroom,bedroom,bedroom,bathroom,kitchen
180,d00 Mon 03:00,kitchen,bedroom,bedroom,outside,outside,outside,bedroom,outside,living,bedroom,outside,outside,bedroom,bedroom,bedroom,bedroom,bedroom,bedroom,bathroom,kitchen
240,d00 Mon 04:00,kitchen,bedroom,bedroom,outside,outside,outside,bedroom,outside,living,bedroom,outside,outside,bedroom,bedroom,bedroom,bedroom,bedroom,bedroom,bathroom,kitchen
300,d00 Mon 05:00,kitchen,bedroom,bedroom,outside,outside,outside,bedroom,outside,living,bedroom,outside,outside,bedroom,bedroom,bedroom,bedroom,bedroom,bedroom,bathroom,kitchen
360,d00 Mon 06:00,kitchen,bedroom,bedroom,bedroom,entry,entry,bedroom,kitchen,living,bedroom,entry,entry,bedroom,bedroom,bedroom,bedroom,bedroom,bedroom,bathroom,entry
420,d00 Mon 07:00,kitchen,bedroom,bedroom,bedroom,entry,entry,bedroom,kitchen,living,bedroom,entry,entry,bedroom,bedroom,bedroom,bedroom,bedroom,bedroom,bathroom,kitchen
480,d00 Mon 08:00,kitchen,bedroom,bedroom,bedroom,entry,entry,bedroom,kitchen,living,bedroom,entry,entry,bedroom,bedroom,bedroom,bedroom,bedroom,bedroom,bathroom,kitchen
540,d00 Mon 09:00,kitchen,bedroom,bedroom,bedroom,entry,entry,bedroom,kitchen,living,bedroom,entry,entry,bedroom,bedroom,bedroom,bedroom,bedroom,bedroom,bathroom,kitchen
600,d00 Mon 10:00,kitchen,bedroom,bedroom,bedroom,entry,entry,bedroom,kitchen,living,bedroom,entry,entry,bedroom,bedroom,bedroom,bedroom,bedroom,bedroom,bathroom,kitchen
660,d00 Mon 11:00,kitchen,bedroom,bedroom,bedroom,entry,entry,bedroom,kitchen,living,bedroom,entry,entry,bedroom,bedroom,bedroom,bedroom,bedroom,bedroom,bathroom,kitchen
720,d00 Mon 12:00,kitchen,bedroom,bedroom,bedroom,entry,entry,bedroom,kitchen,living,bedroom,entry,entry,bedroom,bedroom,bedroom,bedroom,bedroom,bedroom,bathroom,kitchen
780,d00 Mon 13:00,kitchen,bedroom,bedroom,bedroom,entry,entry,bedroom,kitchen,living,bedroom,entry,entry,bedroom,bedroom,bedroom,bedroom,bedroom,bedroom,bathroom,kitchen
840,d00 Mon 14:00,kitchen,bedroom,bedroom,bedroom,entry,entry,bedroom,kitchen,living,bedroom,entry,entry,bedroom,bedroom,bedroom,bedroom,bedroom,bedroom,bathroom,kitchen
900,d00 Mon 15:00,kitchen,bedroom,bedroom,bedroom,entry,entry,bedroom,kitchen,living,bedroom,entry,entry,bedroom,bedroom,bedroom,bedroom,bedroom,bedroom,bathroom,kitchen
960,d00 Mon 16:00,kitchen,bedroom,bedroom,bedroom,entry,entry,bedroom,kitchen,living,bedroom,entry,entry,bedroom,bedroom,bedroom,bedroom,bedroom,bedroom,bathroom,kitchen
1020,d00 Mon 17:00,kitchen,bedroom,bedroom,bedroom,entry,entry,bedroom,kitchen,living,bedroom,entry,entry,bedroom,bedroom,bedroom,bedroom,bedroom,bedroom,bathroom,kitchen
1080,d00 Mon 18:00,kitchen,bedroom,bedroom,bedroom,entry,entry,bedroom,kitchen,living,bedroom,entry,entry,bedroom,bedroom,bedroom,bedroom,bedroom,bedroom,bathroom,kitchen
1140,d00 Mon 19:00,kitchen,bedroom,bedroom,outside,outside,outside,bedroom,outside,living,bedroom,outside,outside,bedroom,bedroom,bedroom,bedroom,bedroom,bedroom,bathroom,kitchen
1200,d00 Mon 20:00,kitchen,bedroom,bedroom,outside,bedroom,outside,bedroom,outside,living,bedroom,outside,outside,bedroom,bedroom,bedroom,bedroom,bedroom,bedroom,bathroom,kitchen
1260,d00 Mon 21:00,kitchen,bedroom,bedroom,outside,bedroom,outside,bedroom,outside,living,bedroom,outside,outside,bedroom,bedroom,bedroom,bedroom,bedroom,bedroom,bathroom,kitchen
1320,d00 Mon 22:00,kitchen,bedroom,bedroom,outside,bedroom,outside,bedroom,outside,living,bedroom,outside,outside,bedroom,bedroom,bedroom,bedroom,bedroom,bedroom,bathroom,kitchen
1380,d00 Mon 23:00,kitchen,bedroom,bedroom,outside,bedroom,outside,bedroom,outside,living,bedroom,outside,outside,bedroom,bedroom,bedroom,bedroom,bedroom,bedroom,bathroom,kitchen
1440,d01 Tue 00:00,kitchen,bedroom,bedroom,outside,bedroom,outside,bedroom,outside,living,bedroom,outside,outside,bedroom,bedroom,bedroom,bedroom,bedroom,bedroom,bathroom,kitchen
1500,d01 Tue 01:00,kitchen,bedroom,bedroom,outside,bedroom,outside,bedroom,outside,living,bedroom,outside,outside,bedroom,bedroom,bedroom,bedroom,bedroom,bedroom,bathroom,kitchen
1560,d01 Tue 02:00,kitchen,bedroom,bedroom,outside,bedroom,outside,bedroom,outside,kitchen,bedroom,outside,outside,bedroom,bedroom,bedroom,bedroom,bedroom,bedroom,bathroom,kitchen
1620,d01 Tue 03:00,kitchen,bedroom,bedroom,outside,bedroom,outside,bedroom,outside,kitchen,bedroom,outside,outside,bedroom,bedroom,bedroom,bedroom,bedroom,bedroom,bathroom,kitchen
1680,d01 Tue 04:00,kitchen,bedroom,bedroom,outside,bedroom,outside,bedroom,outside,kitchen,bedroom,outside,outside,bedroom,bedroom,bedroom,bedroom,bedroom,bedroom,bathroom,kitchen
1740,d01 Tue 05:00,kitchen,bedroom,bedroom,outside,bedroom,outside,bedroom,outside,kitchen,bedroom,outside,outside,bedroom,bedroom,bedroom,bedroom,bedroom,bedroom,bathroom,kitchen
1800,d01 Tue 06:00,kitchen,bedroom,bedroom,bedroom,bedroom,entry,bedroom,kitchen,kitchen,bedroom,entry,bedroom,bedroom,bedroom,bedroom,bedroom,bedroom,bedroom,bathroom,entry
1860,d01 Tue 07:00,kitchen,kitchen,bedroom,bedroom,entry,entry,bedroom,kitchen,kitchen,bedroom,entry,entry,bedroom,bedroom,bedroom,bedroom,bedroom,bedroom,bathroom,kitchen
1920,d01 Tue 08:00,kitchen,kitchen,bedroom,bedroom,entry,entry,bedroom,kitchen,living,bedroom,entry,entry,bedroom,bedroom,bedroom,bedroom,bedroom,bedroom,bathroom,kitchen
1980,d01 Tue 09:00,kitchen,kitchen,bedroom,bedroom,entry,entry,bedroom,kitchen,living,bedroom,entry,entry,bedroom,bedroom,bedroom,bedroom,bedroom,bedroom,bathroom,kitchen
2040,d01 Tue 10:00,kitchen,kitchen,bedroom,bedroom,entry,entry,bedroom,kitchen,living,bedroom,entry,entry,bedroom,bedroom,bedroom,bedroom,bedroom,bedroom,bathroom,kitchen
2100,d01 Tue 11:00,kitchen,kitchen,bedroom,bedroom,entry,entry,bedroom,kitchen,living,bedroom,entry,entry,bedroom,bedroom,bedroom,bedroom,bedroom,bedroom,bathroom,kitchen
2160,d01 Tue 12:00,kitchen,kitchen,bedroom,bedroom,entry,entry,bedroom,kitchen,living,bedroom,entry,entry,bedroom,bedroom,bedroom,bedroom,bedroom,bedroom,bathroom,kitchen
2220,d01 Tue 13:00,kitchen,kitchen,bedroom,bedroom,entry,entry,bedroom,kitchen,living,bedroom,entry,entry,bedroom,bedroom,bedroom,bedroom,bedroom,bedroom,bathroom,kitchen
2280,d01 Tue 14:00,kitchen,kitchen,bedroom,bedroom,entry,entry,bedroom,kitchen,living,bedroom,entry,entry,bedroom,bedroom,bedroom,bedroom,bedroom,bedroom,bathroom,kitchen
2340,d01 Tue 15:00,kitchen,kitchen,bedroom,bedroom,entry,entry,bedroom,kitchen,living,bedroom,entry,entry,bedroom,bedroom,bedroom,bedroom,bedroom,bedroom,bathroom,kitchen
2400,d01 Tue 16:00,kitchen,kitchen,bedroom,bedroom,entry,entry,bedroom,kitchen,living,bedroom,entry,entry,bedroom,bedroom,bedroom,bedroom,bedroom,bedroom,bathroom,kitchen
2460,d01 Tue 17:00,bedroom,kitchen,bedroom,bedroom,entry,entry,bedroom,kitchen,living,bedroom,entry,entry,bedroom,bedroom,bedroom,bedroom,bedroom,bedroom,bathroom,kitchen
2520,d01 Tue 18:00,kitchen,kitchen,bedroom,bedroom,entry,entry,bedroom,kitchen,living,bedroom,entry,entry,bedroom,bedroom,bedroom,bedroom,bedroom,bedroom,bathroom,kitchen
2580,d01 Tue 19:00,kitchen,bedroom,bedroom,bedroom,entry,entry,bedroom,kitchen,living,bedroom,entry,entry,bedroom,bedroom,bedroom,bedroom,bedroom,bedroom,bathroom,kitchen
2640,d01 Tue 20:00,kitchen,kitchen,bedroom,outside,outside,outside,bedroom,outside,living,bedroom,outside,outside,bedroom,bedroom,bedroom,bedroom,bedroom,bedroom,bathroom,kitchen
2700,d01 Tue 21:00,kitchen,kitchen,bedroom,outside,outside,outside,bedroom,outside,living,bedroom,outside,outside,bedroom,bedroom,bedroom,bedroom,bedroom,bedroom,bathroom,kitchen
2760,d01 Tue 22:00,kitchen,kitchen,bedroom,outside,outside,outside,bedroom,outside,living,bedroom,outside,outside,bedroom,bedroom,bedroom,bedroom,bedroom,bedroom,bathroom,kitchen
2820,d01 Tue 23:00,kitchen,kitchen,bedroom,outside,outside,outside,bedroom,outside,living,bedroom,outside,outside,bedroom,bedroom,bedroom,bedroom,bedroom,bedroom,bathroom,kitchen
2880,d02 Wed 00:00,kitchen,kitchen,bedroom,outside,outside,outside,bedroom,outside,living,bedroom,outside,outside,bedroom,bedroom,bedroom,bedroom,bedroom,bedroom,bathroom,kitchen
2940,d02 Wed 01:00,kitchen,kitchen,bedroom,outside,outside,outside,bedroom,outside,living,bedroom,outside,outside,bedroom,bedroom,bedroom,bedroom,bedroom,bedroom,bedroom,kitchen
3000,d02 Wed 02:00,kitchen,kitchen,bedroom,outside,outside,outside,bedroom,outside,living,bedroom,outside,outside,bedroom,bedroom,bedroom,bedroom,bedroom,bedroom,bedroom,kitchen
3060,d02 Wed 03:00,kitchen,kitchen,bedroom,outside,outside,outside,bedroom,outside,living,bedroom,outside,outside,bedroom,bedroom,bedroom,bedroom,bedroom,bedroom,bedroom,kitchen
3120,d02 Wed 04:00,kitchen,kitchen,bedroom,outside,outside,outside,bedroom,outside,living,bedroom,outside,outside,bedroom,bedroom,bedroom,bedroom,bedroom,bedroom,bedroom,kitchen
3180,d02 Wed 05:00,kitchen,kitchen,bedroom,outside,outside,outside,bedroom,outside,living,bedroom,outside,outside,bedroom,bedroom,bedroom,bedroom,bedroom,bedroom,bedroom,kitchen
3240,d02 Wed 06:00,kitchen,kitchen,bedroom,bedroom,entry,entry,bedroom,kitchen,living,bedroom,entry,entry,bedroom,bedroom,bedroom,bedroom,bedroom,bedroom,bedroom,entry
3300,d02 Wed 07:00,kitchen,kitchen,bedroom,bedroom,entry,entry,bedroom,kitchen,living,bedroom,kitchen,entry,bedroom,bedroom,bedroom,bedroom,bedroom,bedroom,bathroom,kitchen
3360,d02 Wed 08:00,kitchen,kitchen,bedroom,outside,outside,outside,bedroom,outside,living,bedroom,outside,outside,bedroom,bedroom,bedroom,bedroom,bedroom,bedroom,bathroom,kitchen
3420,d02 Wed 09:00,kitchen,kitchen,bedroom,bedroom,entry,kitchen,bedroom,kitchen,living,bedroom,entry,entry,bedroom,bedroom,bedroom,bedroom,bedroom,bedroom,bathroom,kitchen
3480,d02 Wed 10:00,kitchen,kitchen,bedroom,bedroom,entry,kitchen,bedroom,kitchen,living,bedroom,entry,entry,bedroom,bedroom,bedroom,bedroom,bedroom,bedroom,bathroom,kitchen
3540,d02 Wed 11:00,kitchen,kitchen,bedroom,bedroom,entry,kitchen,bedroom,kitchen,living,bedroom,entry,entry,bedroom,bedroom,bedroom,bedroom,bedroom,bedroom,bathroom,kitchen
3600,d02 Wed 12:00,kitchen,kitchen,bedroom,bedroom,entry,kitchen,bedroom,kitchen,living,bedroom,entry,entry,bedroom,bedroom,bedroom,bedroom,bedroom,bedroom,bathroom,kitchen
3660,d02 Wed 13:00,kitchen,kitchen,bedroom,bedroom,entry,kitchen,bedroom,kitchen,living,bedroom,entry,entry,bedroom,bedroom,bedroom,bedroom,bedroom,bedroom,bathroom,kitchen
3720,d02 Wed 14:00,kitchen,kitchen,bedroom,bedroom,entry,kitchen,bedroom,kitchen,living,bedroom,entry,entry,bedroom,bedroom,bedroom,bedroom,bedroom,bedroom,bathroom,kitchen
3780,d02 Wed 15:00,kitchen,kitchen,bedroom,bedroom,entry,kitchen,bedroom,kitchen,living,bedroom,entry,entry,bedroom,bedroom,bedroom,bedroom,bedroom,bedroom,bathroom,kitchen
3840,d02 Wed 16:00,kitchen,kitchen,bedroom,bedroom,entry,kitchen,bedroom,kitchen,living,bedroom,entry,entry,bedroom,bedroom,bedroom,bedroom,bedroom,bedroom,bathroom,kitchen
3900,d02 Wed 17:00,kitchen,kitchen,bedroom,bedroom,kitchen,kitchen,bedroom,kitchen,living,bedroom,entry,entry,bedroom,bedroom,bedroom,bedroom,bedroom,bedroom,bathroom,bedroom
3960,d02 Wed 18:00,kitchen,kitchen,bedroom,bedroom,kitchen,kitchen,bedroom,kitchen,living,bedroom,entry,entry,bedroom,bedroom,bedroom,bedroom,bedroom,bedroom,bathroom,kitchen
4020,d02 Wed 19:00,kitchen,living,bedroom,outside,outside,outside,bedroom,outside,living,bedroom,outside,outside,bedroom,bedroom,bedroom,bedroom,bedroom,bedroom,bathroom,kitchen
4080,d02 Wed 20:00,kitchen,living,bedroom,outside,outside,outside,bedroom,outside,living,bedroom,outside,outside,bedroom,bedroom,bedroom,bedroom,bedroom,bedroom,bathroom,kitchen
4140,d02 Wed 21:00,kitchen,living,bedroom,outside,outside,outside,bedroom,outside,living,bedroom,outside,outside,bedroom,bedroom,bedroom,bedroom,bedroom,bedroom,bathroom,kitchen
4200,d02 Wed 22:00,kitchen,living,bedroom,outside,outside,outside,bedroom,outside,bedroom,bedroom,outside,outside,bedroom,bedroom,bedroom,bedroom,bedroom,bedroom,bathroom,kitchen
4260,d02 Wed 23:00,kitchen,living,bedroom,outside,outside,outside,bedroom,outside,bedroom,bedroom,outside,outside,bedroom,bedroom,bedroom,bedroom,bedroom,bedroom,bathroom,kitchen
4320,d03 Thu 00:00,kitchen,living,bedroom,outside,outside,outside,bedroom,outside,bedroom,bedroom,outside,outside,bedroom,bedroom,bedroom,bedroom,bedroom,bedroom,bathroom,kitchen
4380,d03 Thu 01:00,kitchen,living,bedroom,outside,outside,outside,bedroom,outside,bedroom,bedroom,outside,outside,bedroom,bedroom,bedroom,bedroom,bedroom,bedroom,bathroom,kitchen
4440,d03 Thu 02:00,kitchen,living,bedroom,outside,outside,outside,bedroom,outside,bedroom,bedroom,outside,outside,bedroom,bedroom,bedroom,bedroom,bedroom,bedroom,bathroom,kitchen
4500,d03 Thu 03:00,kitchen,living,bedroom,outside,outside,outside,bedroom,outside,bedroom,bedroom,outside,outside,bedroom,bedroom,bedroom,bedroom,bedroom,bedroom,bathroom,kitchen
4560,d03 Thu 04:00,kitchen,living,bedroom,outside,outside,outside,bedroom,outside,bedroom,bedroom,outside,outside,bedroom,bedroom,bedroom,bedroom,bedroom,bedroom,bathroom,kitchen
4620,d03 Thu 05:00,kitchen,living,bedroom,outside,outside,outside,bedroom,outside,bedroom,bedroom,outside,outside,bedroom,bedroom,bedroom,bedroom,bedroom,bedroom,bathroom,kitchen
4680,d03 Thu 06:00,kitchen,living,bedroom,entry,entry,entry,bedroom,entry,bedroom,bedroom,entry,entry,bedroom,bedroom,bedroom,bedroom,bedroom,bedroom,bathroom,entry
4740,d03 Thu 07:00,kitchen,living,bedroom,bathroom,bathroom,bathroom,bedroom,bathroom,bedroom,bedroom,bathroom,bathroom,kitchen,bedroom,bedroom,bedroom,bedroom,bedroom,bathroom,kitchen
4800,d03 Thu 08:00,kitchen,living,bedroom,outside,outside,outside,bedroom,outside,bedroom,bedroom,outside,outside,kitchen,bedroom,bedroom,bedroom,bedroom,bedroom,bathroom,kitchen
4860,d03 Thu 09:00,kitchen,living,bedroom,bedroom,entry,entry,bedroom,kitchen,bedroom,bedroom,entry,entry,kitchen,bedroom,bedroom,bedroom,bedroom,bedroom,bathroom,kitchen
4920,d03 Thu 10:00,kitchen,living,bedroom,bedroom,entry,entry,bedroom,kitchen,bedroom,bedroom,entry,entry,kitchen,bedroom,bedroom,bedroom,bedroom,bedroom,bathroom,kitchen
4980,d03 Thu 11:00,kitchen,living,bedroom,bedroom,entry,entry,bedroom,kitchen,bedroom,bedroom,entry,entry,kitchen,bedroom,bedroom,bedroom,bedroom,bedroom,bathroom,kitchen
5040,d03 Thu 12:00,kitchen,living,bedroom,bedroom,entry,entry,bedroom,kitchen,bedroom,bedroom,entry,entry,kitchen,bedroom,bedroom,bedroom,bedroom,bedroom,bathroom,kitchen
5100,d03 Thu 13:00,kitchen,living,bedroom,bedroom,entry,entry,bedroom,kitchen,bedroom,bedroom,entry,entry,kitchen,bedroom,bedroom,bedroom,bedroom,bedroom,bathroom,kitchen
5160,d03 Thu 14:00,kitchen,living,bedroom,bedroom,entry,entry,bedroom,kitchen,bedroom,bedroom,entry,entry,kitchen,bedroom,bedroom,bedroom,bedroom,bedroom,bathroom,kitchen
5220,d03 Thu 15:00,kitchen,living,bedroom,bedroom,entry,entry,bedroom,kitchen,bedroom,bedroom,entry,entry,kitchen,bedroom,bedroom,bedroom,bedroom,bedroom,bathroom,kitchen
5280,d03 Thu 16:00,kitchen,living,bedroom,bedroom,entry,entry,bedroom,kitchen,bedroom,bedroom,entry,entry,kitchen,bedroom,bedroom,bedroom,bedroom,bedroom,bathroom,kitchen
5340,d03 Thu 17:00,bedroom,living,bedroom,bedroom,entry,entry,bedroom,kitchen,bedroom,bedroom,entry,entry,kitchen,bedroom,bedroom,bedroom,bedroom,bedroom,bathroom,kitchen
5400,d03 Thu 18:00,kitchen,living,bedroom,bedroom,entry,entry,bedroom,kitchen,bedroom,bedroom,entry,entry,kitchen,bedroom,bedroom,bedroom,bedroom,bedroom,bathroom,kitchen
5460,d03 Thu 19:00,kitchen,bedroom,bedroom,bedroom,entry,entry,bedroom,kitchen,bedroom,bedroom,entry,entry,kitchen,bedroom,bedroom,bedroom,bedroom,bedroom,bathroom,kitchen
5520,d03 Thu 20:00,kitchen,bedroom,bedroom,bedroom,entry,entry,bedroom,kitchen,bedroom,bedroom,entry,entry,kitchen,bedroom,bedroom,bedroom,bedroom,bedroom,bathroom,kitchen
5580,d03 Thu 21:00,kitchen,bedroom,bedroom,bedroom,entry,entry,bedroom,kitchen,bedroom,bedroom,entry,entry,kitchen,bedroom,bedroom,bedroom,bedroom,bedroom,bathroom,kitchen
5640,d03 Thu 22:00,kitchen,bedroom,bedroom,bedroom,entry,entry,bedroom,kitchen,bedroom,bedroom,entry,entry,kitchen,bedroom,bedroom,bedroom,bedroom,bedroom,bathroom,kitchen
5700,d03 Thu 23:00,kitchen,bedroom,bedroom,bedroom,entry,entry,bedroom,kitchen,bedroom,bedroom,entry,entry,kitchen,bedroom,bedroom,bedroom,bedroom,bedroom,bathroom,kitchen
5760,d04 Fri 00:00,kitchen,bedroom,bedroom,bedroom,entry,entry,bedroom,kitchen,bedroom,bedroom,entry,entry,kitchen,bedroom,bedroom,bedroom,bedroom,bedroom,bathroom,kitchen
5820,d04 Fri 01:00,kitchen,bedroom,bedroom,bedroom,entry,entry,bedroom,kitchen,bedroom,bedroom,entry,entry,kitchen,bedroom,bedroom,bedroom,bedroom,bedroom,bathroom,kitchen
5880,d04 Fri 02:00,kitchen,bedroom,bedroom,bedroom,entry,entry,bedroom,kitchen,bedroom,bedroom,entry,entry,kitchen,bedroom,bedroom,bedroom,bedroom,bedroom,bathroom,kitchen
5940,d04 Fri 03:00,kitchen,bedroom,bedroom,bedroom,entry,entry,bedroom,kitchen,bedroom,bedroom,entry,entry,kitchen,bedroom,bedroom,bedroom,bedroom,bedroom,bathroom,kitchen
6000,d04 Fri 04:00,kitchen,bedroom,bedroom,bedroom,entry,entry,bedroom,kitchen,bedroom,bedroom,entry,entry,kitchen,bedroom,bedroom,bedroom,bedroom,bedroom,bathroom,kitchen
6060,d04 Fri 05:00,kitchen,bedroom,bedroom,bedroom,entry,entry,bedroom,kitchen,bedroom,bedroom,entry,entry,kitchen,bedroom,bedroom,bedroom,bedroom,bedroom,bathroom,kitchen
6120,d04 Fri 06:00,kitchen,bedroom,bedroom,bedroom,entry,entry,bedroom,kitchen,bedroom,bedroom,entry,entry,kitchen,bedroom,bedroom,bedroom,bedroom,bedroom,bathroom,entry
6180,d04 Fri 07:00,kitchen,kitchen,bedroom,bedroom,entry,entry,bedroom,kitchen,bedroom,bedroom,entry,kitchen,kitchen,bedroom,bedroom,bedroom,bedroom,bedroom,bathroom,kitchen
6240,d04 Fri 08:00,kitchen,bedroom,bedroom,bedroom,entry,entry,bedroom,kitchen,bedroom,bedroom,entry,kitchen,kitchen,bedroom,bedroom,kitchen,bedroom,bedroom,bathroom,kitchen
6300,d04 Fri 09:00,kitchen,bedroom,bedroom,bedroom,entry,entry,bedroom,kitchen,bedroom,bedroom,entry,kitchen,kitchen,bedroom,bedroom,kitchen,bedroom,bedroom,bathroom,kitchen
6360,d04 Fri 10:00,kitchen,bedroom,bedroom,bedroom,entry,entry,bedroom,kitchen,bedroom,bedroom,entry,kitchen,kitchen,bedroom,bedroom,kitchen,bedroom,bedroom,bathroom,kitchen
6420,d04 Fri 11:00,kitchen,bedroom,bedroom,bedroom,entry,entry,bedroom,kitchen,bedroom,bedroom,entry,kitchen,kitchen,bedroom,bedroom,kitchen,bedroom,bedroom,bathroom,kitchen
6480,d04 Fri 12:00,kitchen,bedroom,bedroom,bedroom,entry,entry,bedroom,kitchen,bedroom,bedroom,entry,kitchen,kitchen,bedroom,bedroom,kitchen,bedroom,bedroom,bathroom,kitchen
6540,d04 Fri 13:00,kitchen,bedroom,bedroom,bedroom,entry,entry,bedroom,kitchen,bedroom,bedroom,entry,kitchen,kitchen,bedroom,bedroom,kitchen,bedroom,bedroom,bathroom,kitchen
6600,d04 Fri 14:00,kitchen,bedroom,bedroom,bedroom,entry,entry,bedroom,kitchen,bedroom,bedroom,entry,kitchen,kitchen,bedroom,bedroom,kitchen,bedroom,bedroom,bathroom,kitchen
6660,d04 Fri 15:00,kitchen,bedroom,bedroom,bedroom,entry,entry,bedroom,kitchen,bedroom,bedroom,entry,kitchen,kitchen,bedroom,bedroom,kitchen,bedroom,bedroom,bathroom,kitchen
6720,d04 Fri 16:00,kitchen,bedroom,bedroom,bedroom,entry,entry,bedroom,kitchen,bedroom,bedroom,entry,kitchen,kitchen,bedroom,bedroom,kitchen,bedroom,bedroom,bathroom,kitchen
6780,d04 Fri 17:00,kitchen,bedroom,bedroom,bedroom,entry,entry,bedroom,kitchen,bedroom,bedroom,entry,entry,kitchen,bedroom,bedroom,kitchen,bedroom,bedroom,bathroom,kitchen
6840,d04 Fri 18:00,kitchen,bedroom,bedroom,bedroom,entry,entry,bedroom,kitchen,bedroom,bedroom,entry,entry,kitchen,bedroom,bedroom,kitchen,bedroom,bedroom,bedroom,kitchen
6900,d04 Fri 19:00,kitchen,kitchen,bedroom,bedroom,entry,entry,bedroom,kitchen,bedroom,bedroom,entry,entry,kitchen,bedroom,bedroom,kitchen,bedroom,bedroom,bedroom,kitchen
6960,d04 Fri 20:00,kitchen,kitchen,bedroom,bedroom,entry,entry,bedroom,kitchen,bedroom,bedroom,entry,entry,kitchen,bedroom,bedroom,kitchen,bedroom,bedroom,bedroom,kitchen
7020,d04 Fri 21:00,kitchen,kitchen,bedroom,bedroom,entry,entry,bedroom,kitchen,bedroom,bedroom,entry,entry,kitchen,bedroom,bedroom,kitchen,bedroom,bedroom,bedroom,kitchen
7080,d04 Fri 22:00,kitchen,kitchen,bedroom,bedroom,entry,entry,bedroom,kitchen,bedroom,bedroom,entry,entry,kitchen,bedroom,bedroom,kitchen,bedroom,bedroom,bedroom,kitchen
7140,d04 Fri 23:00,kitchen,kitchen,bedroom,bedroom,entry,entry,bedroom,kitchen,bedroom,bedroom,entry,entry,kitchen,bedroom,bedroom,kitchen,bedroom,bedroom,bedroom,kitchen
7200,d05 Sat 00:00,kitchen,kitchen,bedroom,bedroom,entry,entry,bedroom,kitchen,bedroom,bedroom,entry,entry,kitchen,bedroom,bedroom,kitchen,bedroom,bedroom,bedroom,kitchen
7260,d05 Sat 01:00,kitchen,kitchen,bedroom,bedroom,entry,entry,bedroom,kitchen,bedroom,bedroom,entry,entry,kitchen,bedroom,bedroom,kitchen,bedroom,bedroom,bedroom,kitchen
7320,d05 Sat 02:00,kitchen,kitchen,bedroom,bedroom,entry,entry,bedroom,kitchen,bedroom,bedroom,entry,entry,kitchen,bedroom,bedroom,kitchen,bedroom,bedroom,bedroom,kitchen
7380,d05 Sat 03:00,kitchen,kitchen,bedroom,bedroom,entry,entry,bedroom,kitchen,bedroom,bedroom,entry,entry,kitchen,bedroom,bedroom,kitchen,bedroom,bedroom,bedroom,kitchen
7440,d05 Sat 04:00,kitchen,kitchen,bedroom,bedroom,entry,entry,bedroom,kitchen,bedroom,bedroom,entry,entry,kitchen,bedroom,bedroom,kitchen,bedroom,bedroom,bedroom,kitchen
7500,d05 Sat 05:00,kitchen,kitchen,bedroom,bedroom,entry,entry,bedroom,kitchen,bedroom,bedroom,entry,entry,kitchen,bedroom,bedroom,kitchen,bedroom,bedroom,bedroom,kitchen
7560,d05 Sat 06:00,kitchen,kitchen,bedroom,bedroom,entry,entry,bedroom,kitchen,bedroom,bedroom,entry,entry,kitchen,bedroom,bedroom,kitchen,bedroom,bedroom,bedroom,entry
7620,d05 Sat 07:00,kitchen,kitchen,bedroom,bedroom,entry,entry,bedroom,kitchen,bedroom,bedroom,entry,entry,kitchen,bedroom,bedroom,kitchen,bedroom,bedroom,bathroom,kitchen
7680,d05 Sat 08:00,kitchen,kitchen,bedroom,bedroom,entry,entry,bedroom,kitchen,bedroom,bedroom,entry,entry,kitchen,bedroom,bedroom,kitchen,bedroom,bedroom,kitchen,kitchen
7740,d05 Sat 09:00,kitchen,kitchen,bedroom,bedroom,entry,entry,bedroom,kitchen,bedroom,bedroom,entry,entry,kitchen,bedroom,bedroom,kitchen,bedroom,bedroom,kitchen,kitchen
7800,d05 Sat 10:00,kitchen,kitchen,bedroom,bedroom,entry,entry,bedroom,kitchen,bedroom,bedroom,entry,entry,kitchen,bedroom,bedroom,kitchen,bedroom,bedroom,kitchen,kitchen
7860,d05 Sat 11:00,kitchen,kitchen,bedroom,bedroom,entry,entry,bedroom,kitchen,bedroom,bedroom,entry,entry,kitchen,bedroom,bedroom,kitchen,bedroom,bedroom,kitchen,kitchen
7920,d05 Sat 12:00,kitchen,kitchen,bedroom,bedroom,entry,entry,bedroom,kitchen,bedroom,bedroom,entry,entry,kitchen,bedroom,bedroom,kitchen,bedroom,bedroom,kitchen,kitchen
7980,d05 Sat 13:00,kitchen,kitchen,bedroom,bedroom,entry,entry,bedroom,kitchen,bedroom,bedroom,entry,entry,kitchen,bedroom,bedroom,kitchen,bedroom,bedroom,kitchen,kitchen
8040,d05 Sat 14:00,kitchen,kitchen,bedroom,bedroom,entry,entry,bedroom,kitchen,bedroom,bedroom,entry,entry,kitchen,bedroom,bedroom,kitchen,bedroom,bedroom,kitchen,kitchen
8100,d05 Sat 15:00,kitchen,kitchen,bedroom,bedroom,entry,entry,bedroom,kitchen,bedroom,bedroom,entry,entry,kitchen,bedroom,bedroom,kitchen,bedroom,bedroom,kitchen,kitchen
8160,d05 Sat 16:00,bedroom,kitchen,bedroom,bedroom,entry,entry,bedroom,kitchen,bedroom,bedroom,entry,entry,kitchen,bedroom,bedroom,kitchen,bedroom,bedroom,kitchen,kitchen
8220,d05 Sat 17:00,kitchen,kitchen,bedroom,bedroom,entry,entry,bedroom,kitchen,bedroom,bedroom,bedroom,entry,kitchen,bedroom,bedroom,kitchen,bedroom,bedroom,kitchen,kitchen
8280,d05 Sat 18:00,kitchen,kitchen,bedroom,bedroom,kitchen,kitchen,bedroom,kitchen,bedroom,bedroom,kitchen,kitchen,bedroom,bedroom,bedroom,kitchen,bedroom,bedroom,kitchen,kitchen
8340,d05 Sat 19:00,kitchen,kitchen,bedroom,bedroom,kitchen,kitchen,bedroom,kitchen,bedroom,bedroom,kitchen,kitchen,bedroom,bedroom,bedroom,kitchen,bedroom,bedroom,kitchen,kitchen
8400,d05 Sat 20:00,kitchen,kitchen,bedroom,bedroom,entry,entry,bedroom,kitchen,bedroom,bedroom,entry,bedroom,bedroom,bedroom,bedroom,kitchen,bedroom,bedroom,kitchen,kitchen
8460,d05 Sat 21:00,kitchen,kitchen,bedroom,bedroom,entry,entry,bedroom,kitchen,bedroom,bedroom,entry,bedroom,bedroom,bedroom,bedroom,kitchen,bedroom,bedroom,kitchen,kitchen
8520,d05 Sat 22:00,kitchen,kitchen,bedroom,bedroom,entry,entry,bedroom,kitchen,bedroom,bedroom,entry,bedroom,bedroom,bedroom,bedroom,kitchen,bedroom,bedroom,kitchen,kitchen
8580,d05 Sat 23:00,kitchen,kitchen,bedroom,bedroom,entry,entry,bedroom,kitchen,bedroom,bedroom,entry,bedroom,bedroom,bedroom,bedroom,kitchen,bedroom,bedroom,kitchen,kitchen
8640,d06 Sun 00:00,kitchen,kitchen,bedroom,bedroom,entry,entry,bedroom,kitchen,bedroom,bedroom,entry,bedroom,bedroom,bedroom,bedroom,kitchen,bedroom,bedroom,kitchen,kitchen
8700,d06 Sun 01:00,kitchen,kitchen,bedroom,bedroom,entry,entry,bedroom,kitchen,bedroom,bedroom,entry,bedroom,bedroom,bedroom,bedroom,kitchen,bedroom,bedroom,kitchen,kitchen
8760,d06 Sun 02:00,kitchen,kitchen,bedroom,bedroom,entry,entry,bedroom,kitchen,bedroom,bedroom,entry,bedroom,bedroom,bedroom,bedroom,kitchen,bedroom,bedroom,kitchen,kitchen
8820,d06 Sun 03:00,kitchen,kitchen,bedroom,bedroom,entry,entry,bedroom,kitchen,bedroom,bedroom,entry,bedroom,bedroom,bedroom,bedroom,kitchen,bedroom,bedroom,kitchen,kitchen
8880,d06 Sun 04:00,kitchen,kitchen,bedroom,bedroom,entry,entry,bedroom,kitchen,bedroom,bedroom,entry,bedroom,bedroom,bedroom,bedroom,kitchen,bedroom,bedroom,kitchen,kitchen
8940,d06 Sun 05:00,kitchen,kitchen,bedroom,bedroom,entry,entry,bedroom,kitchen,bedroom,bedroom,entry,bedroom,bedroom,bedroom,bedroom,kitchen,bedroom,bedroom,kitchen,kitchen
9000,d06 Sun 06:00,kitchen,kitchen,bedroom,bedroom,entry,entry,bedroom,kitchen,bedroom,bedroom,entry,bedroom,bedroom,bedroom,bedroom,kitchen,bedroom,bedroom,kitchen,kitchen
9060,d06 Sun 07:00,bedroom,kitchen,bedroom,bedroom,entry,entry,bedroom,kitchen,bedroom,bedroom,entry,bedroom,bedroom,bedroom,bedroom,kitchen,bedroom,bedroom,kitchen,kitchen
9120,d06 Sun 08:00,kitchen,kitchen,bedroom,bedroom,kitchen,entry,bedroom,kitchen,bedroom,bedroom,entry,kitchen,bedroom,bedroom,bedroom,kitchen,bedroom,bedroom,bathroom,kitchen
9180,d06 Sun 09:00,kitchen,kitchen,bedroom,outside,outside,outside,living,outside,living,living,outside,outside,bedroom,bedroom,bedroom,bedroom,bedroom,bedroom,living,kitchen
9240,d06 Sun 10:00,kitchen,kitchen,bedroom,outside,outside,outside,living,outside,living,living,outside,outside,bedroom,bedroom,bedroom,bedroom,bedroom,bedroom,living,kitchen
9300,d06 Sun 11:00,kitchen,kitchen,bedroom,kitchen,entry,entry,living,kitchen,living,living,entry,entry,bedroom,bedroom,bedroom,bedroom,bedroom,bedroom,living,kitchen
9360,d06 Sun 12:00,kitchen,bedroom,bedroom,bedroom,entry,entry,living,kitchen,living,living,entry,entry,bedroom,bedroom,bedroom,bedroom,bedroom,bedroom,living,kitchen
9420,d06 Sun 13:00,kitchen,bedroom,bedroom,bedroom,entry,entry,living,kitchen,living,living,entry,entry,bedroom,bedroom,bedroom,bedroom,bedroom,bedroom,living,kitchen
9480,d06 Sun 14:00,kitchen,bedroom,bedroom,bedroom,entry,entry,living,kitchen,living,living,entry,entry,bedroom,bedroom,bedroom,bedroom,bedroom,bedroom,living,kitchen
9540,d06 Sun 15:00,kitchen,bedroom,bedroom,outside,outside,outside,living,outside,living,living,outside,outside,bedroom,bedroom,bedroom,bedroom,bedroom,bedroom,living,kitchen
9600,d06 Sun 16:00,kitchen,living,bedroom,living,living,living,living,kitchen,living,living,living,living,living,bedroom,bedroom,bedroom,bedroom,bedroom,living,kitchen
9660,d06 Sun 17:00,kitchen,living,bedroom,outside,outside,outside,living,outside,living,living,outside,outside,bedroom,bedroom,bedroom,bedroom,bedroom,bedroom,living,kitchen
9720,d06 Sun 18:00,kitchen,living,bedroom,bedroom,entry,entry,living,kitchen,living,living,entry,living,bedroom,bedroom,bedroom,bedroom,bedroom,bedroom,living,kitchen
9780,d06 Sun 19:00,kitchen,living,bedroom,bedroom,entry,entry,living,kitchen,living,living,entry,bedroom,bedroom,bedroom,bedroom,bedroom,bedroom,bedroom,living,kitchen
9840,d06 Sun 20:00,kitchen,living,bedroom,bedroom,entry,entry,living,kitchen,living,living,entry,bedroom,bedroom,bedroom,bedroom,bedroom,bedroom,bedroom,living,kitchen
9900,d06 Sun 21:00,kitchen,living,bedroom,bedroom,entry,entry,living,kitchen,living,living,entry,bedroom,bedroom,bedroom,bedroom,bedroom,bedroom,bedroom,living,kitchen
9960,d06 Sun 22:00,kitchen,living,bedroom,bedroom,entry,entry,living,kitchen,living,living,entry,bedroom,bedroom,bedroom,bedroom,bedroom,bedroom,bedroom,living,kitchen
10020,d06 Sun 23:00,kitchen,living,bedroom,bedroom,entry,entry,living,kitchen,living,living,entry,bedroom,bedroom,bedroom,bedroom,bedroom,bedroom,bedroom,living,kitchen
10080,d07 Mon 00:00,kitchen,living,bedroom,bedroom,entry,entry,living,kitchen,living,living,entry,bedroom,bedroom,bedroom,bedroom,bedroom,bedroom,bedroom,living,kitchen
10140,d07 Mon 01:00,kitchen,living,bedroom,bedroom,entry,entry,living,kitchen,living,living,entry,bedroom,bedroom,bedroom,bedroom,bedroom,bedroom,bedroom,living,kitchen
10200,d07 Mon 02:00,kitchen,living,bedroom,bedroom,entry,entry,living,kitchen,living,living,entry,bedroom,bedroom,bedroom,bedroom,bedroom,bedroom,bedroom,living,kitchen
10260,d07 Mon 03:00,kitchen,living,bedroom,bedroom,entry,entry,living,kitchen,living,living,entry,bedroom,bedroom,bedroom,bedroom,bedroom,bedroom,bedroom,living,kitchen
10320,d07 Mon 04:00,kitchen,living,bedroom,bedroom,entry,entry,living,kitchen,living,living,entry,bedroom,bedroom,bedroom,bedroom,bedroom,bedroom,bedroom,living,kitchen
10380,d07 Mon 05:00,kitchen,living,bedroom,bedroom,entry,entry,living,kitchen,living,living,entry,bedroom,bedroom,bedroom,bedroom,bedroom,bedroom,bedroom,living,kitchen
10440,d07 Mon 06:00,kitchen,living,bedroom,bedroom,entry,entry,living,kitchen,living,living,entry,bedroom,bedroom,bedroom,bedroom,bedroom,bedroom,bedroom,living,kitchen
10500,d07 Mon 07:00,kitchen,living,bedroom,bedroom,entry,entry,living,kitchen,living,bedroom,entry,bedroom,bedroom,bedroom,bedroom,bedroom,bedroom,bedroom,living,kitchen
10560,d07 Mon 08:00,kitchen,living,bedroom,bedroom,entry,entry,living,kitchen,living,bedroom,entry,bathroom,bedroom,bedroom,bedroom,bedroom,bedroom,bedroom,bathroom,kitchen
10620,d07 Mon 09:00,kitchen,bedroom,bedroom,bedroom,entry,entry,living,kitchen,living,bedroom,entry,bedroom,bedroom,bedroom,bedroom,bedroom,bedroom,bedroom,bathroom,kitchen
10680,d07 Mon 10:00,kitchen,bedroom,bedroom,bedroom,entry,entry,living,kitchen,living,bedroom,entry,bedroom,bedroom,bedroom,bedroom,bedroom,bedroom,bedroom,bathroom,kitchen
10740,d07 Mon 11:00,kitchen,bedroom,bedroom,bedroom,entry,entry,living,kitchen,living,bedroom,entry,kitchen,bedroom,bedroom,bedroom,bedroom,bedroom,bedroom,bathroom,kitchen
10800,d07 Mon 12:00,kitchen,kitchen,bedroom,bedroom,entry,entry,living,kitchen,living,bedroom,entry,kitchen,bedroom,bedroom,bedroom,bedroom,bedroom,bedroom,bathroom,kitchen
10860,d07 Mon 13:00,kitchen,kitchen,bedroom,bedroom,entry,entry,living,kitchen,living,bedroom,entry,kitchen,bedroom,bedroom,bedroom,bedroom,bedroom,bedroom,bathroom,kitchen
10920,d07 Mon 14:00,kitchen,living,bedroom,bedroom,entry,entry,living,kitchen,living,bedroom,entry,living,living,bedroom,bedroom,bedroom,bedroom,bedroom,bathroom,kitchen
10980,d07 Mon 15:00,kitchen,living,bedroom,bedroom,entry,entry,living,kitchen,living,bedroom,entry,living,living,bedroom,bedroom,bedroom,bedroom,bedroom,bathroom,kitchen
11040,d07 Mon 16:00,kitchen,living,bedroom,bedroom,entry,entry,living,kitchen,living,bedroom,entry,bedroom,bedroom,bedroom,bedroom,bedroom,bedroom,bedroom,bathroom,bedroom
11100,d07 Mon 17:00,kitchen,kitchen,bedroom,bedroom,entry,entry,living,kitchen,living,bedroom,entry,kitchen,bedroom,bedroom,bedroom,bedroom,bedroom,bedroom,bathroom,kitchen
11160,d07 Mon 18:00,kitchen,bedroom,bedroom,outside,outside,outside,living,outside,living,bedroom,outside,outside,bedroom,bedroom,bedroom,bedroom,bedroom,bedroom,bathroom,kitchen
11220,d07 Mon 19:00,kitchen,bedroom,bedroom,outside,outside,outside,living,outside,living,bedroom,outside,outside,bedroom,bedroom,bedroom,bedroom,bedroom,bedroom,bathroom,kitchen
11280,d07 Mon 20:00,kitchen,bedroom,bedroom,outside,outside,outside,living,outside,living,bedroom,outside,outside,bedroom,bedroom,bedroom,bedroom,bedroom,bedroom,bathroom,kitchen
11340,d07 Mon 21:00,kitchen,bedroom,bedroom,outside,outside,outside,living,outside,living,bedroom,outside,outside,bedroom,bedroom,bedroom,bedroom,bedroom,bedroom,bathroom,kitchen
11400,d07 Mon 22:00,kitchen,bedroom,bedroom,outside,outside,outside,living,outside,living,bedroom,outside,outside,bedroom,bedroom,bedroom,bedroom,bedroom,bedroom,bathroom,kitchen
11460,d07 Mon 23:00,kitchen,bedroom,bedroom,outside,outside,outside,living,outside,living,bedroom,outside,outside,bedroom,bedroom,bedroom,bedroom,bedroom,bedroom,bathroom,kitchen
11520,d08 Tue 00:00,kitchen,bedroom,bedroom,outside,outside,outside,living,outside,living,bedroom,outside,outside,bedroom,bedroom,bedroom,bedroom,bedroom,bedroom,bathroom,kitchen
11580,d08 Tue 01:00,kitchen,bedroom,bedroom,outside,outside,outside,living,outside,living,bedroom,outside,outside,bedroom,bedroom,bedroom,bedroom,bedroom,bedroom,bathroom,kitchen
11640,d08 Tue 02:00,kitchen,bedroom,bedroom,outside,outside,outside,living,outside,living,bedroom,outside,outside,bedroom,bedroom,bedroom,bedroom,bedroom,bedroom,kitchen,kitchen
11700,d08 Tue 03:00,kitchen,bedroom,bedroom,outside,outside,outside,living,outside,living,bedroom,outside,outside,bedroom,bedroom,bedroom,bedroom,bedroom,bedroom,kitchen,kitchen
11760,d08 Tue 04:00,kitchen,bedroom,bedroom,outside,outside,outside,living,outside,living,bedroom,outside,outside,bedroom,bedroom,bedroom,bedroom,bedroom,bedroom,kitchen,kitchen
11820,d08 Tue 05:00,kitchen,bedroom,bedroom,outside,outside,outside,living,outside,living,bedroom,outside,outside,bedroom,bedroom,bedroom,bedroom,bedroom,bedroom,kitchen,kitchen
11880,d08 Tue 06:00,kitchen,bedroom,bedroom,outside,outside,outside,living,outside,living,bedroom,outside,outside,bedroom,bedroom,bedroom,bedroom,bedroom,bedroom,kitchen,kitchen
11940,d08 Tue 07:00,kitchen,kitchen,bedroom,bedroom,entry,entry,living,kitchen,living,bedroom,entry,kitchen,bedroom,bedroom,bedroom,bedroom,bedroom,bedroom,bathroom,kitchen
12000,d08 Tue 08:00,kitchen,kitchen,bedroom,bedroom,entry,entry,living,kitchen,living,bedroom,entry,bedroom,bedroom,bedroom,bedroom,bedroom,bedroom,bedroom,kitchen,kitchen
12060,d08 Tue 09:00,kitchen,kitchen,bedroom,bedroom,entry,entry,living,kitchen,living,bedroom,entry,bedroom,bedroom,bedroom,bedroom,bedroom,bedroom,bedroom,kitchen,kitchen
12120,d08 Tue 10:00,kitchen,kitchen,bedroom,bedroom,entry,entry,living,kitchen,living,bedroom,entry,bedroom,bedroom,bedroom,bedroom,bedroom,bedroom,bedroom,kitchen,kitchen
12180,d08 Tue 11:00,kitchen,kitchen,bedroom,bedroom,entry,entry,living,kitchen,living,bedroom,entry,bedroom,bedroom,bedroom,bedroom,bedroom,bedroom,bedroom,kitchen,kitchen
12240,d08 Tue 12:00,kitchen,kitchen,bedroom,bedroom,entry,entry,living,kitchen,living,bedroom,entry,bedroom,bedroom,bedroom,bedroom,bedroom,bedroom,bedroom,kitchen,kitchen
12300,d08 Tue 13:00,kitchen,kitchen,bedroom,bedroom,entry,entry,living,kitchen,living,bedroom,entry,bedroom,bedroom,bedroom,bedroom,bedroom,bedroom,bedroom,kitchen,kitchen
12360,d08 Tue 14:00,kitchen,kitchen,bedroom,bedroom,entry,entry,living,kitchen,living,bedroom,entry,bedroom,bedroom,bedroom,bedroom,bedroom,bedroom,bedroom,kitchen,kitchen
12420,d08 Tue 15:00,kitchen,kitchen,bedroom,bedroom,entry,entry,living,kitchen,living,bedroom,entry,bedroom,bedroom,bedroom,bedroom,bedroom,bedroom,bedroom,kitchen,kitchen
12480,d08 Tue 16:00,bedroom,kitchen,bedroom,bedroom,entry,entry,living,kitchen,living,bedroom,entry,bedroom,bedroom,bedroom,bedroom,bedroom,bedroom,bedroom,kitchen,kitchen
12540,d08 Tue 17:00,kitchen,kitchen,bedroom,bedroom,entry,entry,bedroom,kitchen,living,bedroom,entry,kitchen,bedroom,bedroom,bedroom,bedroom,bedroom,bedroom,kitchen,kitchen
12600,d08 Tue 18:00,kitchen,bedroom,bedroom,outside,outside,outside,bedroom,outside,living,bedroom,outside,outside,bedroom,bedroom,bedroom,bedroom,bedroom,bedroom,kitchen,kitchen
12660,d08 Tue 19:00,kitchen,kitchen,bedroom,outside,outside,outside,bedroom,outside,living,bedroom,outside,outside,bedroom,bedroom,bedroom,bedroom,bedroom,bedroom,kitchen,kitchen
12720,d08 Tue 20:00,kitchen,kitchen,bedroom,outside,outside,outside,bedroom,outside,living,bedroom,outside,outside,bedroom,bedroom,bedroom,bedroom,bedroom,bedroom,kitchen,kitchen
12780,d08 Tue 21:00,kitchen,kitchen,bedroom,outside,outside,outside,bedroom,outside,living,bedroom,outside,outside,bedroom,bedroom,bedroom,bedroom,bedroom,bedroom,kitchen,kitchen
12840,d08 Tue 22:00,kitchen,kitchen,bedroom,outside,outside,outside,bedroom,outside,living,bedroom,outside,outside,bedroom,bedroom,bedroom,bedroom,bedroom,bedroom,kitchen,kitchen
12900,d08 Tue 23:00,kitchen,kitchen,bedroom,outside,outside,outside,bedroom,outside,living,bedroom,outside,outside,bedroom,bedroom,bedroom,bedroom,bedroom,bedroom,kitchen,kitchen
12960,d09 Wed 00:00,kitchen,kitchen,bedroom,outside,outside,outside,bedroom,outside,living,bedroom,outside,outside,bedroom,bedroom,bedroom,bedroom,bedroom,bedroom,kitchen,kitchen
13020,d09 Wed 01:00,kitchen,kitchen,bedroom,outside,outside,outside,bedroom,outside,living,bedroom,outside,outside,bedroom,bedroom,bedroom,bedroom,bedroom,bedroom,kitchen,kitchen
13080,d09 Wed 02:00,kitchen,kitchen,bedroom,outside,outside,outside,bedroom,outside,living,bedroom,outside,outside,bedroom,bedroom,bedroom,bedroom,bedroom,bedroom,kitchen,kitchen
13140,d09 Wed 03:00,kitchen,bedroom,bedroom,outside,outside,outside,bedroom,outside,living,bedroom,outside,outside,bedroom,bedroom,bedroom,bedroom,bedroom,bedroom,kitchen,kitchen
13200,d09 Wed 04:00,kitchen,bedroom,bedroom,outside,outside,outside,bedroom,outside,living,bedroom,outside,outside,bedroom,bedroom,bedroom,bedroom,bedroom,bedroom,kitchen,kitchen
13260,d09 Wed 05:00,kitchen,bedroom,bedroom,outside,outside,outside,bedroom,outside,living,bedroom,outside,outside,bedroom,bedroom,bedroom,bedroom,bedroom,bedroom,kitchen,kitchen
13320,d09 Wed 06:00,kitchen,bedroom,bedroom,outside,outside,outside,bedroom,outside,living,bedroom,outside,outside,bedroom,bedroom,bedroom,bedroom,bedroom,bedroom,kitchen,kitchen
13380,d09 Wed 07:00,kitchen,bedroom,bedroom,bedroom,entry,entry,bedroom,bathroom,living,bedroom,entry,bathroom,bedroom,bedroom,bedroom,bedroom,bedroom,bedroom,bathroom,kitchen
13440,d09 Wed 08:00,kitchen,kitchen,bedroom,bedroom,entry,entry,bedroom,bedroom,living,bedroom,entry,bedroom,bedroom,bedroom,bedroom,bedroom,bedroom,bedroom,kitchen,kitchen
13500,d09 Wed 09:00,kitchen,kitchen,bedroom,bedroom,entry,entry,bedroom,bedroom,living,bedroom,entry,bedroom,bedroom,bedroom,bedroom,bedroom,bedroom,bedroom,kitchen,kitchen
13560,d09 Wed 10:00,kitchen,kitchen,bedroom,bedroom,entry,entry,bedroom,bedroom,living,bedroom,entry,bedroom,bedroom,bedroom,bedroom,bedroom,bedroom,bedroom,kitchen,kitchen
13620,d09 Wed 11:00,kitchen,kitchen,bedroom,bedroom,entry,entry,bedroom,bedroom,living,bedroom,entry,bedroom,bedroom,bedroom,bedroom,bedroom,bedroom,bedroom,kitchen,kitchen
13680,d09 Wed 12:00,kitchen,kitchen,bedroom,bedroom,entry,entry,bedroom,bedroom,living,bedroom,entry,bedroom,bedroom,bedroom,bedroom,bedroom,bedroom,bedroom,kitchen,kitchen
13740,d09 Wed 13:00,kitchen,kitchen,bedroom,bedroom,entry,entry,bedroom,bedroom,living,bedroom,entry,bedroom,bedroom,bedroom,bedroom,bedroom,bedroom,bedroom,kitchen,kitchen
13800,d09 Wed 14:00,kitchen,kitchen,bedroom,bedroom,entry,entry,bedroom,bedroom,living,bedroom,entry,bedroom,bedroom,bedroom,bedroom,bedroom,bedroom,bedroom,kitchen,kitchen
13860,d09 Wed 15:00,kitchen,kitchen,bedroom,bedroom,entry,entry,bedroom,bedroom,living,bedroom,entry,bedroom,bedroom,bedroom,bedroom,bedroom,bedroom,bedroom,kitchen,kitchen
13920,d09 Wed 16:00,bedroom,kitchen,bedroom,bedroom,entry,entry,kitchen,bedroom,living,bedroom,entry,bedroom,bedroom,bedroom,bedroom,bedroom,bedroom,bedroom,kitchen,kitchen
13980,d09 Wed 17:00,kitchen,kitchen,bedroom,bedroom,entry,entry,bedroom,kitchen,living,bedroom,entry,kitchen,bedroom,bedroom,bedroom,bedroom,bedroom,bedroom,kitchen,kitchen
14040,d09 Wed 18:00,kitchen,kitchen,bedroom,outside,outside,outside,bedroom,outside,living,bedroom,outside,outside,bedroom,bedroom,bedroom,bedroom,bedroom,bedroom,kitchen,kitchen
14100,d09 Wed 19:00,kitchen,kitchen,bedroom,outside,outside,outside,bedroom,outside,living,bedroom,outside,outside,bedroom,bedroom,bedroom,bedroom,bedroom,bedroom,kitchen,kitchen
14160,d09 Wed 20:00,kitchen,kitchen,bedroom,outside,outside,outside,bedroom,outside,living,bedroom,outside,outside,bedroom,bedroom,bedroom,bedroom,bedroom,bedroom,kitchen,kitchen
14220,d09 Wed 21:00,kitchen,kitchen,bedroom,outside,outside,outside,bedroom,outside,living,bedroom,outside,outside,bedroom,bedroom,bedroom,bedroom,bedroom,bedroom,kitchen,kitchen
14280,d09 Wed 22:00,kitchen,kitchen,bedroom,outside,outside,outside,bedroom,outside,living,bedroom,outside,outside,bedroom,bedroom,bedroom,bedroom,bedroom,bedroom,kitchen,kitchen
14340,d09 Wed 23:00,kitchen,kitchen,bedroom,outside,outside,outside,bedroom,outside,living,bedroom,outside,outside,bedroom,bedroom,bedroom,bedroom,bedroom,bedroom,kitchen,kitchen
14400,d10 Thu 00:00,kitchen,kitchen,bedroom,outside,outside,outside,bedroom,outside,living,bedroom,outside,outside,bedroom,bedroom,bedroom,bedroom,bedroom,bedroom,kitchen,kitchen
14460,d10 Thu 01:00,kitchen,kitchen,bedroom,outside,outside,outside,bedroom,outside,living,bedroom,outside,outside,bedroom,bedroom,bedroom,bedroom,bedroom,bedroom,kitchen,kitchen
14520,d10 Thu 02:00,kitchen,kitchen,bedroom,outside,outside,outside,bedroom,outside,living,bedroom,outside,outside,bedroom,bedroom,bedroom,bedroom,bedroom,bedroom,kitchen,kitchen
14580,d10 Thu 03:00,kitchen,kitchen,bedroom,outside,outside,outside,bedroom,outside,living,bedroom,outside,outside,bedroom,bedroom,bedroom,bedroom,bedroom,bedroom,kitchen,kitchen
14640,d10 Thu 04:00,kitchen,kitchen,bedroom,outside,outside,outside,bedroom,outside,living,bedroom,outside,outside,bedroom,bedroom,bedroom,bedroom,bedroom,bedroom,kitchen,kitchen
14700,d10 Thu 05:00,kitchen,kitchen,bedroom,outside,outside,outside,bedroom,outside,living,bedroom,outside,outside,bedroom,bedroom,bedroom,bedroom,bedroom,bedroom,kitchen,kitchen
14760,d10 Thu 06:00,kitchen,kitchen,bedroom,outside,outside,outside,bedroom,outside,living,bedroom,outside,outside,bedroom,bedroom,bedroom,bedroom,bedroom,bedroom,kitchen,kitchen
14820,d10 Thu 07:00,kitchen,kitchen,bedroom,bedroom,bedroom,entry,bedroom,kitchen,bedroom,bedroom,entry,entry,bedroom,bedroom,bedroom,bedroom,bedroom,bedroom,bathroom,kitchen
14880,d10 Thu 08:00,kitchen,kitchen,bedroom,bedroom,bedroom,entry,bedroom,kitchen,bedroom,bedroom,entry,entry,kitchen,bedroom,bedroom,bedroom,bedroom,bedroom,kitchen,kitchen
14940,d10 Thu 09:00,kitchen,kitchen,bedroom,bedroom,bedroom,entry,bedroom,kitchen,bedroom,bedroom,entry,entry,kitchen,bedroom,bedroom,bedroom,bedroom,bedroom,kitchen,kitchen
15000,d10 Thu 10:00,kitchen,kitchen,bedroom,bedroom,bedroom,entry,bedroom,kitchen,bedroom,bedroom,entry,entry,kitchen,bedroom,bedroom,bedroom,bedroom,bedroom,kitchen,kitchen
15060,d10 Thu 11:00,kitchen,kitchen,bedroom,bedroom,bedroom,entry,bedroom,kitchen,bedroom,bedroom,entry,entry,kitchen,bedroom,bedroom,bedroom,bedroom,bedroom,kitchen,kitchen
15120,d10 Thu 12:00,kitchen,kitchen,bedroom,bedroom,bedroom,entry,bedroom,kitchen,bedroom,bedroom,entry,entry,kitchen,bedroom,bedroom,bedroom,bedroom,bedroom,kitchen,kitchen
15180,d10 Thu 13:00,kitchen,kitchen,bedroom,bedroom,bedroom,entry,bedroom,kitchen,bedroom,bedroom,entry,entry,kitchen,bedroom,bedroom,bedroom,bedroom,bedroom,kitchen,kitchen
15240,d10 Thu 14:00,kitchen,kitchen,bedroom,bedroom,bedroom,entry,bedroom,kitchen,bedroom,bedroom,entry,entry,kitchen,bedroom,bedroom,bedroom,bedroom,bedroom,kitchen,kitchen
15300,d10 Thu 15:00,kitchen,kitchen,bedroom,bedroom,bedroom,entry,bedroom,kitchen,bedroom,bedroom,entry,entry,kitchen,bedroom,bedroom,bedroom,bedroom,bedroom,kitchen,kitchen
15360,d10 Thu 16:00,kitchen,kitchen,bedroom,bedroom,entry,entry,bedroom,kitchen,bedroom,bedroom,entry,entry,kitchen,bedroom,bedroom,bedroom,bedroom,bedroom,kitchen,kitchen
15420,d10 Thu 17:00,kitchen,kitchen,bedroom,bedroom,entry,entry,bedroom,kitchen,bedroom,bedroom,entry,entry,kitchen,bedroom,bedroom,bedroom,bedroom,bedroom,kitchen,bedroom
15480,d10 Thu 18:00,kitchen,kitchen,bedroom,outside,outside,outside,bedroom,outside,bedroom,bedroom,outside,outside,kitchen,bedroom,bedroom,bedroom,bedroom,bedroom,kitchen,kitchen
15540,d10 Thu 19:00,kitchen,kitchen,bedroom,outside,outside,outside,bedroom,outside,bedroom,bedroom,outside,outside,kitchen,bedroom,bedroom,bedroom,bedroom,bedroom,kitchen,kitchen
15600,d10 Thu 20:00,kitchen,kitchen,bedroom,outside,outside,outside,bedroom,outside,bedroom,bedroom,outside,outside,kitchen,bedroom,bedroom,bedroom,bedroom,bedroom,kitchen,kitchen
15660,d10 Thu 21:00,kitchen,kitchen,bedroom,outside,outside,outside,bedroom,outside,bedroom,bedroom,outside,outside,kitchen,bedroom,bedroom,bedroom,bedroom,bedroom,kitchen,kitchen
15720,d10 Thu 22:00,kitchen,kitchen,bedroom,outside,outside,outside,bedroom,outside,bedroom,bedroom,outside,outside,kitchen,bedroom,bedroom,bedroom,bedroom,bedroom,kitchen,kitchen
15780,d10 Thu 23:00,kitchen,kitchen,bedroom,outside,outside,outside,bedroom,outside,bedroom,bedroom,outside,outside,kitchen,bedroom,bedroom,bedroom,bedroom,bedroom,kitchen,kitchen
15840,d11 Fri 00:00,kitchen,kitchen,bedroom,outside,outside,outside,bedroom,outside,bedroom,bedroom,outside,outside,kitchen,bedroom,bedroom,bedroom,bedroom,bedroom,kitchen,kitchen
15900,d11 Fri 01:00,kitchen,kitchen,bedroom,outside,outside,outside,bedroom,outside,bedroom,bedroom,outside,outside,kitchen,bedroom,bedroom,bedroom,bedroom,bedroom,kitchen,kitchen
15960,d11 Fri 02:00,kitchen,kitchen,bedroom,outside,outside,outside,bedroom,outside,bedroom,bedroom,outside,outside,kitchen,bedroom,bedroom,bedroom,bedroom,bedroom,kitchen,kitchen
16020,d11 Fri 03:00,kitchen,kitchen,bedroom,outside,outside,outside,bedroom,outside,bedroom,bedroom,outside,outside,kitchen,bedroom,bedroom,bedroom,bedroom,bedroom,kitchen,kitchen
16080,d11 Fri 04:00,kitchen,kitchen,bedroom,outside,outside,outside,bedroom,outside,bedroom,bedroom,outside,outside,kitchen,bedroom,bedroom,bedroom,bedroom,bedroom,kitchen,kitchen
16140,d11 Fri 05:00,kitchen,kitchen,bedroom,outside,outside,outside,bedroom,outside,bedroom,bedroom,outside,outside,kitchen,bedroom,bedroom,bedroom,bedroom,bedroom,kitchen,kitchen
16200,d11 Fri 06:00,kitchen,kitchen,bedroom,entry,entry,entry,bedroom,entry,bedroom,bedroom,entry,entry,kitchen,bedroom,bedroom,bedroom,bedroom,bedroom,kitchen,kitchen
16260,d11 Fri 07:00,kitchen,kitchen,bedroom,bedroom,entry,entry,bedroom,bedroom,bedroom,bedroom,entry,entry,kitchen,bedroom,bedroom,bedroom,bedroom,bedroom,bathroom,kitchen
16320,d11 Fri 08:00,kitchen,kitchen,bedroom,bedroom,entry,entry,bedroom,bedroom,bedroom,bedroom,entry,entry,kitchen,bedroom,bedroom,bedroom,bedroom,bedroom,kitchen,kitchen
16380,d11 Fri 09:00,kitchen,kitchen,bedroom,bedroom,entry,entry,bedroom,bedroom,bedroom,bedroom,entry,entry,kitchen,bedroom,bedroom,bedroom,bedroom,bedroom,kitchen,kitchen
16440,d11 Fri 10:00,kitchen,kitchen,bedroom,bedroom,entry,entry,bedroom,bedroom,bedroom,bedroom,entry,entry,kitchen,bedroom,bedroom,bedroom,bedroom,bedroom,kitchen,kitchen
16500,d11 Fri 11:00,kitchen,kitchen,bedroom,bedroom,entry,entry,bedroom,bedroom,bedroom,bedroom,entry,entry,kitchen,bedroom,bedroom,bedroom,bedroom,bedroom,kitchen,kitchen
16560,d11 Fri 12:00,kitchen,kitchen,bedroom,bedroom,entry,entry,bedroom,bedroom,bedroom,bedroom,entry,entry,kitchen,bedroom,bedroom,bedroom,bedroom,bedroom,kitchen,kitchen
16620,d11 Fri 13:00,kitchen,kitchen,bedroom,bedroom,entry,entry,bedroom,bedroom,bedroom,bedroom,entry,entry,kitchen,bedroom,bedroom,bedroom,bedroom,bedroom,kitchen,kitchen
16680,d11 Fri 14:00,kitchen,kitchen,bedroom,bedroom,entry,entry,bedroom,bedroom,bedroom,bedroom,entry,entry,kitchen,bedroom,bedroom,bedroom,bedroom,bedroom,kitchen,kitchen
16740,d11 Fri 15:00,kitchen,kitchen,bedroom,bedroom,entry,entry,bedroom,bedroom,bedroom,bedroom,entry,entry,kitchen,bedroom,bedroom,bedroom,bedroom,bedroom,kitchen,kitchen
16800,d11 Fri 16:00,bedroom,kitchen,bedroom,bedroom,entry,entry,bedroom,bedroom,bedroom,bedroom,entry,entry,kitchen,bedroom,bedroom,bedroom,bedroom,bedroom,kitchen,kitchen
16860,d11 Fri 17:00,kitchen,kitchen,bedroom,bedroom,entry,entry,bedroom,bedroom,bedroom,bedroom,entry,entry,kitchen,bedroom,bedroom,kitchen,bedroom,bedroom,kitchen,kitchen
16920,d11 Fri 18:00,kitchen,bedroom,bedroom,outside,outside,outside,bedroom,outside,bedroom,bedroom,outside,outside,kitchen,bedroom,bedroom,kitchen,bedroom,bedroom,kitchen,kitchen
16980,d11 Fri 19:00,kitchen,bedroom,bedroom,outside,outside,outside,bedroom,outside,bedroom,bedroom,outside,outside,kitchen,bedroom,bedroom,kitchen,bedroom,bedroom,kitchen,kitchen
17040,d11 Fri 20:00,kitchen,bedroom,bedroom,outside,outside,outside,bedroom,outside,bedroom,bedroom,outside,outside,kitchen,bedroom,bedroom,kitchen,bedroom,bedroom,kitchen,kitchen
17100,d11 Fri 21:00,kitchen,bedroom,bedroom,outside,outside,outside,bedroom,outside,bedroom,bedroom,outside,outside,kitchen,bedroom,bedroom,kitchen,bedroom,bedroom,kitchen,kitchen
17160,d11 Fri 22:00,kitchen,bedroom,bedroom,outside,outside,outside,bedroom,outside,bedroom,bedroom,outside,outside,kitchen,bedroom,bedroom,kitchen,bedroom,bedroom,kitchen,kitchen
17220,d11 Fri 23:00,kitchen,bedroom,bedroom,outside,outside,outside,bedroom,outside,bedroom,bedroom,outside,outside,kitchen,bedroom,bedroom,kitchen,bedroom,bedroom,kitchen,kitchen
17280,d12 Sat 00:00,kitchen,bedroom,bedroom,outside,outside,outside,bedroom,outside,bedroom,bedroom,outside,outside,kitchen,bedroom,bedroom,kitchen,bedroom,bedroom,kitchen,kitchen
17340,d12 Sat 01:00,kitchen,bedroom,bedroom,outside,outside,outside,bedroom,outside,bedroom,bedroom,outside,outside,kitchen,bedroom,bedroom,kitchen,bedroom,bedroom,kitchen,kitchen
17400,d12 Sat 02:00,kitchen,bedroom,bedroom,outside,outside,outside,bedroom,outside,bedroom,bedroom,outside,outside,kitchen,bedroom,bedroom,kitchen,bedroom,bedroom,kitchen,kitchen
17460,d12 Sat 03:00,kitchen,bedroom,bedroom,outside,outside,outside,bedroom,outside,bedroom,bedroom,outside,outside,kitchen,bedroom,bedroom,kitchen,bedroom,bedroom,kitchen,kitchen
17520,d12 Sat 04:00,kitchen,bedroom,bedroom,outside,outside,outside,bedroom,outside,bedroom,bedroom,outside,outside,kitchen,bedroom,bedroom,kitchen,bedroom,bedroom,kitchen,kitchen
17580,d12 Sat 05:00,kitchen,bedroom,bedroom,outside,outside,outside,bedroom,outside,bedroom,bedroom,outside,outside,kitchen,bedroom,bedroom,kitchen,bedroom,bedroom,kitchen,kitchen
17640,d12 Sat 06:00,kitchen,bedroom,bedroom,bedroom,entry,entry,bedroom,kitchen,bedroom,bedroom,entry,entry,kitchen,bedroom,bedroom,kitchen,bedroom,bedroom,kitchen,entry
17700,d12 Sat 07:00,kitchen,bedroom,bedroom,bedroom,entry,entry,bedroom,kitchen,bedroom,bedroom,entry,entry,kitchen,bedroom,bedroom,kitchen,bedroom,bedroom,bathroom,kitchen
17760,d12 Sat 08:00,kitchen,bedroom,bedroom,bedroom,entry,entry,bedroom,kitchen,bedroom,bedroom,entry,entry,kitchen,bedroom,bedroom,bedroom,bedroom,bedroom,kitchen,kitchen
17820,d12 Sat 09:00,kitchen,bedroom,bedroom,bedroom,entry,entry,bedroom,kitchen,bedroom,bedroom,entry,entry,kitchen,bedroom,bedroom,bedroom,kitchen,bedroom,kitchen,kitchen
17880,d12 Sat 10:00,kitchen,bedroom,bedroom,bedroom,entry,entry,bedroom,kitchen,bedroom,bedroom,entry,entry,kitchen,bedroom,bedroom,bedroom,kitchen,bedroom,kitchen,kitchen
17940,d12 Sat 11:00,kitchen,bedroom,bedroom,bedroom,entry,entry,bedroom,kitchen,bedroom,bedroom,entry,entry,kitchen,bedroom,bedroom,bedroom,kitchen,bedroom,kitchen,kitchen
18000,d12 Sat 12:00,kitchen,bedroom,bedroom,bedroom,entry,entry,bedroom,kitchen,bedroom,bedroom,entry,entry,kitchen,bedroom,bedroom,bedroom,kitchen,bedroom,kitchen,kitchen
18060,d12 Sat 13:00,kitchen,bedroom,bedroom,bedroom,entry,entry,bedroom,kitchen,bedroom,bedroom,entry,entry,kitchen,bedroom,bedroom,bedroom,kitchen,bedroom,kitchen,kitchen
18120,d12 Sat 14:00,kitchen,bedroom,bedroom,bedroom,entry,entry,bedroom,kitchen,bedroom,bedroom,entry,entry,kitchen,bedroom,bedroom,bedroom,kitchen,bedroom,kitchen,kitchen
18180,d12 Sat 15:00,kitchen,bedroom,bedroom,bedroom,entry,entry,bedroom,kitchen,bedroom,bedroom,entry,entry,kitchen,bedroom,bedroom,bedroom,kitchen,bedroom,kitchen,kitchen
18240,d12 Sat 16:00,kitchen,bedroom,bedroom,bedroom,kitchen,entry,bedroom,kitchen,bedroom,bedroom,entry,entry,kitchen,bedroom,bedroom,bedroom,kitchen,bedroom,kitchen,kitchen
18300,d12 Sat 17:00,kitchen,bedroom,bedroom,outside,outside,outside,bedroom,outside,bedroom,bedroom,outside,outside,kitchen,bedroom,bedroom,bedroom,kitchen,bedroom,kitchen,kitchen
18360,d12 Sat 18:00,kitchen,bedroom,bedroom,bedroom,entry,entry,bedroom,kitchen,living,bedroom,entry,entry,kitchen,bedroom,bedroom,bedroom,kitchen,bedroom,kitchen,kitchen
18420,d12 Sat 19:00,kitchen,bedroom,bedroom,bedroom,entry,entry,kitchen,kitchen,living,bedroom,entry,entry,kitchen,bedroom,bedroom,bedroom,kitchen,bedroom,kitchen,kitchen
18480,d12 Sat 20:00,kitchen,bedroom,bedroom,bedroom,entry,entry,kitchen,kitchen,living,bedroom,entry,entry,kitchen,bedroom,bedroom,bedroom,kitchen,bedroom,kitchen,kitchen
18540,d12 Sat 21:00,kitchen,bedroom,bedroom,bedroom,entry,entry,kitchen,kitchen,living,bedroom,entry,entry,kitchen,bedroom,bedroom,bedroom,kitchen,bedroom,kitchen,kitchen
18600,d12 Sat 22:00,kitchen,bedroom,bedroom,kitchen,entry,entry,kitchen,kitchen,living,bedroom,entry,entry,kitchen,bedroom,bedroom,bedroom,kitchen,bedroom,kitchen,kitchen
18660,d12 Sat 23:00,kitchen,bedroom,bedroom,kitchen,entry,entry,kitchen,kitchen,living,bedroom,entry,entry,kitchen,bedroom,bedroom,bedroom,kitchen,bedroom,kitchen,kitchen
18720,d13 Sun 00:00,kitchen,bedroom,bedroom,kitchen,entry,entry,kitchen,kitchen,living,bedroom,entry,entry,kitchen,bedroom,bedroom,bedroom,kitchen,bedroom,kitchen,kitchen
18780,d13 Sun 01:00,kitchen,bedroom,bedroom,kitchen,entry,entry,kitchen,kitchen,living,bedroom,entry,entry,kitchen,bedroom,bedroom,bedroom,kitchen,bedroom,kitchen,kitchen
18840,d13 Sun 02:00,kitchen,bedroom,bedroom,kitchen,entry,entry,kitchen,kitchen,living,bedroom,entry,entry,kitchen,bedroom,bedroom,bedroom,kitchen,bedroom,kitchen,kitchen
18900,d13 Sun 03:00,kitchen,bedroom,bedroom,kitchen,entry,entry,kitchen,kitchen,living,bedroom,entry,entry,kitchen,bedroom,bedroom,bedroom,kitchen,bedroom,kitchen,kitchen
18960,d13 Sun 04:00,kitchen,bedroom,bedroom,kitchen,entry,entry,kitchen,kitchen,living,bedroom,entry,entry,kitchen,bedroom,bedroom,bedroom,kitchen,bedroom,kitchen,kitchen
19020,d13 Sun 05:00,kitchen,bedroom,bedroom,kitchen,entry,entry,kitchen,kitchen,living,bedroom,entry,entry,kitchen,bedroom,bedroom,bedroom,kitchen,bedroom,kitchen,kitchen
19080,d13 Sun 06:00,kitchen,bedroom,bedroom,bedroom,entry,entry,bedroom,kitchen,living,bedroom,entry,entry,kitchen,bedroom,bedroom,bedroom,bedroom,bedroom,bathroom,kitchen
19140,d13 Sun 07:00,kitchen,kitchen,bedroom,bedroom,entry,entry,bedroom,kitchen,living,bedroom,entry,entry,kitchen,bedroom,bedroom,bedroom,bedroom,bedroom,bathroom,kitchen
19200,d13 Sun 08:00,kitchen,kitchen,bedroom,bedroom,entry,entry,bedroom,kitchen,living,bedroom,entry,entry,kitchen,bedroom,bedroom,bedroom,bedroom,bedroom,bathroom,kitchen
19260,d13 Sun 09:00,kitchen,kitchen,bedroom,bedroom,entry,entry,bedroom,kitchen,living,bedroom,entry,entry,kitchen,bedroom,bedroom,bedroom,bedroom,bedroom,bathroom,kitchen
19320,d13 Sun 10:00,kitchen,bedroom,bedroom,bedroom,entry,entry,bedroom,kitchen,living,bedroom,entry,entry,kitchen,bedroom,bedroom,bedroom,bedroom,bedroom,bathroom,kitchen
19380,d13 Sun 11:00,kitchen,kitchen,bedroom,bedroom,entry,entry,bedroom,kitchen,living,bedroom,entry,entry,kitchen,bedroom,bedroom,bedroom,bedroom,bedroom,bathroom,kitchen
19440,d13 Sun 12:00,kitchen,kitchen,bedroom,bedroom,entry,entry,bedroom,kitchen,living,bedroom,entry,entry,kitchen,bedroom,bedroom,bedroom,bedroom,bedroom,bathroom,kitchen
19500,d13 Sun 13:00,kitchen,bedroom,bedroom,bedroom,entry,entry,bedroom,kitchen,bedroom,bedroom,entry,entry,kitchen,bedroom,bedroom,bedroom,bedroom,bedroom,bathroom,kitchen
19560,d13 Sun 14:00,kitchen,bedroom,bedroom,bedroom,entry,entry,bedroom,kitchen,bedroom,bedroom,entry,entry,kitchen,bedroom,bedroom,bedroom,bedroom,bedroom,bathroom,kitchen
19620,d13 Sun 15:00,kitchen,bedroom,bedroom,bedroom,entry,entry,bedroom,kitchen,bedroom,bedroom,entry,entry,kitchen,bedroom,bedroom,bedroom,bedroom,bedroom,bathroom,kitchen
19680,d13 Sun 16:00,kitchen,living,bedroom,outside,outside,outside,bedroom,outside,living,bedroom,outside,outside,kitchen,bedroom,bedroom,bedroom,bedroom,bedroom,bathroom,kitchen
19740,d13 Sun 17:00,kitchen,kitchen,bedroom,bedroom,entry,entry,bedroom,kitchen,living,bedroom,entry,entry,kitchen,bedroom,bedroom,bedroom,bedroom,bedroom,bathroom,kitchen
19800,d13 Sun 18:00,kitchen,kitchen,bedroom,bedroom,entry,entry,bedroom,kitchen,living,bedroom,entry,entry,kitchen,bedroom,bedroom,bedroom,bedroom,bedroom,bathroom,kitchen
19860,d13 Sun 19:00,kitchen,kitchen,bedroom,bedroom,entry,entry,bedroom,kitchen,living,bedroom,entry,entry,kitchen,bedroom,bedroom,bedroom,bedroom,bedroom,bathroom,kitchen
19920,d13 Sun 20:00,kitchen,kitchen,bedroom,bedroom,entry,entry,bedroom,kitchen,living,bedroom,entry,entry,kitchen,bedroom,bedroom,bedroom,bedroom,bedroom,bathroom,kitchen
19980,d13 Sun 21:00,kitchen,kitchen,bedroom,bedroom,entry,entry,bedroom,kitchen,bedroom,bedroom,entry,entry,kitchen,bedroom,bedroom,bedroom,bedroom,bedroom,bathroom,kitchen
20040,d13 Sun 22:00,kitchen,kitchen,bedroom,bedroom,entry,entry,bedroom,kitchen,bedroom,bedroom,bedroom,entry,kitchen,bedroom,bedroom,bedroom,bedroom,bedroom,bathroom,kitchen
20100,d13 Sun 23:00,kitchen,kitchen,bedroom,bedroom,entry,entry,bedroom,kitchen,bedroom,bedroom,bedroom,entry,kitchen,bedroom,bedroom,bedroom,bedroom,bedroom,bathroom,kitchen
20160,d14 Mon 00:00,kitchen,kitchen,bedroom,bedroom,entry,entry,bedroom,kitchen,bedroom,bedroom,bedroom,entry,kitchen,bedroom,bedroom,bedroom,bedroom,bedroom,bathroom,kitchen
20220,d14 Mon 01:00,kitchen,kitchen,bedroom,bedroom,entry,entry,bedroom,kitchen,bedroom,bedroom,bedroom,entry,kitchen,bedroom,bedroom,bedroom,bedroom,bedroom,bathroom,kitchen
20280,d14 Mon 02:00,kitchen,kitchen,bedroom,bedroom,entry,entry,bedroom,kitchen,bedroom,bedroom,bedroom,entry,kitchen,bedroom,bedroom,bedroom,bedroom,bedroom,bathroom,kitchen
20340,d14 Mon 03:00,kitchen,kitchen,bedroom,bedroom,entry,entry,bedroom,kitchen,bedroom,bedroom,bedroom,entry,kitchen,bedroom,bedroom,bedroom,bedroom,bedroom,bathroom,kitchen
20400,d14 Mon 04:00,kitchen,kitchen,bedroom,bedroom,entry,entry,bedroom,kitchen,bedroom,bedroom,bedroom,entry,kitchen,bedroom,bedroom,bedroom,bedroom,bedroom,bathroom,kitchen
20460,d14 Mon 05:00,kitchen,kitchen,bedroom,bedroom,entry,entry,bedroom,kitchen,bedroom,bedroom,bedroom,entry,kitchen,bedroom,bedroom,bedroom,bedroom,bedroom,bathroom,kitchen
20520,d14 Mon 06:00,bedroom,kitchen,bedroom,bedroom,entry,entry,bedroom,kitchen,bedroom,bedroom,bedroom,entry,kitchen,bedroom,bedroom,bedroom,bedroom,bedroom,bathroom,kitchen
20580,d14 Mon 07:00,kitchen,kitchen,bedroom,bedroom,kitchen,entry,bedroom,kitchen,bedroom,bedroom,bedroom,entry,kitchen,bedroom,bedroom,bedroom,bedroom,bedroom,bathroom,kitchen
20640,d14 Mon 08:00,kitchen,bedroom,bedroom,bedroom,kitchen,entry,bedroom,kitchen,bedroom,bedroom,bedroom,entry,kitchen,bedroom,bedroom,bedroom,bedroom,bedroom,kitchen,kitchen
20700,d14 Mon 09:00,kitchen,bedroom,bedroom,bedroom,kitchen,entry,bedroom,kitchen,bedroom,bedroom,bedroom,entry,kitchen,bedroom,bedroom,bedroom,bedroom,bedroom,kitchen,kitchen
20760,d14 Mon 10:00,kitchen,living,bedroom,bedroom,kitchen,entry,bedroom,kitchen,living,bedroom,bedroom,entry,kitchen,bedroom,bedroom,bedroom,bedroom,bedroom,kitchen,kitchen
20820,d14 Mon 11:00,kitchen,living,bedroom,bedroom,kitchen,entry,bedroom,kitchen,living,bedroom,bedroom,entry,kitchen,bedroom,bedroom,bedroom,bedroom,bedroom,kitchen,kitchen
20880,d14 Mon 12:00,kitchen,living,bedroom,bedroom,kitchen,entry,bedroom,kitchen,living,bedroom,bedroom,entry,kitchen,bedroom,bedroom,bedroom,bedroom,bedroom,kitchen,kitchen
20940,d14 Mon 13:00,kitchen,living,bedroom,bedroom,kitchen,entry,bedroom,kitchen,living,bedroom,bedroom,entry,kitchen,bedroom,bedroom,bedroom,bedroom,bedroom,kitchen,kitchen
21000,d14 Mon 14:00,kitchen,living,bedroom,bedroom,kitchen,entry,bedroom,kitchen,living,bedroom,bedroom,entry,kitchen,bedroom,bedroom,bedroom,bedroom,bedroom,kitchen,bedroom
21060,d14 Mon 15:00,kitchen,living,bedroom,bedroom,kitchen,entry,bedroom,kitchen,living,bedroom,entry,entry,kitchen,bedroom,bedroom,bedroom,bedroom,bedroom,kitchen,kitchen
21120,d14 Mon 16:00,kitchen,kitchen,bedroom,outside,outside,outside,bedroom,outside,living,bedroom,outside,outside,kitchen,bedroom,bedroom,bedroom,bedroom,bedroom,kitchen,kitchen
21180,d14 Mon 17:00,kitchen,kitchen,bedroom,outside,outside,outside,bedroom,outside,living,bedroom,outside,outside,kitchen,bedroom,bedroom,bedroom,bedroom,bedroom,kitchen,kitchen
21240,d14 Mon 18:00,kitchen,kitchen,bedroom,outside,outside,outside,bedroom,outside,living,bedroom,outside,outside,kitchen,bedroom,bedroom,bedroom,bedroom,bedroom,kitchen,kitchen
21300,d14 Mon 19:00,kitchen,kitchen,bedroom,outside,outside,outside,bedroom,outside,living,bedroom,outside,outside,kitchen,bedroom,bedroom,bedroom,bedroom,bedroom,kitchen,kitchen
21360,d14 Mon 20:00,kitchen,kitchen,bedroom,outside,outside,outside,bedroom,outside,living,bedroom,outside,outside,kitchen,bedroom,bedroom,bedroom,bedroom,bedroom,kitchen,kitchen
21420,d14 Mon 21:00,kitchen,kitchen,bedroom,outside,outside,outside,bedroom,outside,living,bedroom,outside,outside,kitchen,bedroom,bedroom,bedroom,bedroom,bedroom,kitchen,kitchen
21480,d14 Mon 22:00,kitchen,kitchen,bedroom,outside,outside,outside,bedroom,outside,living,bedroom,outside,outside,kitchen,bedroom,bedroom,bedroom,bedroom,bedroom,kitchen,kitchen
21540,d14 Mon 23:00,kitchen,kitchen,bedroom,outside,outside,outside,bedroom,outside,living,bedroom,outside,outside,kitchen,bedroom,bedroom,bedroom,bedroom,bedroom,kitchen,kitchen
21600,d15 Tue 00:00,kitchen,kitchen,bedroom,outside,outside,outside,bedroom,outside,living,bedroom,outside,outside,kitchen,bedroom,bedroom,bedroom,bedroom,bedroom,kitchen,kitchen
21660,d15 Tue 01:00,kitchen,kitchen,bedroom,outside,outside,outside,bedroom,outside,living,bedroom,outside,outside,kitchen,bedroom,bedroom,bedroom,bedroom,bedroom,kitchen,kitchen
21720,d15 Tue 02:00,kitchen,kitchen,bedroom,outside,outside,outside,bedroom,outside,living,bedroom,outside,outside,kitchen,bedroom,bedroom,bedroom,bedroom,bedroom,kitchen,kitchen
21780,d15 Tue 03:00,kitchen,kitchen,bedroom,outside,outside,outside,bedroom,outside,living,bedroom,outside,outside,kitchen,bedroom,bedroom,bedroom,bedroom,bedroom,kitchen,kitchen
21840,d15 Tue 04:00,kitchen,kitchen,bedroom,outside,outside,outside,bedroom,outside,living,bedroom,outside,outside,kitchen,bedroom,bedroom,bedroom,bedroom,bedroom,kitchen,kitchen
21900,d15 Tue 05:00,kitchen,kitchen,bedroom,outside,outside,outside,bedroom,outside,living,bedroom,outside,outside,kitchen,bedroom,bedroom,bedroom,bedroom,bedroom,kitchen,kitchen
21960,d15 Tue 06:00,kitchen,kitchen,bedroom,outside,outside,outside,bedroom,outside,living,bedroom,outside,outside,kitchen,bedroom,bedroom,bedroom,bedroom,bedroom,kitchen,kitchen
22020,d15 Tue 07:00,kitchen,kitchen,bedroom,bedroom,kitchen,entry,bedroom,kitchen,living,bedroom,entry,entry,kitchen,bedroom,bedroom,bedroom,bedroom,bedroom,bathroom,kitchen
22080,d15 Tue 08:00,kitchen,kitchen,bedroom,bedroom,kitchen,entry,entry,kitchen,entry,entry,entry,entry,entry,entry,entry,entry,bedroom,bedroom,entry,entry
22140,d15 Tue 09:00,kitchen,kitchen,bedroom,bedroom,bedroom,entry,bedroom,kitchen,living,bedroom,entry,bedroom,bedroom,bedroom,entry,entry,bedroom,bedroom,entry,kitchen
22200,d15 Tue 10:00,kitchen,kitchen,bedroom,bedroom,bedroom,entry,bedroom,kitchen,living,bedroom,entry,bedroom,bedroom,bedroom,entry,entry,bedroom,bedroom,entry,kitchen
22260,d15 Tue 11:00,kitchen,kitchen,bedroom,bedroom,bedroom,entry,bedroom,kitchen,living,bedroom,entry,bedroom,bedroom,bedroom,entry,entry,bedroom,bedroom,entry,kitchen
22320,d15 Tue 12:00,kitchen,kitchen,bedroom,bedroom,bedroom,entry,bedroom,kitchen,living,bedroom,entry,bedroom,bedroom,bedroom,entry,entry,bedroom,bedroom,entry,kitchen
22380,d15 Tue 13:00,kitchen,kitchen,bedroom,bedroom,bedroom,entry,bedroom,kitchen,living,bedroom,entry,bedroom,bedroom,bedroom,entry,entry,bedroom,bedroom,entry,kitchen
22440,d15 Tue 14:00,kitchen,kitchen,bedroom,bedroom,bedroom,entry,bedroom,kitchen,living,bedroom,entry,bedroom,bedroom,bedroom,entry,entry,bedroom,bedroom,entry,kitchen
22500,d15 Tue 15:00,kitchen,kitchen,bedroom,bedroom,entry,entry,kitchen,kitchen,living,bedroom,entry,bedroom,bedroom,bedroom,entry,entry,bedroom,bedroom,entry,kitchen
22560,d15 Tue 16:00,kitchen,kitchen,bedroom,outside,outside,outside,kitchen,outside,living,bedroom,outside,outside,bedroom,bedroom,entry,entry,bedroom,bedroom,entry,kitchen
22620,d15 Tue 17:00,kitchen,kitchen,bedroom,outside,outside,outside,kitchen,outside,living,bedroom,outside,outside,bedroom,bedroom,entry,entry,bedroom,bedroom,entry,kitchen
22680,d15 Tue 18:00,kitchen,kitchen,bedroom,outside,outside,outside,kitchen,outside,living,bedroom,outside,outside,bedroom,bedroom,entry,entry,bedroom,bedroom,entry,kitchen
22740,d15 Tue 19:00,kitchen,kitchen,bedroom,outside,outside,outside,kitchen,outside,living,bedroom,outside,outside,bedroom,bedroom,entry,entry,bedroom,bedroom,entry,kitchen
22800,d15 Tue 20:00,kitchen,kitchen,bedroom,outside,outside,outside,kitchen,outside,living,bedroom,outside,outside,bedroom,bedroom,entry,entry,bedroom,bedroom,entry,kitchen
22860,d15 Tue 21:00,kitchen,kitchen,bedroom,outside,outside,outside,kitchen,outside,living,bedroom,outside,outside,bedroom,bedroom,entry,entry,bedroom,bedroom,entry,kitchen
22920,d15 Tue 22:00,kitchen,kitchen,bedroom,outside,outside,outside,kitchen,outside,living,bedroom,outside,outside,bedroom,bedroom,entry,entry,bedroom,bedroom,entry,kitchen
22980,d15 Tue 23:00,kitchen,kitchen,bedroom,outside,outside,outside,kitchen,outside,living,bedroom,outside,outside,bedroom,bedroom,entry,entry,bedroom,bedroom,entry,kitchen
23040,d16 Wed 00:00,kitchen,kitchen,bedroom,outside,outside,outside,kitchen,outside,living,bedroom,outside,outside,bedroom,bedroom,entry,entry,bedroom,bedroom,entry,kitchen
23100,d16 Wed 01:00,kitchen,kitchen,bedroom,outside,outside,outside,kitchen,outside,living,bedroom,outside,outside,bedroom,bedroom,entry,entry,bedroom,bedroom,entry,kitchen
23160,d16 Wed 02:00,kitchen,kitchen,bedroom,outside,outside,outside,kitchen,outside,living,bedroom,outside,outside,bedroom,bedroom,entry,entry,bedroom,bedroom,entry,kitchen
23220,d16 Wed 03:00,kitchen,kitchen,bedroom,outside,outside,outside,kitchen,outside,living,bedroom,outside,outside,bedroom,bedroom,entry,entry,bedroom,bedroom,entry,kitchen
23280,d16 Wed 04:00,kitchen,kitchen,bedroom,outside,outside,outside,kitchen,outside,living,bedroom,outside,outside,bedroom,bedroom,entry,entry,bedroom,bedroom,entry,kitchen
23340,d16 Wed 05:00,kitchen,kitchen,bedroom,outside,outside,outside,kitchen,outside,living,bedroom,outside,outside,bedroom,bedroom,entry,entry,bedroom,bedroom,entry,kitchen
23400,d16 Wed 06:00,kitchen,kitchen,bedroom,outside,outside,outside,kitchen,outside,living,bedroom,outside,outside,bedroom,bedroom,entry,entry,bedroom,bedroom,entry,kitchen
23460,d16 Wed 07:00,kitchen,kitchen,bedroom,bedroom,entry,entry,kitchen,kitchen,living,bedroom,entry,entry,bedroom,bedroom,entry,entry,bedroom,bedroom,bathroom,kitchen
23520,d16 Wed 08:00,kitchen,bedroom,bedroom,bedroom,entry,entry,kitchen,kitchen,living,bedroom,entry,entry,bedroom,bedroom,entry,entry,bedroom,bedroom,kitchen,kitchen
23580,d16 Wed 09:00,kitchen,bedroom,bedroom,bedroom,entry,entry,kitchen,kitchen,living,bedroom,entry,entry,bedroom,bedroom,entry,entry,bedroom,bedroom,kitchen,kitchen
23640,d16 Wed 10:00,kitchen,bedroom,bedroom,bedroom,entry,entry,kitchen,kitchen,living,bedroom,entry,entry,bedroom,bedroom,entry,entry,bedroom,bedroom,kitchen,kitchen
23700,d16 Wed 11:00,kitchen,bedroom,bedroom,bedroom,entry,entry,kitchen,kitchen,living,bedroom,entry,entry,bedroom,bedroom,entry,entry,bedroom,bedroom,kitchen,kitchen
23760,d16 Wed 12:00,kitchen,bedroom,bedroom,bedroom,entry,entry,kitchen,kitchen,living,bedroom,entry,entry,bedroom,bedroom,entry,entry,bedroom,bedroom,kitchen,kitchen
23820,d16 Wed 13:00,kitchen,bedroom,bedroom,bedroom,entry,entry,kitchen,kitchen,living,bedroom,entry,entry,bedroom,bedroom,entry,entry,bedroom,bedroom,kitchen,kitchen
23880,d16 Wed 14:00,kitchen,bedroom,bedroom,bedroom,entry,entry,kitchen,kitchen,living,bedroom,entry,entry,bedroom,bedroom,entry,entry,bedroom,bedroom,kitchen,kitchen
23940,d16 Wed 15:00,kitchen,bedroom,bedroom,bedroom,entry,entry,kitchen,kitchen,living,bedroom,entry,entry,bedroom,bedroom,entry,entry,bedroom,bedroom,kitchen,kitchen
24000,d16 Wed 16:00,bedroom,bedroom,bedroom,bedroom,entry,entry,kitchen,kitchen,living,bedroom,entry,entry,bedroom,bedroom,entry,entry,bedroom,bedroom,kitchen,kitchen
24060,d16 Wed 17:00,kitchen,kitchen,bedroom,bedroom,entry,entry,bedroom,kitchen,living,bedroom,entry,entry,bedroom,bedroom,entry,entry,bedroom,bedroom,kitchen,kitchen
24120,d16 Wed 18:00,kitchen,kitchen,bedroom,outside,outside,outside,bedroom,outside,living,bedroom,outside,outside,bedroom,bedroom,entry,entry,bedroom,bedroom,kitchen,kitchen
24180,d16 Wed 19:00,kitchen,kitchen,bedroom,outside,outside,outside,bedroom,outside,living,bedroom,outside,outside,bedroom,bedroom,entry,entry,bedroom,bedroom,kitchen,kitchen
24240,d16 Wed 20:00,kitchen,kitchen,bedroom,outside,outside,outside,bedroom,outside,living,bedroom,outside,outside,bedroom,bedroom,entry,entry,bedroom,bedroom,kitchen,kitchen
24300,d16 Wed 21:00,kitchen,kitchen,bedroom,outside,outside,outside,bedroom,outside,living,bedroom,outside,outside,bedroom,bedroom,entry,entry,bedroom,bedroom,kitchen,kitchen
24360,d16 Wed 22:00,kitchen,kitchen,bedroom,outside,outside,outside,bedroom,outside,living,bedroom,outside,outside,bedroom,bedroom,entry,entry,bedroom,bedroom,kitchen,kitchen
24420,d16 Wed 23:00,kitchen,kitchen,bedroom,outside,outside,outside,bedroom,outside,living,bedroom,outside,outside,bedroom,bedroom,entry,entry,bedroom,bedroom,kitchen,kitchen
24480,d17 Thu 00:00,kitchen,kitchen,bedroom,outside,outside,outside,bedroom,outside,living,bedroom,outside,outside,bedroom,bedroom,entry,entry,bedroom,bedroom,kitchen,kitchen
24540,d17 Thu 01:00,kitchen,kitchen,bedroom,outside,outside,outside,bedroom,outside,living,bedroom,outside,outside,bedroom,bedroom,entry,entry,bedroom,bedroom,kitchen,kitchen
24600,d17 Thu 02:00,kitchen,kitchen,bedroom,outside,outside,outside,bedroom,outside,living,bedroom,outside,outside,bedroom,bedroom,entry,entry,bedroom,bedroom,kitchen,kitchen
24660,d17 Thu 03:00,kitchen,kitchen,bedroom,outside,outside,outside,bedroom,outside,living,bedroom,outside,outside,bedroom,bedroom,entry,entry,bedroom,bedroom,kitchen,kitchen
24720,d17 Thu 04:00,kitchen,kitchen,bedroom,outside,outside,outside,bedroom,outside,living,bedroom,outside,outside,bedroom,bedroom,entry,entry,bedroom,bedroom,kitchen,kitchen
24780,d17 Thu 05:00,kitchen,kitchen,bedroom,outside,outside,outside,bedroom,outside,living,bedroom,outside,outside,bedroom,bedroom,entry,entry,bedroom,bedroom,kitchen,kitchen
24840,d17 Thu 06:00,kitchen,kitchen,bedroom,bedroom,entry,entry,bedroom,kitchen,living,bedroom,entry,bedroom,bedroom,bedroom,entry,entry,bedroom,bedroom,bathroom,kitchen
24900,d17 Thu 07:00,kitchen,kitchen,bedroom,bedroom,entry,entry,bedroom,kitchen,living,bedroom,entry,bedroom,bedroom,bedroom,entry,entry,bedroom,bedroom,bathroom,kitchen
24960,d17 Thu 08:00,kitchen,bedroom,bedroom,bedroom,entry,entry,bedroom,kitchen,living,bedroom,entry,bedroom,bedroom,bedroom,entry,entry,bedroom,bedroom,kitchen,kitchen
25020,d17 Thu 09:00,kitchen,bedroom,bedroom,bedroom,entry,entry,bedroom,kitchen,living,bedroom,entry,bedroom,bedroom,bedroom,entry,entry,bedroom,bedroom,kitchen,kitchen
25080,d17 Thu 10:00,kitchen,bedroom,bedroom,bedroom,entry,entry,bedroom,kitchen,living,bedroom,entry,bedroom,bedroom,bedroom,entry,entry,bedroom,bedroom,kitchen,kitchen
25140,d17 Thu 11:00,kitchen,bedroom,bedroom,bedroom,entry,entry,bedroom,kitchen,living,bedroom,entry,bedroom,bedroom,bedroom,entry,entry,bedroom,bedroom,kitchen,kitchen
25200,d17 Thu 12:00,kitchen,bedroom,bedroom,bedroom,entry,entry,bedroom,kitchen,living,bedroom,entry,bedroom,bedroom,bedroom,entry,entry,bedroom,bedroom,kitchen,kitchen
25260,d17 Thu 13:00,kitchen,bedroom,bedroom,bedroom,entry,entry,bedroom,kitchen,living,bedroom,entry,bedroom,bedroom,bedroom,entry,entry,bedroom,bedroom,kitchen,kitchen
25320,d17 Thu 14:00,bedroom,bedroom,bedroom,bedroom,entry,entry,bedroom,kitchen,living,bedroom,entry,bedroom,bedroom,bedroom,entry,entry,bedroom,bedroom,kitchen,kitchen
25380,d17 Thu 15:00,kitchen,bedroom,bedroom,bedroom,entry,entry,bedroom,kitchen,living,bedroom,entry,bedroom,bedroom,bedroom,entry,entry,bedroom,bedroom,kitchen,kitchen
25440,d17 Thu 16:00,kitchen,bedroom,bedroom,outside,outside,outside,bedroom,outside,living,bedroom,outside,outside,bedroom,bedroom,kitchen,entry,bedroom,bedroom,kitchen,kitchen
25500,d17 Thu 17:00,kitchen,bedroom,bedroom,outside,outside,outside,bedroom,outside,living,bedroom,outside,outside,bedroom,bedroom,kitchen,entry,bedroom,bedroom,kitchen,kitchen
25560,d17 Thu 18:00,kitchen,bedroom,bedroom,outside,outside,outside,bedroom,outside,living,bedroom,outside,outside,bedroom,bedroom,kitchen,entry,bedroom,bedroom,kitchen,kitchen
25620,d17 Thu 19:00,kitchen,bedroom,bedroom,outside,outside,outside,bedroom,outside,living,bedroom,outside,outside,bedroom,bedroom,kitchen,entry,bedroom,bedroom,kitchen,kitchen
25680,d17 Thu 20:00,kitchen,bedroom,bedroom,outside,outside,outside,bedroom,outside,living,bedroom,outside,outside,bedroom,bedroom,kitchen,entry,bedroom,bedroom,kitchen,kitchen
25740,d17 Thu 21:00,kitchen,bedroom,bedroom,outside,outside,outside,bedroom,outside,living,bedroom,outside,outside,bedroom,bedroom,kitchen,entry,bedroom,bedroom,kitchen,kitchen
25800,d17 Thu 22:00,kitchen,bedroom,bedroom,outside,outside,outside,bedroom,outside,living,bedroom,outside,outside,bedroom,bedroom,kitchen,entry,bedroom,bedroom,kitchen,kitchen
25860,d17 Thu 23:00,kitchen,bedroom,bedroom,outside,outside,outside,bedroom,outside,living,bedroom,outside,outside,bedroom,bedroom,kitchen,entry,bedroom,bedroom,kitchen,kitchen
25920,d18 Fri 00:00,kitchen,bedroom,bedroom,outside,outside,outside,bedroom,outside,living,bedroom,outside,outside,bedroom,bedroom,kitchen,entry,bedroom,bedroom,kitchen,kitchen
25980,d18 Fri 01:00,kitchen,bedroom,bedroom,outside,outside,outside,bedroom,outside,living,bedroom,outside,outside,bedroom,bedroom,kitchen,entry,bedroom,bedroom,kitchen,kitchen
26040,d18 Fri 02:00,kitchen,bedroom,bedroom,outside,outside,outside,bedroom,outside,living,bedroom,outside,outside,bedroom,bedroom,kitchen,entry,bedroom,bedroom,bedroom,kitchen
26100,d18 Fri 03:00,kitchen,bedroom,bedroom,outside,outside,outside,bedroom,outside,living,bedroom,outside,outside,bedroom,bedroom,kitchen,entry,bedroom,bedroom,bedroom,kitchen
26160,d18 Fri 04:00,kitchen,bedroom,bedroom,outside,outside,outside,bedroom,outside,living,bedroom,outside,outside,bedroom,bedroom,kitchen,entry,bedroom,bedroom,bedroom,kitchen
26220,d18 Fri 05:00,kitchen,bedroom,bedroom,outside,outside,outside,bedroom,outside,living,bedroom,outside,outside,bedroom,bedroom,kitchen,entry,bedroom,bedroom,bedroom,kitchen
26280,d18 Fri 06:00,kitchen,bedroom,bedroom,outside,outside,outside,bedroom,outside,living,bedroom,outside,outside,bedroom,bedroom,kitchen,entry,bedroom,bedroom,bedroom,kitchen
26340,d18 Fri 07:00,kitchen,bedroom,bedroom,bedroom,entry,entry,bedroom,kitchen,living,bedroom,entry,entry,bedroom,bedroom,kitchen,entry,bedroom,bedroom,bedroom,entry
26400,d18 Fri 08:00,kitchen,bedroom,bedroom,bedroom,entry,entry,bedroom,kitchen,living,bedroom,entry,bedroom,bedroom,bedroom,kitchen,entry,bedroom,bedroom,bathroom,kitchen
26460,d18 Fri 09:00,kitchen,kitchen,bedroom,bedroom,bedroom,bedroom,bedroom,kitchen,living,bedroom,entry,bedroom,bedroom,bedroom,kitchen,entry,bedroom,bedroom,kitchen,kitchen
26520,d18 Fri 10:00,kitchen,kitchen,bedroom,bedroom,bedroom,bedroom,bedroom,kitchen,living,bedroom,entry,bedroom,bedroom,bedroom,kitchen,entry,bedroom,bedroom,kitchen,kitchen
26580,d18 Fri 11:00,kitchen,kitchen,bedroom,bedroom,bedroom,bedroom,bedroom,kitchen,living,bedroom,entry,bedroom,bedroom,bedroom,kitchen,entry,bedroom,bedroom,kitchen,kitchen
26640,d18 Fri 12:00,kitchen,kitchen,bedroom,bedroom,bedroom,bedroom,bedroom,kitchen,living,bedroom,entry,bedroom,bedroom,bedroom,kitchen,entry,bedroom,bedroom,kitchen,kitchen
26700,d18 Fri 13:00,kitchen,kitchen,bedroom,bedroom,bedroom,bedroom,bedroom,kitchen,living,bedroom,entry,bedroom,bedroom,bedroom,kitchen,entry,bedroom,bedroom,kitchen,kitchen
26760,d18 Fri 14:00,kitchen,kitchen,bedroom,bedroom,bedroom,bedroom,bedroom,kitchen,living,bedroom,entry,bedroom,bedroom,bedroom,kitchen,entry,bedroom,bedroom,kitchen,kitchen
26820,d18 Fri 15:00,kitchen,kitchen,bedroom,bedroom,bedroom,bedroom,bedroom,kitchen,living,bedroom,entry,bedroom,bedroom,bedroom,kitchen,entry,bedroom,bedroom,kitchen,kitchen
26880,d18 Fri 16:00,kitchen,bedroom,bedroom,bedroom,entry,bedroom,bedroom,kitchen,kitchen,bedroom,entry,bedroom,bedroom,bedroom,kitchen,entry,bedroom,bedroom,kitchen,kitchen
26940,d18 Fri 17:00,kitchen,bedroom,bedroom,outside,outside,outside,bedroom,outside,kitchen,bedroom,outside,outside,bedroom,bedroom,kitchen,entry,bedroom,bedroom,kitchen,kitchen
27000,d18 Fri 18:00,kitchen,bedroom,bedroom,outside,outside,outside,bedroom,outside,kitchen,bedroom,outside,outside,bedroom,bedroom,kitchen,entry,bedroom,bedroom,kitchen,kitchen
27060,d18 Fri 19:00,kitchen,bedroom,bedroom,outside,outside,outside,bedroom,outside,kitchen,bedroom,outside,outside,bedroom,bedroom,kitchen,entry,bedroom,bedroom,kitchen,kitchen
27120,d18 Fri 20:00,kitchen,bedroom,bedroom,outside,outside,outside,bedroom,outside,kitchen,bedroom,outside,outside,bedroom,bedroom,kitchen,entry,bedroom,bedroom,kitchen,kitchen
27180,d18 Fri 21:00,kitchen,bedroom,bedroom,outside,outside,outside,bedroom,kitchen,kitchen,bedroom,outside,outside,bedroom,bedroom,kitchen,entry,bedroom,bedroom,kitchen,kitchen
27240,d18 Fri 22:00,kitchen,bedroom,bedroom,outside,outside,outside,bedroom,kitchen,kitchen,bedroom,outside,outside,bedroom,bedroom,kitchen,entry,bedroom,bedroom,kitchen,kitchen
27300,d18 Fri 23:00,kitchen,bedroom,bedroom,outside,outside,outside,bedroom,kitchen,kitchen,bedroom,outside,outside,bedroom,bedroom,kitchen,entry,bedroom,bedroom,kitchen,kitchen
27360,d19 Sat 00:00,kitchen,bedroom,bedroom,outside,outside,outside,bedroom,kitchen,kitchen,bedroom,outside,outside,bedroom,bedroom,kitchen,entry,bedroom,bedroom,kitchen,kitchen
27420,d19 Sat 01:00,kitchen,bedroom,bedroom,outside,outside,outside,bedroom,kitchen,kitchen,bedroom,outside,outside,bedroom,bedroom,kitchen,entry,bedroom,bedroom,kitchen,kitchen
27480,d19 Sat 02:00,kitchen,bedroom,bedroom,outside,outside,outside,bedroom,kitchen,kitchen,bedroom,outside,outside,bedroom,bedroom,kitchen,entry,bedroom,bedroom,kitchen,kitchen
27540,d19 Sat 03:00,kitchen,bedroom,bedroom,outside,outside,outside,bedroom,kitchen,kitchen,bedroom,outside,outside,bedroom,bedroom,kitchen,entry,bedroom,bedroom,kitchen,kitchen
27600,d19 Sat 04:00,kitchen,bedroom,bedroom,outside,outside,outside,bedroom,kitchen,kitchen,bedroom,outside,outside,bedroom,bedroom,kitchen,entry,bedroom,bedroom,kitchen,kitchen
27660,d19 Sat 05:00,kitchen,bedroom,bedroom,outside,outside,outside,bedroom,kitchen,kitchen,bedroom,outside,outside,bedroom,bedroom,kitchen,entry,bedroom,bedroom,kitchen,kitchen
27720,d19 Sat 06:00,kitchen,bedroom,bedroom,outside,outside,outside,bedroom,kitchen,kitchen,bedroom,outside,outside,bedroom,bedroom,kitchen,entry,bedroom,bedroom,kitchen,kitchen
27780,d19 Sat 07:00,kitchen,bedroom,bedroom,outside,outside,outside,bedroom,kitchen,kitchen,bedroom,outside,outside,bedroom,bedroom,kitchen,entry,bedroom,bedroom,kitchen,kitchen
27840,d19 Sat 08:00,kitchen,bedroom,bedroom,bedroom,entry,entry,bedroom,kitchen,kitchen,bedroom,entry,entry,bedroom,bedroom,kitchen,entry,bedroom,bedroom,kitchen,entry
27900,d19 Sat 09:00,kitchen,kitchen,bedroom,bedroom,kitchen,entry,bedroom,kitchen,kitchen,bedroom,entry,kitchen,bedroom,bedroom,kitchen,entry,bedroom,bedroom,kitchen,kitchen
27960,d19 Sat 10:00,kitchen,bedroom,bedroom,bedroom,bedroom,entry,bedroom,kitchen,kitchen,bedroom,entry,bedroom,bedroom,bedroom,kitchen,entry,bedroom,bedroom,kitchen,kitchen
28020,d19 Sat 11:00,kitchen,bedroom,bedroom,bedroom,bedroom,entry,bedroom,kitchen,kitchen,bedroom,entry,bedroom,bedroom,bedroom,kitchen,entry,bedroom,bedroom,kitchen,kitchen
28080,d19 Sat 12:00,kitchen,bedroom,bedroom,bedroom,bedroom,entry,bedroom,kitchen,kitchen,bedroom,entry,bedroom,bedroom,bedroom,kitchen,entry,bedroom,bedroom,kitchen,kitchen
28140,d19 Sat 13:00,kitchen,bedroom,bedroom,bedroom,bedroom,entry,bedroom,kitchen,kitchen,bedroom,entry,bedroom,bedroom,bedroom,kitchen,entry,bedroom,bedroom,kitchen,kitchen
28200,d19 Sat 14:00,kitchen,bedroom,bedroom,bedroom,bedroom,entry,bedroom,kitchen,kitchen,bedroom,entry,bedroom,bedroom,bedroom,kitchen,entry,bedroom,bedroom,kitchen,kitchen
28260,d19 Sat 15:00,kitchen,bedroom,bedroom,bedroom,bedroom,entry,bedroom,kitchen,kitchen,bedroom,entry,bedroom,bedroom,bedroom,kitchen,entry,bedroom,bedroom,kitchen,kitchen
28320,d19 Sat 16:00,kitchen,bedroom,bedroom,bedroom,kitchen,entry,bedroom,kitchen,kitchen,bedroom,entry,kitchen,bedroom,bedroom,kitchen,entry,bedroom,bedroom,kitchen,kitchen
28380,d19 Sat 17:00,kitchen,bedroom,bedroom,outside,outside,outside,bedroom,outside,kitchen,bedroom,outside,outside,bedroom,bedroom,kitchen,entry,bedroom,bedroom,kitchen,kitchen
28440,d19 Sat 18:00,kitchen,bedroom,bedroom,bedroom,bedroom,entry,bedroom,kitchen,kitchen,bedroom,entry,entry,bedroom,bedroom,kitchen,entry,bedroom,bedroom,kitchen,kitchen
28500,d19 Sat 19:00,kitchen,kitchen,bedroom,bedroom,bedroom,entry,living,kitchen,living,bedroom,entry,entry,bedroom,living,living,living,bedroom,bedroom,kitchen,kitchen
28560,d19 Sat 20:00,kitchen,kitchen,bedroom,bedroom,bedroom,entry,living,kitchen,living,bedroom,entry,entry,bedroom,living,living,living,bedroom,bedroom,kitchen,kitchen
28620,d19 Sat 21:00,kitchen,kitchen,bedroom,bedroom,bedroom,entry,living,kitchen,living,bedroom,entry,entry,bedroom,living,living,living,bedroom,bedroom,kitchen,kitchen
28680,d19 Sat 22:00,kitchen,bedroom,bedroom,bedroom,bedroom,entry,bedroom,kitchen,living,bedroom,entry,entry,bedroom,bedroom,bedroom,bedroom,bedroom,bedroom,kitchen,kitchen
28740,d19 Sat 23:00,kitchen,bedroom,bedroom,bedroom,bedroom,entry,bedroom,kitchen,living,bedroom,entry,entry,bedroom,bedroom,bedroom,bedroom,bedroom,bedroom,kitchen,kitchen
28800,d20 Sun 00:00,kitchen,bedroom,bedroom,bedroom,bedroom,entry,bedroom,kitchen,living,bedroom,entry,entry,bedroom,bedroom,bedroom,bedroom,bedroom,bedroom,kitchen,kitchen
28860,d20 Sun 01:00,kitchen,bedroom,bedroom,bedroom,bedroom,entry,bedroom,kitchen,living,bedroom,entry,entry,bedroom,bedroom,bedroom,bedroom,bedroom,bedroom,kitchen,kitchen
28920,d20 Sun 02:00,kitchen,bedroom,bedroom,bedroom,bedroom,entry,bedroom,kitchen,living,bedroom,entry,entry,bedroom,bedroom,bedroom,bedroom,bedroom,bedroom,kitchen,kitchen
28980,d20 Sun 03:00,kitchen,bedroom,bedroom,bedroom,bedroom,entry,bedroom,kitchen,living,bedroom,entry,entry,bedroom,bedroom,bedroom,bedroom,bedroom,bedroom,kitchen,kitchen
29040,d20 Sun 04:00,kitchen,bedroom,bedroom,bedroom,bedroom,entry,bedroom,kitchen,living,bedroom,entry,entry,bedroom,bedroom,bedroom,bedroom,bedroom,bedroom,kitchen,kitchen
29100,d20 Sun 05:00,kitchen,bedroom,bedroom,bedroom,bedroom,entry,bedroom,kitchen,living,bedroom,entry,entry,bedroom,bedroom,bedroom,bedroom,bedroom,bedroom,kitchen,kitchen
29160,d20 Sun 06:00,kitchen,bedroom,bedroom,bedroom,entry,entry,bedroom,kitchen,living,bedroom,entry,entry,bedroom,bedroom,bedroom,bedroom,bedroom,bedroom,kitchen,kitchen
29220,d20 Sun 07:00,kitchen,kitchen,bedroom,bedroom,entry,entry,bedroom,kitchen,bedroom,bedroom,entry,entry,bedroom,bedroom,bedroom,bedroom,bedroom,bedroom,kitchen,kitchen
29280,d20 Sun 08:00,kitchen,kitchen,bedroom,bedroom,entry,entry,bedroom,kitchen,bedroom,bedroom,entry,entry,bedroom,bedroom,bedroom,bedroom,bedroom,bedroom,kitchen,kitchen
29340,d20 Sun 09:00,kitchen,kitchen,bedroom,bedroom,entry,entry,bedroom,kitchen,bedroom,bedroom,entry,entry,bedroom,bedroom,bedroom,bedroom,bedroom,bedroom,kitchen,kitchen
29400,d20 Sun 10:00,kitchen,kitchen,bedroom,bedroom,entry,entry,bedroom,kitchen,bedroom,bedroom,entry,entry,bedroom,bedroom,bedroom,bedroom,bedroom,bedroom,kitchen,kitchen
29460,d20 Sun 11:00,kitchen,kitchen,bedroom,bedroom,entry,entry,bedroom,kitchen,bedroom,bedroom,entry,entry,bedroom,bedroom,bedroom,bedroom,bedroom,bedroom,kitchen,kitchen
29520,d20 Sun 12:00,kitchen,kitchen,bedroom,bedroom,entry,entry,bedroom,kitchen,bedroom,bedroom,entry,entry,bedroom,bedroom,bedroom,bedroom,bedroom,bedroom,kitchen,kitchen
29580,d20 Sun 13:00,kitchen,bedroom,bedroom,bedroom,entry,entry,bedroom,kitchen,bedroom,bedroom,entry,entry,bedroom,bedroom,bedroom,bedroom,bedroom,bedroom,kitchen,kitchen
29640,d20 Sun 14:00,kitchen,kitchen,bedroom,bedroom,entry,entry,living,kitchen,living,bedroom,entry,entry,bedroom,living,living,living,bedroom,bedroom,kitchen,kitchen
29700,d20 Sun 15:00,kitchen,kitchen,bedroom,bedroom,entry,entry,living,kitchen,living,bedroom,entry,entry,bedroom,living,living,living,bedroom,bedroom,kitchen,kitchen
29760,d20 Sun 16:00,kitchen,kitchen,bedroom,bedroom,entry,entry,living,kitchen,living,bedroom,entry,entry,bedroom,living,living,living,bedroom,bedroom,kitchen,kitchen
29820,d20 Sun 17:00,kitchen,living,bedroom,bedroom,entry,entry,living,kitchen,living,bedroom,entry,entry,bedroom,living,bedroom,bedroom,bedroom,bedroom,kitchen,kitchen
29880,d20 Sun 18:00,kitchen,living,bedroom,kitchen,entry,entry,living,kitchen,living,bedroom,entry,entry,bedroom,living,bedroom,bedroom,bedroom,bedroom,kitchen,kitchen
29940,d20 Sun 19:00,kitchen,living,bedroom,kitchen,entry,entry,living,kitchen,living,bedroom,entry,entry,bedroom,living,bedroom,bedroom,bedroom,bedroom,kitchen,kitchen
30000,d20 Sun 20:00,kitchen,bedroom,bedroom,kitchen,entry,entry,living,kitchen,living,bedroom,entry,entry,bedroom,living,bedroom,bedroom,bedroom,bedroom,kitchen,kitchen
30060,d20 Sun 21:00,kitchen,bedroom,bedroom,kitchen,entry,entry,living,kitchen,living,bedroom,entry,entry,bedroom,living,bedroom,bedroom,bedroom,bedroom,kitchen,kitchen
30120,d20 Sun 22:00,kitchen,bedroom,bedroom,kitchen,entry,entry,living,kitchen,living,bedroom,entry,entry,bedroom,living,bedroom,bedroom,bedroom,bedroom,kitchen,kitchen
30180,d20 Sun 23:00,kitchen,bedroom,bedroom,kitchen,entry,entry,living,kitchen,living,bedroom,entry,entry,bedroom,living,bedroom,bedroom,bedroom,bedroom,kitchen,kitchen
