t,stamp,mug_1,mug_2,glasses_1,medication_bottle_1,laptop_1,watering_can_1,blanket_1,book_1,toy_1,phone_1,phone_2,keys_1,keys_2,towel_1,towel_2
0,d00 Mon 00:00,kitchen,kitchen,living,bathroom,entry,entry,living,bedroom_1,living,kitchen,entry,kitchen,entry,kitchen,bathroom
60,d00 Mon 01:00,kitchen,kitchen,living,bathroom,entry,entry,living,bedroom_1,living,kitchen,entry,kitchen,entry,kitchen,bathroom
120,d00 Mon 02:00,kitchen,kitchen,living,bathroom,entry,entry,living,bedroom_1,living,kitchen,entry,kitchen,entry,kitchen,bathroom
180,d00 Mon 03:00,kitchen,kitchen,living,bathroom,entry,entry,living,bedroom_1,living,kitchen,entry,kitchen,entry,kitchen,bathroom
240,d00 Mon 04:00,kitchen,kitchen,living,bathroom,entry,entry,living,bedroom_1,living,kitchen,entry,kitchen,entry,kitchen,bathroom
300,d00 Mon 05:00,kitchen,kitchen,living,bathroom,entry,entry,living,bedroom_1,living,kitchen,entry,kitchen,entry,kitchen,bathroom
360,d00 Mon 06:00,kitchen,kitchen,living,bathroom,entry,entry,living,bedroom_1,living,kitchen,entry,kitchen,entry,kitchen,bathroom
420,d00 Mon 07:00,kitchen,kitchen,living,bathroom,entry,entry,living,bedroom_1,living,kitchen,entry,kitchen,entry,kitchen,bathroom
480,d00 Mon 08:00,kitchen,living,living,living,entry,kitchen,living,bedroom_1,living,living,living,living,living,kitchen,living
540,d00 Mon 09:00,kitchen,kitchen,living,kitchen,entry,kitchen,living,living,living,kitchen,entry,kitchen,entry,kitchen,bathroom
600,d00 Mon 10:00,kitchen,kitchen,living,bathroom,living,entry,living,living,living,kitchen,entry,kitchen,entry,kitchen,bathroom
660,d00 Mon 11:00,kitchen,kitchen,living,bathroom,living,entry,living,living,living,kitchen,entry,kitchen,entry,kitchen,bathroom
720,d00 Mon 12:00,kitchen,kitchen,living,bathroom,living,entry,living,living,living,kitchen,entry,kitchen,entry,kitchen,bathroom
780,d00 Mon 13:00,kitchen,kitchen,kitchen,bathroom,living,entry,living,living,living,kitchen,entry,kitchen,entry,kitchen,bathroom
840,d00 Mon 14:00,kitchen,kitchen,living,bathroom,living,entry,living,living,living,kitchen,entry,kitchen,entry,kitchen,bathroom
900,d00 Mon 15:00,kitchen,kitchen,kitchen,kitchen,kitchen,kitchen,kitchen,kitchen,kitchen,kitchen,kitchen,kitchen,entry,kitchen,kitchen
960,d00 Mon 16:00,kitchen,kitchen,kitchen,bathroom,living,entry,living,bedroom_1,living,kitchen,kitchen,kitchen,entry,kitchen,bathroom
1020,d00 Mon 17:00,kitchen,kitchen,kitchen,bathroom,kitchen,entry,living,bedroom_1,living,kitchen,kitchen,kitchen,entry,kitchen,bathroom
1080,d00 Mon 18:00,kitchen,kitchen,kitchen,bathroom,entry,entry,living,bedroom_1,living,kitchen,kitchen,kitchen,entry,kitchen,bathroom
1140,d00 Mon 19:00,kitchen,kitchen,living,bathroom,entry,entry,living,living,living,living,living,kitchen,living,kitchen,bathroom
1200,d00 Mon 20:00,kitchen,kitchen,living,bathroom,entry,entry,living,living,living,living,living,kitchen,living,kitchen,bathroom
1260,d00 Mon 21:00,kitchen,kitchen,living,bathroom,entry,entry,living,living,living,living,living,kitchen,living,kitchen,bathroom
1320,d00 Mon 22:00,kitchen,kitchen,bedroom_2,bathroom,entry,entry,living,living,living,bedroom_2,bedroom_2,kitchen,kitchen,kitchen,bathroom
1380,d00 Mon 23:00,kitchen,kitchen,bedroom_2,bathroom,entry,entry,living,living,living,bedroom_2,bedroom_2,kitchen,kitchen,kitchen,bathroom
1440,d01 Tue 00:00,kitchen,kitchen,bedroom_2,bathroom,entry,entry,living,living,living,bedroom_2,bedroom_2,kitchen,kitchen,kitchen,bathroom
1500,d01 Tue 01:00,kitchen,kitchen,bedroom_2,bathroom,entry,entry,living,living,living,bedroom_2,bedroom_2,kitchen,kitchen,kitchen,bathroom
1560,d01 Tue 02:00,kitchen,kitchen,bedroom_2,bathroom,entry,entry,living,living,living,bedroom_2,bedroom_2,kitchen,kitchen,kitchen,bathroom
1620,d01 Tue 03:00,kitchen,kitchen,bedroom_2,bathroom,entry,entry,living,living,living,bedroom_2,bedroom_2,kitchen,kitchen,kitchen,bathroom
1680,d01 Tue 04:00,kitchen,kitchen,bedroom_2,bathroom,entry,entry,living,living,living,bedroom_2,bedroom_2,kitchen,kitchen,kitchen,bathroom
1740,d01 Tue 05:00,kitchen,kitchen,bedroom_2,bathroom,entry,entry,living,living,living,bedroom_2,bedroom_2,kitchen,kitchen,kitchen,bathroom
1800,d01 Tue 06:00,kitchen,kitchen,bedroom_2,bathroom,entry,entry,living,living,living,bedroom_2,bedroom_2,kitchen,kitchen,kitchen,bathroom
1860,d01 Tue 07:00,kitchen,kitchen,bedroom_2,bathroom,entry,entry,kitchen,living,living,bedroom_2,bedroom_2,kitchen,kitchen,kitchen,bathroom
1920,d01 Tue 08:00,kitchen,kitchen,kitchen,bathroom,living,kitchen,living,bedroom_1,living,kitchen,bedroom_2,kitchen,kitchen,kitchen,bathroom
1980,d01 Tue 09:00,kitchen,kitchen,living,bathroom,living,kitchen,living,living,living,kitchen,bedroom_2,kitchen,entry,kitchen,bathroom
2040,d01 Tue 10:00,kitchen,kitchen,bedroom_1,bathroom,living,kitchen,living,living,living,kitchen,bedroom_2,kitchen,entry,kitchen,bathroom
2100,d01 Tue 11:00,kitchen,kitchen,bedroom_1,bathroom,living,kitchen,living,living,living,kitchen,bedroom_2,kitchen,entry,kitchen,bathroom
2160,d01 Tue 12:00,kitchen,kitchen,bedroom_1,bathroom,living,kitchen,living,living,living,kitchen,bedroom_2,kitchen,entry,kitchen,bathroom
2220,d01 Tue 13:00,kitchen,kitchen,bedroom_1,bathroom,living,kitchen,living,living,kitchen,kitchen,bedroom_2,kitchen,entry,kitchen,bathroom
2280,d01 Tue 14:00,kitchen,kitchen,bedroom_1,bathroom,kitchen,kitchen,living,living,kitchen,kitchen,bedroom_2,kitchen,entry,kitchen,bathroom
2340,d01 Tue 15:00,kitchen,kitchen,bedroom_1,bathroom,kitchen,kitchen,living,living,kitchen,kitchen,bedroom_2,kitchen,entry,kitchen,bathroom
2400,d01 Tue 16:00,kitchen,kitchen,bedroom_1,bathroom,entry,kitchen,living,kitchen,kitchen,kitchen,bedroom_2,kitchen,entry,kitchen,bathroom
2460,d01 Tue 17:00,kitchen,kitchen,bedroom_1,bathroom,entry,kitchen,living,kitchen,kitchen,kitchen,bedroom_2,kitchen,entry,kitchen,bathroom
2520,d01 Tue 18:00,kitchen,kitchen,bedroom_1,bathroom,entry,kitchen,living,kitchen,kitchen,kitchen,bedroom_2,kitchen,entry,kitchen,bathroom
2580,d01 Tue 19:00,kitchen,kitchen,living,bathroom,entry,kitchen,living,living,living,living,living,kitchen,living,kitchen,bathroom
2640,d01 Tue 20:00,kitchen,kitchen,living,bathroom,entry,kitchen,living,living,living,living,living,kitchen,living,kitchen,bathroom
2700,d01 Tue 21:00,kitchen,kitchen,bedroom_2,bathroom,entry,kitchen,living,bedroom_1,living,bedroom_2,bedroom_2,kitchen,entry,kitchen,bathroom
2760,d01 Tue 22:00,kitchen,kitchen,bedroom_2,bathroom,entry,kitchen,living,bedroom_1,living,bedroom_2,bedroom_2,kitchen,entry,kitchen,bathroom
2820,d01 Tue 23:00,kitchen,kitchen,bedroom_2,bathroom,entry,kitchen,living,bedroom_1,living,bedroom_2,bedroom_2,kitchen,entry,kitchen,bathroom
2880,d02 Wed 00:00,kitchen,kitchen,bedroom_2,bathroom,entry,kitchen,living,bedroom_1,living,bedroom_2,bedroom_2,kitchen,entry,kitchen,bathroom
2940,d02 Wed 01:00,kitchen,kitchen,bedroom_2,bathroom,entry,kitchen,living,bedroom_1,living,bedroom_2,bedroom_2,kitchen,entry,kitchen,bathroom
3000,d02 Wed 02:00,kitchen,kitchen,bedroom_2,bathroom,entry,kitchen,living,bedroom_1,living,bedroom_2,bedroom_2,kitchen,entry,kitchen,bathroom
3060,d02 Wed 03:00,kitchen,kitchen,bedroom_2,bathroom,entry,kitchen,living,bedroom_1,living,bedroom_2,bedroom_2,kitchen,entry,kitchen,bathroom
3120,d02 Wed 04:00,kitchen,kitchen,bedroom_2,bathroom,entry,kitchen,living,bedroom_1,living,bedroom_2,bedroom_2,kitchen,entry,kitchen,bathroom
3180,d02 Wed 05:00,kitchen,kitchen,bedroom_2,bathroom,entry,kitchen,living,bedroom_1,living,bedroom_2,bedroom_2,kitchen,entry,kitchen,bathroom
3240,d02 Wed 06:00,kitchen,kitchen,bedroom_2,bathroom,entry,kitchen,living,bedroom_1,living,bedroom_2,bedroom_2,kitchen,entry,kitchen,bathroom
3300,d02 Wed 07:00,kitchen,kitchen,bedroom_2,bathroom,entry,kitchen,living,bedroom_1,living,bedroom_2,bedroom_2,kitchen,entry,kitchen,bathroom
3360,d02 Wed 08:00,kitchen,kitchen,kitchen,kitchen,entry,entry,living,bedroom_1,living,bedroom_1,bedroom_2,kitchen,entry,kitchen,bathroom
3420,d02 Wed 09:00,kitchen,kitchen,living,bathroom,entry,entry,living,living,living,kitchen,kitchen,kitchen,entry,kitchen,bathroom
3480,d02 Wed 10:00,kitchen,kitchen,bedroom_1,bathroom,entry,entry,living,living,living,kitchen,kitchen,kitchen,entry,kitchen,bathroom
3540,d02 Wed 11:00,kitchen,kitchen,bedroom_1,bathroom,entry,entry,living,living,living,kitchen,kitchen,kitchen,entry,kitchen,bathroom
3600,d02 Wed 12:00,kitchen,kitchen,bedroom_1,bathroom,entry,entry,living,living,living,kitchen,kitchen,kitchen,entry,kitchen,bathroom
3660,d02 Wed 13:00,kitchen,kitchen,living,bathroom,entry,entry,living,living,living,living,living,kitchen,living,kitchen,bathroom
3720,d02 Wed 14:00,kitchen,kitchen,living,bathroom,entry,entry,living,living,living,living,living,kitchen,living,kitchen,bathroom
3780,d02 Wed 15:00,kitchen,kitchen,living,bathroom,entry,entry,living,living,living,living,living,kitchen,living,kitchen,bathroom
3840,d02 Wed 16:00,kitchen,kitchen,living,bathroom,entry,entry,living,living,living,living,living,kitchen,living,kitchen,bathroom
3900,d02 Wed 17:00,kitchen,kitchen,living,bathroom,entry,entry,living,living,living,living,living,kitchen,living,kitchen,bathroom
3960,d02 Wed 18:00,kitchen,kitchen,living,bathroom,entry,entry,living,living,living,living,living,kitchen,living,kitchen,bathroom
4020,d02 Wed 19:00,kitchen,kitchen,living,bathroom,entry,entry,living,living,living,living,living,kitchen,living,kitchen,bathroom
4080,d02 Wed 20:00,kitchen,kitchen,living,bathroom,entry,entry,living,living,living,living,living,kitchen,living,kitchen,bathroom
4140,d02 Wed 21:00,kitchen,kitchen,bedroom_2,bathroom,entry,entry,living,living,living,bedroom_2,bedroom_2,kitchen,entry,kitchen,bathroom
4200,d02 Wed 22:00,kitchen,kitchen,bedroom_2,bathroom,entry,entry,living,living,living,bedroom_2,kitchen,kitchen,entry,kitchen,bathroom
4260,d02 Wed 23:00,kitchen,kitchen,bedroom_2,bathroom,entry,entry,living,living,living,bedroom_2,kitchen,kitchen,entry,kitchen,bathroom
4320,d03 Thu 00:00,kitchen,kitchen,bedroom_2,bathroom,entry,entry,living,living,living,bedroom_2,kitchen,kitchen,entry,kitchen,bathroom
4380,d03 Thu 01:00,kitchen,kitchen,bedroom_2,bathroom,entry,entry,living,living,living,bedroom_2,kitchen,kitchen,entry,kitchen,bathroom
4440,d03 Thu 02:00,kitchen,kitchen,bedroom_2,bathroom,entry,entry,living,living,living,bedroom_2,kitchen,kitchen,entry,kitchen,bathroom
4500,d03 Thu 03:00,kitchen,kitchen,bedroom_2,bathroom,entry,entry,living,living,living,bedroom_2,kitchen,kitchen,entry,kitchen,bathroom
4560,d03 Thu 04:00,kitchen,kitchen,bedroom_2,bathroom,entry,entry,living,living,living,bedroom_2,kitchen,kitchen,entry,kitchen,bathroom
4620,d03 Thu 05:00,kitchen,kitchen,bedroom_2,bathroom,entry,entry,living,living,living,bedroom_2,kitchen,kitchen,entry,kitchen,bathroom
4680,d03 Thu 06:00,kitchen,kitchen,bedroom_2,bathroom,entry,entry,living,living,living,bedroom_2,kitchen,kitchen,entry,kitchen,bathroom
4740,d03 Thu 07:00,kitchen,kitchen,bedroom_2,bathroom,entry,entry,living,living,living,bedroom_2,kitchen,kitchen,entry,kitchen,bathroom
4800,d03 Thu 08:00,kitchen,kitchen,living,kitchen,entry,entry,living,living,living,living,living,living,living,kitchen,living
4860,d03 Thu 09:00,kitchen,kitchen,living,bathroom,entry,entry,living,living,kitchen,bedroom_1,entry,entry,entry,kitchen,bathroom
4920,d03 Thu 10:00,kitchen,kitchen,living,bathroom,entry,entry,living,living,kitchen,bedroom_1,entry,kitchen,entry,kitchen,bathroom
4980,d03 Thu 11:00,kitchen,kitchen,kitchen,bathroom,kitchen,entry,living,living,kitchen,bedroom_1,entry,kitchen,entry,kitchen,bathroom
5040,d03 Thu 12:00,kitchen,kitchen,kitchen,bathroom,living,kitchen,living,bedroom_1,living,kitchen,entry,kitchen,entry,kitchen,bathroom
5100,d03 Thu 13:00,kitchen,kitchen,living,bathroom,living,kitchen,living,living,living,living,entry,kitchen,kitchen,kitchen,bathroom
5160,d03 Thu 14:00,kitchen,kitchen,living,bathroom,living,kitchen,living,living,living,living,entry,kitchen,kitchen,kitchen,bathroom
5220,d03 Thu 15:00,kitchen,kitchen,living,kitchen,living,kitchen,living,living,living,living,entry,kitchen,kitchen,kitchen,bathroom
5280,d03 Thu 16:00,kitchen,kitchen,living,kitchen,living,kitchen,living,living,living,living,living,kitchen,living,kitchen,bathroom
5340,d03 Thu 17:00,kitchen,kitchen,living,kitchen,living,kitchen,living,living,living,living,living,kitchen,living,kitchen,bathroom
5400,d03 Thu 18:00,kitchen,kitchen,kitchen,kitchen,living,kitchen,living,living,living,kitchen,kitchen,kitchen,kitchen,kitchen,bathroom
5460,d03 Thu 19:00,kitchen,kitchen,living,kitchen,living,kitchen,living,living,living,living,living,kitchen,living,kitchen,bathroom
5520,d03 Thu 20:00,kitchen,kitchen,living,kitchen,living,kitchen,living,living,living,living,living,kitchen,living,kitchen,bathroom
5580,d03 Thu 21:00,kitchen,kitchen,bedroom_2,kitchen,living,kitchen,living,bedroom_1,living,bedroom_2,bedroom_2,kitchen,kitchen,kitchen,bathroom
5640,d03 Thu 22:00,kitchen,kitchen,living,kitchen,living,kitchen,living,living,living,bedroom_2,bedroom_2,kitchen,kitchen,kitchen,bathroom
5700,d03 Thu 23:00,kitchen,kitchen,living,kitchen,living,kitchen,living,living,living,bedroom_2,bedroom_2,kitchen,kitchen,kitchen,bathroom
5760,d04 Fri 00:00,kitchen,kitchen,living,kitchen,living,kitchen,living,living,living,bedroom_2,bedroom_2,kitchen,kitchen,kitchen,bathroom
5820,d04 Fri 01:00,kitchen,kitchen,living,kitchen,living,kitchen,living,living,living,bedroom_2,bedroom_2,kitchen,kitchen,kitchen,bathroom
5880,d04 Fri 02:00,kitchen,kitchen,living,kitchen,living,kitchen,living,living,living,bedroom_2,bedroom_2,kitchen,kitchen,kitchen,bathroom
5940,d04 Fri 03:00,kitchen,kitchen,living,kitchen,living,kitchen,living,living,living,bedroom_2,bedroom_2,kitchen,kitchen,kitchen,bathroom
6000,d04 Fri 04:00,kitchen,kitchen,living,kitchen,living,kitchen,living,living,living,bedroom_2,bedroom_2,kitchen,kitchen,kitchen,bathroom
6060,d04 Fri 05:00,kitchen,kitchen,living,kitchen,living,kitchen,living,living,living,bedroom_2,bedroom_2,kitchen,kitchen,kitchen,bathroom
6120,d04 Fri 06:00,kitchen,kitchen,living,kitchen,living,kitchen,living,living,living,bedroom_2,bedroom_2,kitchen,kitchen,kitchen,bathroom
6180,d04 Fri 07:00,kitchen,kitchen,living,kitchen,living,kitchen,living,living,living,bedroom_2,bedroom_2,kitchen,kitchen,kitchen,bathroom
6240,d04 Fri 08:00,kitchen,kitchen,kitchen,entry,entry,entry,entry,entry,entry,entry,bedroom_2,entry,kitchen,entry,entry
6300,d04 Fri 09:00,kitchen,kitchen,living,bathroom,living,entry,living,bedroom_1,living,bedroom_1,entry,bedroom_1,entry,kitchen,bathroom
6360,d04 Fri 10:00,kitchen,kitchen,living,bathroom,living,entry,living,living,living,bedroom_1,bedroom_2,kitchen,kitchen,kitchen,bathroom
6420,d04 Fri 11:00,kitchen,kitchen,living,bathroom,kitchen,entry,living,living,living,bedroom_1,bedroom_2,kitchen,kitchen,kitchen,bathroom
6480,d04 Fri 12:00,kitchen,kitchen,living,bathroom,kitchen,entry,living,living,living,bedroom_1,bedroom_2,kitchen,kitchen,kitchen,bathroom
6540,d04 Fri 13:00,kitchen,kitchen,living,bathroom,kitchen,entry,living,living,living,living,bedroom_2,kitchen,kitchen,kitchen,bathroom
6600,d04 Fri 14:00,kitchen,kitchen,living,bathroom,kitchen,entry,living,living,living,living,bedroom_2,kitchen,kitchen,kitchen,bathroom
6660,d04 Fri 15:00,kitchen,kitchen,living,bathroom,kitchen,entry,living,living,living,living,bedroom_2,kitchen,kitchen,kitchen,bathroom
6720,d04 Fri 16:00,kitchen,kitchen,living,bathroom,kitchen,entry,living,living,living,living,living,kitchen,living,kitchen,bathroom
6780,d04 Fri 17:00,living,living,living,living,living,living,living,living,living,living,living,living,living,living,living
6840,d04 Fri 18:00,kitchen,kitchen,kitchen,bathroom,living,entry,living,living,living,kitchen,entry,kitchen,entry,kitchen,bathroom
6900,d04 Fri 19:00,kitchen,kitchen,living,bathroom,living,entry,living,living,living,living,living,kitchen,living,kitchen,bathroom
6960,d04 Fri 20:00,kitchen,kitchen,living,bathroom,living,entry,living,living,living,living,living,kitchen,living,kitchen,bathroom
7020,d04 Fri 21:00,kitchen,kitchen,kitchen,bathroom,living,entry,living,living,living,living,kitchen,kitchen,entry,kitchen,bathroom
7080,d04 Fri 22:00,kitchen,kitchen,bedroom_2,bathroom,living,entry,living,living,living,bedroom_2,bedroom_2,kitchen,entry,kitchen,bathroom
7140,d04 Fri 23:00,kitchen,kitchen,bedroom_2,bathroom,living,entry,living,living,living,bedroom_2,bedroom_2,kitchen,entry,kitchen,bathroom
7200,d05 Sat 00:00,kitchen,kitchen,bedroom_2,bathroom,living,entry,living,living,living,bedroom_2,bedroom_2,kitchen,entry,kitchen,bathroom
7260,d05 Sat 01:00,kitchen,kitchen,bedroom_2,bathroom,living,entry,living,living,living,bedroom_2,bedroom_2,kitchen,entry,kitchen,bathroom
7320,d05 Sat 02:00,kitchen,kitchen,bedroom_2,bathroom,living,entry,living,living,living,bedroom_2,bedroom_2,kitchen,entry,kitchen,bathroom
7380,d05 Sat 03:00,kitchen,kitchen,bedroom_2,bathroom,living,entry,living,living,living,bedroom_2,bedroom_2,kitchen,entry,kitchen,bathroom
7440,d05 Sat 04:00,kitchen,kitchen,bedroom_2,bathroom,living,entry,living,living,living,bedroom_2,bedroom_2,kitchen,entry,kitchen,bathroom
7500,d05 Sat 05:00,kitchen,kitchen,bedroom_2,bathroom,living,entry,living,living,living,bedroom_2,bedroom_2,kitchen,entry,kitchen,bathroom
7560,d05 Sat 06:00,kitchen,kitchen,bedroom_2,bathroom,living,entry,living,living,living,bedroom_2,bedroom_2,kitchen,entry,kitchen,bathroom
7620,d05 Sat 07:00,kitchen,kitchen,bedroom_2,bathroom,living,entry,living,living,living,bedroom_2,bedroom_2,kitchen,entry,kitchen,bathroom
7680,d05 Sat 08:00,kitchen,kitchen,kitchen,bathroom,entry,entry,living,living,living,bedroom_1,bedroom_2,kitchen,entry,kitchen,bathroom
7740,d05 Sat 09:00,kitchen,kitchen,living,kitchen,entry,entry,living,living,living,bedroom_1,kitchen,kitchen,kitchen,kitchen,bathroom
7800,d05 Sat 10:00,kitchen,kitchen,living,kitchen,entry,entry,living,living,living,bedroom_1,kitchen,kitchen,kitchen,kitchen,bathroom
7860,d05 Sat 11:00,kitchen,kitchen,kitchen,bathroom,entry,entry,living,living,living,kitchen,entry,kitchen,entry,kitchen,bathroom
7920,d05 Sat 12:00,kitchen,kitchen,kitchen,bathroom,entry,entry,living,living,living,kitchen,entry,kitchen,entry,kitchen,bathroom
7980,d05 Sat 13:00,kitchen,kitchen,living,bathroom,entry,entry,living,living,living,living,entry,kitchen,entry,kitchen,bathroom
8040,d05 Sat 14:00,kitchen,kitchen,living,bathroom,entry,entry,living,living,living,living,entry,kitchen,entry,kitchen,bathroom
8100,d05 Sat 15:00,kitchen,kitchen,living,bathroom,entry,entry,living,living,living,living,entry,kitchen,entry,kitchen,bathroom
8160,d05 Sat 16:00,kitchen,kitchen,living,bathroom,entry,living,living,living,living,living,living,kitchen,living,kitchen,bathroom
8220,d05 Sat 17:00,kitchen,kitchen,living,bathroom,entry,living,living,living,living,living,living,kitchen,living,kitchen,bathroom
8280,d05 Sat 18:00,kitchen,kitchen,kitchen,kitchen,living,kitchen,living,bedroom_1,living,kitchen,entry,kitchen,entry,kitchen,bathroom
8340,d05 Sat 19:00,kitchen,kitchen,living,kitchen,living,kitchen,living,living,living,living,living,kitchen,living,kitchen,bathroom
8400,d05 Sat 20:00,kitchen,kitchen,living,kitchen,living,kitchen,living,living,living,living,kitchen,kitchen,living,kitchen,bathroom
8460,d05 Sat 21:00,kitchen,kitchen,living,kitchen,living,kitchen,living,living,living,living,kitchen,kitchen,living,kitchen,bathroom
8520,d05 Sat 22:00,kitchen,kitchen,bedroom_2,kitchen,living,kitchen,living,living,living,bedroom_2,bedroom_2,kitchen,entry,kitchen,bathroom
8580,d05 Sat 23:00,kitchen,kitchen,bedroom_2,kitchen,living,kitchen,living,living,living,bedroom_2,bedroom_2,kitchen,entry,kitchen,bathroom
8640,d06 Sun 00:00,kitchen,kitchen,bedroom_2,kitchen,living,kitchen,living,living,living,bedroom_2,bedroom_2,kitchen,entry,kitchen,bathroom
8700,d06 Sun 01:00,kitchen,kitchen,bedroom_2,kitchen,living,kitchen,living,living,living,bedroom_2,bedroom_2,kitchen,entry,kitchen,bathroom
8760,d06 Sun 02:00,kitchen,kitchen,bedroom_2,kitchen,living,kitchen,living,living,living,bedroom_2,bedroom_2,kitchen,entry,kitchen,bathroom
8820,d06 Sun 03:00,kitchen,kitchen,bedroom_2,kitchen,living,kitchen,living,living,living,bedroom_2,bedroom_2,kitchen,entry,kitchen,bathroom
8880,d06 Sun 04:00,kitchen,kitchen,bedroom_2,kitchen,living,kitchen,living,living,living,bedroom_2,bedroom_2,kitchen,entry,kitchen,bathroom
8940,d06 Sun 05:00,kitchen,kitchen,bedroom_2,kitchen,living,kitchen,living,living,living,bedroom_2,bedroom_2,kitchen,entry,kitchen,bathroom
9000,d06 Sun 06:00,kitchen,kitchen,bedroom_2,kitchen,living,kitchen,living,living,living,bedroom_2,bedroom_2,kitchen,entry,kitchen,bathroom
9060,d06 Sun 07:00,kitchen,kitchen,bedroom_2,kitchen,living,kitchen,living,living,living,bedroom_2,bedroom_2,kitchen,entry,kitchen,bathroom
9120,d06 Sun 08:00,entry,entry,entry,entry,entry,entry,kitchen,entry,entry,entry,bedroom_2,entry,entry,entry,entry
9180,d06 Sun 09:00,kitchen,kitchen,living,living,living,entry,living,bedroom_1,living,living,living,living,living,kitchen,living
9240,d06 Sun 10:00,kitchen,kitchen,living,kitchen,living,entry,living,living,living,kitchen,bedroom_2,entry,kitchen,kitchen,bathroom
9300,d06 Sun 11:00,kitchen,kitchen,living,kitchen,living,entry,living,living,living,kitchen,bedroom_2,entry,kitchen,kitchen,bathroom
9360,d06 Sun 12:00,kitchen,kitchen,kitchen,kitchen,living,entry,living,living,living,kitchen,kitchen,entry,kitchen,kitchen,bathroom
9420,d06 Sun 13:00,kitchen,kitchen,kitchen,kitchen,living,entry,living,living,living,kitchen,kitchen,entry,kitchen,kitchen,bathroom
9480,d06 Sun 14:00,kitchen,kitchen,kitchen,kitchen,living,entry,living,living,living,kitchen,kitchen,entry,kitchen,kitchen,bathroom
9540,d06 Sun 15:00,kitchen,kitchen,living,kitchen,living,entry,living,living,living,living,kitchen,entry,kitchen,kitchen,bathroom
9600,d06 Sun 16:00,kitchen,kitchen,living,kitchen,living,entry,living,living,living,living,kitchen,entry,kitchen,kitchen,bathroom
9660,d06 Sun 17:00,living,living,living,living,living,living,living,living,living,kitchen,kitchen,living,kitchen,living,living
9720,d06 Sun 18:00,kitchen,kitchen,living,bathroom,entry,entry,living,living,living,kitchen,kitchen,kitchen,kitchen,kitchen,bathroom
9780,d06 Sun 19:00,kitchen,kitchen,living,bathroom,entry,entry,living,living,living,kitchen,living,kitchen,living,kitchen,bathroom
9840,d06 Sun 20:00,kitchen,kitchen,living,bathroom,entry,entry,living,living,living,kitchen,living,kitchen,living,kitchen,bathroom
9900,d06 Sun 21:00,kitchen,kitchen,bedroom_1,bathroom,entry,entry,bedroom_1,living,living,bedroom_1,bedroom_1,kitchen,entry,kitchen,bathroom
9960,d06 Sun 22:00,kitchen,kitchen,bedroom_2,bathroom,entry,entry,living,living,living,bedroom_2,bedroom_2,kitchen,entry,kitchen,bathroom
10020,d06 Sun 23:00,kitchen,kitchen,bedroom_2,bathroom,entry,entry,living,living,living,bedroom_2,bedroom_2,kitchen,entry,kitchen,bathroom
10080,d07 Mon 00:00,kitchen,kitchen,bedroom_2,bathroom,entry,entry,living,living,living,bedroom_2,bedroom_2,kitchen,entry,kitchen,bathroom
10140,d07 Mon 01:00,kitchen,kitchen,bedroom_2,bathroom,entry,entry,living,living,living,bedroom_2,bedroom_2,kitchen,entry,kitchen,bathroom
10200,d07 Mon 02:00,kitchen,kitchen,bedroom_2,bathroom,entry,entry,living,living,living,bedroom_2,bedroom_2,kitchen,entry,kitchen,bathroom
10260,d07 Mon 03:00,kitchen,kitchen,bedroom_2,bathroom,entry,entry,living,living,living,bedroom_2,bedroom_2,kitchen,entry,kitchen,bathroom
10320,d07 Mon 04:00,kitchen,kitchen,bedroom_2,bathroom,entry,entry,living,living,living,bedroom_2,bedroom_2,kitchen,entry,kitchen,bathroom
10380,d07 Mon 05:00,kitchen,kitchen,bedroom_2,bathroom,entry,entry,living,living,living,bedroom_2,bedroom_2,kitchen,entry,kitchen,bathroom
10440,d07 Mon 06:00,kitchen,kitchen,bedroom_2,bathroom,entry,entry,living,living,living,bedroom_2,bedroom_2,kitchen,entry,kitchen,bathroom
10500,d07 Mon 07:00,kitchen,kitchen,bedroom_2,bathroom,entry,entry,living,living,living,bedroom_2,bedroom_2,kitchen,entry,kitchen,bathroom
10560,d07 Mon 08:00,entry,entry,entry,entry,entry,entry,entry,entry,entry,entry,bedroom_2,entry,entry,entry,entry
10620,d07 Mon 09:00,kitchen,kitchen,living,kitchen,entry,entry,living,living,living,kitchen,kitchen,kitchen,kitchen,kitchen,kitchen
10680,d07 Mon 10:00,kitchen,kitchen,living,bathroom,entry,entry,living,living,living,kitchen,entry,kitchen,entry,kitchen,bathroom
10740,d07 Mon 11:00,kitchen,kitchen,living,bathroom,entry,entry,living,living,living,kitchen,entry,kitchen,entry,kitchen,bathroom
10800,d07 Mon 12:00,kitchen,kitchen,living,bathroom,entry,entry,living,living,living,kitchen,entry,kitchen,entry,kitchen,bathroom
10860,d07 Mon 13:00,kitchen,kitchen,living,bathroom,entry,entry,living,living,living,living,entry,kitchen,entry,kitchen,bathroom
10920,d07 Mon 14:00,kitchen,kitchen,living,bathroom,entry,entry,living,living,living,living,entry,kitchen,entry,kitchen,bathroom
10980,d07 Mon 15:00,kitchen,kitchen,living,bathroom,entry,entry,living,living,living,living,entry,kitchen,entry,kitchen,bathroom
11040,d07 Mon 16:00,kitchen,kitchen,living,bathroom,entry,entry,living,living,living,living,living,kitchen,living,kitchen,bathroom
11100,d07 Mon 17:00,kitchen,kitchen,living,bathroom,entry,entry,living,living,living,living,living,kitchen,living,kitchen,bathroom
11160,d07 Mon 18:00,kitchen,kitchen,living,bathroom,living,entry,living,bedroom_1,living,kitchen,kitchen,entry,kitchen,kitchen,bathroom
11220,d07 Mon 19:00,kitchen,kitchen,living,bathroom,living,entry,living,living,living,living,living,entry,living,kitchen,bathroom
11280,d07 Mon 20:00,kitchen,kitchen,living,bathroom,living,entry,living,living,living,living,living,entry,living,kitchen,bathroom
11340,d07 Mon 21:00,kitchen,kitchen,living,bathroom,living,entry,living,living,living,kitchen,kitchen,entry,entry,kitchen,bathroom
11400,d07 Mon 22:00,kitchen,kitchen,bedroom_2,bathroom,living,entry,living,living,living,bedroom_2,bedroom_2,entry,entry,kitchen,bathroom
11460,d07 Mon 23:00,kitchen,kitchen,bedroom_2,bathroom,living,entry,living,living,living,bedroom_2,bedroom_2,entry,entry,kitchen,bathroom
11520,d08 Tue 00:00,kitchen,kitchen,bedroom_2,bathroom,living,entry,living,living,living,bedroom_2,bedroom_2,entry,entry,kitchen,bathroom
11580,d08 Tue 01:00,kitchen,kitchen,bedroom_2,bathroom,living,entry,living,living,living,bedroom_2,bedroom_2,entry,entry,kitchen,bathroom
11640,d08 Tue 02:00,kitchen,kitchen,bedroom_2,bathroom,living,entry,living,living,living,bedroom_2,bedroom_2,entry,entry,kitchen,bathroom
11700,d08 Tue 03:00,kitchen,kitchen,bedroom_2,bathroom,living,entry,living,living,living,bedroom_2,bedroom_2,entry,entry,kitchen,bathroom
11760,d08 Tue 04:00,kitchen,kitchen,bedroom_2,bathroom,living,entry,living,living,living,bedroom_2,bedroom_2,entry,entry,kitchen,bathroom
11820,d08 Tue 05:00,kitchen,kitchen,bedroom_2,bathroom,living,entry,living,living,living,bedroom_2,bedroom_2,entry,entry,kitchen,bathroom
11880,d08 Tue 06:00,kitchen,kitchen,bedroom_2,bathroom,living,entry,living,living,living,bedroom_2,bedroom_2,entry,entry,kitchen,bathroom
11940,d08 Tue 07:00,kitchen,kitchen,bedroom_2,bathroom,living,entry,living,living,living,bedroom_2,bedroom_2,entry,entry,kitchen,bathroom
12000,d08 Tue 08:00,kitchen,kitchen,living,kitchen,entry,entry,entry,entry,entry,entry,bedroom_2,entry,entry,entry,entry
12060,d08 Tue 09:00,kitchen,kitchen,living,living,living,entry,living,bedroom_1,living,living,living,living,living,kitchen,living
12120,d08 Tue 10:00,kitchen,kitchen,living,living,living,entry,living,bedroom_1,living,living,living,living,living,kitchen,living
12180,d08 Tue 11:00,kitchen,kitchen,living,bathroom,living,entry,living,living,living,bedroom_1,bedroom_2,entry,entry,kitchen,bathroom
12240,d08 Tue 12:00,kitchen,kitchen,kitchen,bathroom,living,entry,living,bedroom_1,living,bedroom_1,bedroom_2,entry,entry,kitchen,bathroom
12300,d08 Tue 13:00,kitchen,kitchen,kitchen,bathroom,living,entry,living,bedroom_1,living,bedroom_1,bedroom_2,entry,entry,kitchen,bathroom
12360,d08 Tue 14:00,kitchen,kitchen,kitchen,bathroom,living,entry,living,bedroom_1,living,bedroom_1,bedroom_2,entry,entry,kitchen,bathroom
12420,d08 Tue 15:00,kitchen,kitchen,kitchen,bathroom,kitchen,entry,living,bedroom_1,living,bedroom_1,bedroom_2,entry,entry,kitchen,bathroom
12480,d08 Tue 16:00,living,living,living,living,living,living,living,living,living,living,bedroom_2,living,entry,living,living
12540,d08 Tue 17:00,kitchen,kitchen,living,bathroom,entry,kitchen,living,bedroom_1,living,kitchen,bedroom_2,kitchen,entry,kitchen,bathroom
12600,d08 Tue 18:00,kitchen,kitchen,living,bathroom,kitchen,kitchen,living,bedroom_1,living,kitchen,bedroom_2,kitchen,entry,kitchen,bathroom
12660,d08 Tue 19:00,kitchen,kitchen,living,bathroom,kitchen,kitchen,living,living,living,living,bedroom_2,kitchen,entry,kitchen,bathroom
12720,d08 Tue 20:00,kitchen,kitchen,living,bathroom,kitchen,kitchen,living,living,living,living,bedroom_2,kitchen,entry,kitchen,bathroom
12780,d08 Tue 21:00,kitchen,kitchen,living,bathroom,kitchen,kitchen,living,living,living,kitchen,bedroom_2,kitchen,entry,kitchen,bathroom
12840,d08 Tue 22:00,kitchen,kitchen,bedroom_2,bathroom,kitchen,kitchen,living,living,living,bedroom_2,bedroom_2,kitchen,entry,kitchen,bathroom
12900,d08 Tue 23:00,kitchen,kitchen,bedroom_2,bathroom,kitchen,kitchen,living,living,living,bedroom_2,bedroom_2,kitchen,entry,kitchen,bathroom
12960,d09 Wed 00:00,kitchen,kitchen,bedroom_2,bathroom,kitchen,kitchen,living,living,living,bedroom_2,bedroom_2,kitchen,entry,kitchen,bathroom
13020,d09 Wed 01:00,kitchen,kitchen,bedroom_2,bathroom,kitchen,kitchen,living,living,living,bedroom_2,bedroom_2,kitchen,entry,kitchen,bathroom
13080,d09 Wed 02:00,kitchen,kitchen,bedroom_2,bathroom,kitchen,kitchen,living,living,living,bedroom_2,bedroom_2,kitchen,entry,kitchen,bathroom
13140,d09 Wed 03:00,kitchen,kitchen,bedroom_2,bathroom,kitchen,kitchen,living,living,living,bedroom_2,bedroom_2,kitchen,entry,kitchen,bathroom
13200,d09 Wed 04:00,kitchen,kitchen,bedroom_2,bathroom,kitchen,kitchen,living,living,living,bedroom_2,bedroom_2,kitchen,entry,kitchen,bathroom
13260,d09 Wed 05:00,kitchen,kitchen,bedroom_2,bathroom,kitchen,kitchen,living,living,living,bedroom_2,bedroom_2,kitchen,entry,kitchen,bathroom
13320,d09 Wed 06:00,kitchen,kitchen,bedroom_2,bathroom,kitchen,kitchen,living,living,living,bedroom_2,bedroom_2,kitchen,entry,kitchen,bathroom
13380,d09 Wed 07:00,kitchen,kitchen,bedroom_2,bathroom,kitchen,kitchen,living,living,living,bedroom_2,bedroom_2,kitchen,entry,kitchen,bathroom
13440,d09 Wed 08:00,entry,kitchen,kitchen,kitchen,entry,entry,entry,entry,entry,entry,bedroom_2,entry,entry,entry,entry
13500,d09 Wed 09:00,kitchen,kitchen,living,kitchen,living,entry,living,bedroom_1,kitchen,kitchen,kitchen,kitchen,kitchen,kitchen,kitchen
13560,d09 Wed 10:00,kitchen,kitchen,living,bathroom,living,entry,living,living,kitchen,bedroom_1,entry,entry,bedroom_2,kitchen,bathroom
13620,d09 Wed 11:00,kitchen,kitchen,living,bathroom,living,entry,living,living,kitchen,kitchen,kitchen,kitchen,kitchen,kitchen,bathroom
13680,d09 Wed 12:00,kitchen,kitchen,living,bathroom,kitchen,entry,living,living,kitchen,kitchen,kitchen,kitchen,kitchen,kitchen,bathroom
13740,d09 Wed 13:00,kitchen,kitchen,living,bathroom,entry,entry,living,living,kitchen,kitchen,kitchen,kitchen,kitchen,kitchen,bathroom
13800,d09 Wed 14:00,kitchen,kitchen,living,bathroom,entry,entry,living,living,living,living,kitchen,kitchen,kitchen,kitchen,bathroom
13860,d09 Wed 15:00,kitchen,kitchen,living,bathroom,entry,entry,living,living,living,living,kitchen,kitchen,kitchen,kitchen,bathroom
13920,d09 Wed 16:00,kitchen,kitchen,kitchen,bathroom,entry,entry,living,bedroom_1,living,kitchen,kitchen,kitchen,kitchen,kitchen,bathroom
13980,d09 Wed 17:00,kitchen,kitchen,kitchen,bathroom,entry,entry,living,bedroom_1,living,kitchen,kitchen,kitchen,kitchen,kitchen,bathroom
14040,d09 Wed 18:00,kitchen,kitchen,kitchen,bathroom,entry,entry,living,living,living,kitchen,kitchen,kitchen,kitchen,kitchen,bathroom
14100,d09 Wed 19:00,kitchen,kitchen,living,bathroom,kitchen,entry,living,living,living,living,living,kitchen,living,kitchen,bathroom
14160,d09 Wed 20:00,kitchen,kitchen,living,bathroom,kitchen,entry,living,living,living,living,living,kitchen,living,kitchen,bathroom
14220,d09 Wed 21:00,kitchen,kitchen,kitchen,bathroom,kitchen,entry,living,living,living,kitchen,entry,kitchen,entry,kitchen,bathroom
14280,d09 Wed 22:00,kitchen,kitchen,bedroom_2,bathroom,kitchen,entry,living,living,living,bedroom_2,bedroom_2,kitchen,entry,kitchen,bathroom
14340,d09 Wed 23:00,kitchen,kitchen,bedroom_2,bathroom,kitchen,entry,living,living,living,bedroom_2,bedroom_2,kitchen,entry,kitchen,bathroom
14400,d10 Thu 00:00,kitchen,kitchen,bedroom_2,bathroom,kitchen,entry,living,living,living,bedroom_2,bedroom_2,kitchen,entry,kitchen,bathroom
14460,d10 Thu 01:00,kitchen,kitchen,bedroom_2,bathroom,kitchen,entry,living,living,living,bedroom_2,bedroom_2,kitchen,entry,kitchen,bathroom
14520,d10 Thu 02:00,kitchen,kitchen,bedroom_2,bathroom,kitchen,entry,living,living,living,bedroom_2,bedroom_2,kitchen,entry,kitchen,bathroom
14580,d10 Thu 03:00,kitchen,kitchen,bedroom_2,bathroom,kitchen,entry,living,living,living,bedroom_2,bedroom_2,kitchen,entry,kitchen,bathroom
14640,d10 Thu 04:00,kitchen,kitchen,bedroom_2,bathroom,kitchen,entry,living,living,living,bedroom_2,bedroom_2,kitchen,entry,kitchen,bathroom
14700,d10 Thu 05:00,kitchen,kitchen,bedroom_2,bathroom,kitchen,entry,living,living,living,bedroom_2,bedroom_2,kitchen,entry,kitchen,bathroom
14760,d10 Thu 06:00,kitchen,kitchen,bedroom_2,bathroom,kitchen,entry,living,living,living,bedroom_2,bedroom_2,kitchen,entry,kitchen,bathroom
14820,d10 Thu 07:00,kitchen,kitchen,bedroom_2,bathroom,kitchen,entry,living,living,living,bedroom_2,bedroom_2,kitchen,entry,kitchen,bathroom
14880,d10 Thu 08:00,entry,entry,entry,kitchen,entry,entry,entry,entry,entry,entry,bedroom_2,entry,entry,entry,entry
14940,d10 Thu 09:00,kitchen,kitchen,living,living,living,entry,living,living,living,living,living,living,living,kitchen,living
15000,d10 Thu 10:00,kitchen,kitchen,living,bathroom,living,entry,living,living,living,bedroom_1,kitchen,kitchen,entry,kitchen,bathroom
15060,d10 Thu 11:00,kitchen,kitchen,living,bathroom,living,entry,living,living,living,bedroom_1,kitchen,kitchen,entry,kitchen,bathroom
15120,d10 Thu 12:00,kitchen,kitchen,living,bathroom,living,entry,living,living,living,bedroom_1,kitchen,kitchen,entry,kitchen,bathroom
15180,d10 Thu 13:00,kitchen,kitchen,kitchen,bathroom,living,entry,living,bedroom_1,living,bedroom_1,kitchen,kitchen,entry,kitchen,bathroom
15240,d10 Thu 14:00,kitchen,kitchen,kitchen,bathroom,living,entry,living,bedroom_1,living,bedroom_1,kitchen,kitchen,entry,kitchen,bathroom
15300,d10 Thu 15:00,kitchen,kitchen,living,bathroom,living,entry,living,living,living,living,kitchen,kitchen,entry,kitchen,bathroom
15360,d10 Thu 16:00,kitchen,kitchen,living,bathroom,living,entry,living,living,living,kitchen,living,kitchen,living,kitchen,bathroom
15420,d10 Thu 17:00,kitchen,kitchen,living,bathroom,kitchen,entry,living,living,living,kitchen,entry,kitchen,kitchen,kitchen,bathroom
15480,d10 Thu 18:00,kitchen,kitchen,living,bathroom,kitchen,entry,living,bedroom_1,living,kitchen,entry,kitchen,kitchen,kitchen,bathroom
15540,d10 Thu 19:00,kitchen,kitchen,living,bathroom,kitchen,entry,living,living,living,living,entry,kitchen,kitchen,kitchen,bathroom
15600,d10 Thu 20:00,kitchen,kitchen,living,bathroom,kitchen,entry,living,living,living,living,entry,kitchen,kitchen,kitchen,kitchen
15660,d10 Thu 21:00,kitchen,kitchen,living,bathroom,kitchen,entry,living,living,living,kitchen,bedroom_1,kitchen,kitchen,kitchen,kitchen
15720,d10 Thu 22:00,kitchen,kitchen,bedroom_2,bathroom,kitchen,entry,living,living,living,bedroom_2,bedroom_2,kitchen,kitchen,kitchen,kitchen
15780,d10 Thu 23:00,kitchen,kitchen,bedroom_2,bathroom,kitchen,entry,living,living,living,bedroom_2,bedroom_2,kitchen,kitchen,kitchen,kitchen
15840,d11 Fri 00:00,kitchen,kitchen,bedroom_2,bathroom,kitchen,entry,living,living,living,bedroom_2,bedroom_2,kitchen,kitchen,kitchen,kitchen
15900,d11 Fri 01:00,kitchen,kitchen,bedroom_2,bathroom,kitchen,entry,living,living,living,bedroom_2,bedroom_2,kitchen,kitchen,kitchen,kitchen
15960,d11 Fri 02:00,kitchen,kitchen,bedroom_2,bathroom,kitchen,entry,living,living,living,bedroom_2,bedroom_2,kitchen,kitchen,kitchen,kitchen
16020,d11 Fri 03:00,kitchen,kitchen,bedroom_2,bathroom,kitchen,entry,living,living,living,bedroom_2,bedroom_2,kitchen,kitchen,kitchen,kitchen
16080,d11 Fri 04:00,kitchen,kitchen,bedroom_2,bathroom,kitchen,entry,living,living,living,bedroom_2,bedroom_2,kitchen,kitchen,kitchen,kitchen
16140,d11 Fri 05:00,kitchen,kitchen,bedroom_2,bathroom,kitchen,entry,living,living,living,bedroom_2,bedroom_2,kitchen,kitchen,kitchen,kitchen
16200,d11 Fri 06:00,kitchen,kitchen,bedroom_2,bathroom,kitchen,entry,living,living,living,bedroom_2,bedroom_2,kitchen,kitchen,kitchen,kitchen
16260,d11 Fri 07:00,kitchen,kitchen,kitchen,bathroom,kitchen,entry,living,living,living,bedroom_2,bedroom_2,kitchen,kitchen,kitchen,kitchen
16320,d11 Fri 08:00,kitchen,kitchen,living,bathroom,entry,entry,entry,entry,entry,entry,bedroom_2,entry,kitchen,entry,entry
16380,d11 Fri 09:00,kitchen,kitchen,living,bathroom,living,kitchen,living,living,living,kitchen,kitchen,kitchen,entry,kitchen,bathroom
16440,d11 Fri 10:00,kitchen,kitchen,living,bathroom,living,kitchen,living,living,living,kitchen,kitchen,kitchen,entry,kitchen,bathroom
16500,d11 Fri 11:00,kitchen,kitchen,kitchen,bathroom,living,kitchen,living,bedroom_1,living,kitchen,kitchen,kitchen,entry,kitchen,bathroom
16560,d11 Fri 12:00,kitchen,kitchen,kitchen,bathroom,living,kitchen,living,kitchen,living,kitchen,kitchen,kitchen,entry,kitchen,bathroom
16620,d11 Fri 13:00,kitchen,kitchen,kitchen,bathroom,living,kitchen,living,kitchen,living,kitchen,kitchen,kitchen,kitchen,kitchen,bathroom
16680,d11 Fri 14:00,kitchen,kitchen,living,bathroom,living,kitchen,living,living,living,living,kitchen,kitchen,kitchen,kitchen,bathroom
16740,d11 Fri 15:00,kitchen,kitchen,living,bathroom,living,kitchen,living,living,living,living,kitchen,kitchen,kitchen,kitchen,bathroom
16800,d11 Fri 16:00,kitchen,kitchen,living,bathroom,living,kitchen,living,living,living,kitchen,kitchen,kitchen,kitchen,kitchen,bathroom
16860,d11 Fri 17:00,living,living,living,living,living,entry,living,living,living,living,entry,living,entry,living,living
16920,d11 Fri 18:00,kitchen,kitchen,kitchen,bathroom,kitchen,entry,living,bedroom_1,living,kitchen,entry,kitchen,entry,kitchen,bathroom
16980,d11 Fri 19:00,kitchen,kitchen,living,bathroom,kitchen,entry,living,living,living,living,living,kitchen,living,kitchen,bathroom
17040,d11 Fri 20:00,kitchen,kitchen,living,bathroom,kitchen,entry,living,living,living,living,living,kitchen,living,kitchen,bathroom
17100,d11 Fri 21:00,kitchen,kitchen,living,bathroom,kitchen,entry,living,bedroom_1,living,kitchen,entry,kitchen,kitchen,kitchen,bathroom
17160,d11 Fri 22:00,kitchen,kitchen,bedroom_2,bathroom,kitchen,entry,living,living,living,bedroom_2,bedroom_2,kitchen,kitchen,kitchen,bathroom
17220,d11 Fri 23:00,kitchen,kitchen,bedroom_2,bathroom,kitchen,entry,living,living,living,bedroom_2,bedroom_2,kitchen,kitchen,kitchen,bathroom
17280,d12 Sat 00:00,kitchen,kitchen,bedroom_2,bathroom,kitchen,entry,living,living,living,bedroom_2,bedroom_2,kitchen,kitchen,kitchen,bathroom
17340,d12 Sat 01:00,kitchen,kitchen,bedroom_2,bathroom,kitchen,entry,living,living,living,bedroom_2,bedroom_2,kitchen,kitchen,kitchen,bathroom
17400,d12 Sat 02:00,kitchen,kitchen,bedroom_2,bathroom,kitchen,entry,living,living,living,bedroom_2,bedroom_2,kitchen,kitchen,kitchen,bathroom
17460,d12 Sat 03:00,kitchen,kitchen,bedroom_2,bathroom,kitchen,entry,living,living,living,bedroom_2,bedroom_2,kitchen,kitchen,kitchen,bathroom
17520,d12 Sat 04:00,kitchen,kitchen,bedroom_2,bathroom,kitchen,entry,living,living,living,bedroom_2,bedroom_2,kitchen,kitchen,kitchen,bathroom
17580,d12 Sat 05:00,kitchen,kitchen,bedroom_2,bathroom,kitchen,entry,living,living,living,bedroom_2,bedroom_2,kitchen,kitchen,kitchen,bathroom
17640,d12 Sat 06:00,kitchen,kitchen,bedroom_2,bathroom,kitchen,entry,living,living,living,bedroom_2,bedroom_2,kitchen,kitchen,kitchen,bathroom
17700,d12 Sat 07:00,kitchen,kitchen,bedroom_2,bathroom,kitchen,entry,living,living,living,bedroom_2,bedroom_2,kitchen,kitchen,kitchen,bathroom
17760,d12 Sat 08:00,kitchen,kitchen,kitchen,kitchen,kitchen,entry,living,living,living,bedroom_2,bedroom_2,kitchen,kitchen,kitchen,bathroom
17820,d12 Sat 09:00,kitchen,kitchen,living,bathroom,living,entry,living,bedroom_1,living,kitchen,living,kitchen,living,kitchen,bathroom
17880,d12 Sat 10:00,kitchen,kitchen,living,bathroom,living,entry,living,living,living,bedroom_1,bedroom_2,bedroom_1,bedroom_2,kitchen,bathroom
17940,d12 Sat 11:00,kitchen,kitchen,living,bathroom,living,entry,living,living,living,bedroom_1,bedroom_2,bedroom_1,bedroom_2,kitchen,bathroom
18000,d12 Sat 12:00,kitchen,kitchen,kitchen,bathroom,living,entry,living,bedroom_1,living,bedroom_1,bedroom_2,bedroom_1,bedroom_2,kitchen,bathroom
18060,d12 Sat 13:00,kitchen,kitchen,kitchen,bathroom,living,entry,living,bedroom_1,living,bedroom_1,bedroom_2,bedroom_1,bedroom_2,kitchen,bathroom
18120,d12 Sat 14:00,kitchen,kitchen,kitchen,bathroom,living,kitchen,living,bedroom_1,living,kitchen,bedroom_2,entry,bedroom_2,kitchen,bathroom
18180,d12 Sat 15:00,kitchen,kitchen,kitchen,bathroom,kitchen,kitchen,living,bedroom_1,living,kitchen,bedroom_2,entry,bedroom_2,kitchen,bathroom
18240,d12 Sat 16:00,kitchen,kitchen,living,bathroom,kitchen,kitchen,living,living,living,living,bedroom_2,entry,bedroom_2,kitchen,bathroom
18300,d12 Sat 17:00,kitchen,kitchen,living,bathroom,kitchen,kitchen,living,living,living,living,bedroom_2,entry,bedroom_2,kitchen,bathroom
18360,d12 Sat 18:00,kitchen,kitchen,living,bathroom,kitchen,kitchen,living,living,living,kitchen,bedroom_2,entry,bedroom_2,kitchen,bathroom
18420,d12 Sat 19:00,kitchen,kitchen,living,bathroom,kitchen,kitchen,living,living,living,living,bedroom_2,kitchen,bedroom_2,kitchen,bathroom
18480,d12 Sat 20:00,kitchen,kitchen,living,bathroom,kitchen,kitchen,living,living,living,living,bedroom_2,kitchen,bedroom_2,kitchen,bathroom
18540,d12 Sat 21:00,kitchen,kitchen,living,bathroom,kitchen,kitchen,living,living,living,living,bedroom_1,kitchen,bedroom_2,kitchen,bathroom
18600,d12 Sat 22:00,kitchen,kitchen,bedroom_2,bathroom,kitchen,kitchen,living,living,living,bedroom_2,bedroom_2,kitchen,bedroom_2,kitchen,bathroom
18660,d12 Sat 23:00,kitchen,kitchen,bedroom_2,bathroom,kitchen,kitchen,living,living,living,bedroom_2,bedroom_2,kitchen,bedroom_2,kitchen,bathroom
18720,d13 Sun 00:00,kitchen,kitchen,bedroom_2,bathroom,kitchen,kitchen,living,living,living,bedroom_2,bedroom_2,kitchen,bedroom_2,kitchen,bathroom
18780,d13 Sun 01:00,kitchen,kitchen,bedroom_2,bathroom,kitchen,kitchen,living,living,living,bedroom_2,bedroom_2,kitchen,bedroom_2,kitchen,bathroom
18840,d13 Sun 02:00,kitchen,kitchen,bedroom_2,bathroom,kitchen,kitchen,living,living,living,bedroom_2,bedroom_2,kitchen,bedroom_2,kitchen,bathroom
18900,d13 Sun 03:00,kitchen,kitchen,bedroom_2,bathroom,kitchen,kitchen,living,living,living,bedroom_2,bedroom_2,kitchen,bedroom_2,kitchen,bathroom
18960,d13 Sun 04:00,kitchen,kitchen,bedroom_2,bathroom,kitchen,kitchen,living,living,living,bedroom_2,bedroom_2,kitchen,bedroom_2,kitchen,bathroom
19020,d13 Sun 05:00,kitchen,kitchen,bedroom_2,bathroom,kitchen,kitchen,living,living,living,bedroom_2,bedroom_2,kitchen,bedroom_2,kitchen,bathroom
19080,d13 Sun 06:00,kitchen,kitchen,bedroom_2,bathroom,kitchen,kitchen,living,living,living,bedroom_2,bedroom_2,kitchen,bedroom_2,kitchen,bathroom
19140,d13 Sun 07:00,kitchen,kitchen,kitchen,bathroom,kitchen,kitchen,living,living,living,bedroom_2,bedroom_2,kitchen,bedroom_2,kitchen,bathroom
19200,d13 Sun 08:00,kitchen,kitchen,living,bathroom,kitchen,kitchen,living,living,living,bedroom_2,bedroom_2,kitchen,bedroom_2,kitchen,bathroom
19260,d13 Sun 09:00,entry,kitchen,living,entry,entry,entry,entry,entry,entry,entry,kitchen,entry,entry,entry,entry
19320,d13 Sun 10:00,kitchen,kitchen,living,bathroom,entry,kitchen,living,living,living,bedroom_1,entry,entry,entry,kitchen,bathroom
19380,d13 Sun 11:00,kitchen,kitchen,living,bathroom,entry,kitchen,living,living,living,bedroom_1,entry,entry,entry,kitchen,bathroom
19440,d13 Sun 12:00,kitchen,kitchen,kitchen,bathroom,entry,kitchen,living,bedroom_1,living,bedroom_1,entry,entry,entry,kitchen,bathroom
19500,d13 Sun 13:00,kitchen,kitchen,kitchen,bathroom,entry,kitchen,living,bedroom_1,living,bedroom_1,entry,entry,entry,kitchen,bathroom
19560,d13 Sun 14:00,kitchen,kitchen,kitchen,bathroom,entry,kitchen,living,bedroom_1,living,bedroom_1,living,entry,entry,kitchen,bathroom
19620,d13 Sun 15:00,kitchen,kitchen,kitchen,bathroom,entry,kitchen,living,bedroom_1,living,bedroom_1,kitchen,entry,entry,kitchen,bathroom
19680,d13 Sun 16:00,kitchen,kitchen,living,bathroom,kitchen,kitchen,living,living,living,living,kitchen,entry,entry,kitchen,bathroom
19740,d13 Sun 17:00,kitchen,kitchen,living,bathroom,kitchen,kitchen,living,living,living,living,kitchen,entry,entry,kitchen,bathroom
19800,d13 Sun 18:00,kitchen,kitchen,living,bathroom,kitchen,kitchen,living,living,living,living,kitchen,entry,entry,kitchen,bathroom
19860,d13 Sun 19:00,kitchen,kitchen,living,bathroom,kitchen,kitchen,living,living,living,living,living,entry,living,kitchen,bathroom
19920,d13 Sun 20:00,kitchen,kitchen,living,bathroom,kitchen,kitchen,living,living,living,kitchen,bedroom_2,entry,living,kitchen,bathroom
19980,d13 Sun 21:00,kitchen,kitchen,bedroom_2,bathroom,kitchen,kitchen,living,bedroom_1,living,bedroom_2,bedroom_2,entry,entry,kitchen,bathroom
20040,d13 Sun 22:00,kitchen,kitchen,bedroom_2,bathroom,kitchen,kitchen,living,bedroom_1,living,bedroom_2,bedroom_2,entry,entry,kitchen,bathroom
20100,d13 Sun 23:00,kitchen,kitchen,bedroom_2,bathroom,kitchen,kitchen,living,bedroom_1,living,bedroom_2,bedroom_2,entry,entry,kitchen,bathroom
20160,d14 Mon 00:00,kitchen,kitchen,bedroom_2,bathroom,kitchen,kitchen,living,bedroom_1,living,bedroom_2,bedroom_2,entry,entry,kitchen,bathroom
20220,d14 Mon 01:00,kitchen,kitchen,bedroom_2,bathroom,kitchen,kitchen,living,bedroom_1,living,bedroom_2,bedroom_2,entry,entry,kitchen,bathroom
20280,d14 Mon 02:00,kitchen,kitchen,bedroom_2,bathroom,kitchen,kitchen,living,bedroom_1,living,bedroom_2,bedroom_2,entry,entry,kitchen,bathroom
20340,d14 Mon 03:00,kitchen,kitchen,bedroom_2,bathroom,kitchen,kitchen,living,bedroom_1,living,bedroom_2,bedroom_2,entry,entry,kitchen,bathroom
20400,d14 Mon 04:00,kitchen,kitchen,bedroom_2,bathroom,kitchen,kitchen,living,bedroom_1,living,bedroom_2,bedroom_2,entry,entry,kitchen,bathroom
20460,d14 Mon 05:00,kitchen,kitchen,bedroom_2,bathroom,kitchen,kitchen,living,bedroom_1,living,bedroom_2,bedroom_2,entry,entry,kitchen,bathroom
20520,d14 Mon 06:00,kitchen,kitchen,bedroom_2,bathroom,kitchen,kitchen,living,bedroom_1,living,bedroom_2,bedroom_2,entry,entry,kitchen,bathroom
20580,d14 Mon 07:00,kitchen,kitchen,bedroom_2,bathroom,kitchen,kitchen,living,bedroom_1,living,bedroom_2,bedroom_2,entry,entry,kitchen,bathroom
20640,d14 Mon 08:00,kitchen,kitchen,living,kitchen,kitchen,kitchen,living,bedroom_1,living,bedroom_2,bedroom_2,entry,entry,kitchen,bathroom
20700,d14 Mon 09:00,entry,entry,living,entry,entry,entry,entry,entry,entry,entry,entry,entry,entry,entry,entry
20760,d14 Mon 10:00,kitchen,kitchen,living,kitchen,entry,entry,living,living,living,bedroom_1,entry,entry,entry,kitchen,bathroom
20820,d14 Mon 11:00,kitchen,kitchen,living,kitchen,entry,entry,living,living,living,bedroom_1,entry,entry,entry,kitchen,bathroom
20880,d14 Mon 12:00,kitchen,kitchen,kitchen,kitchen,entry,entry,living,bedroom_1,living,bedroom_1,entry,entry,entry,kitchen,bathroom
20940,d14 Mon 13:00,kitchen,kitchen,kitchen,kitchen,entry,entry,living,bedroom_1,living,bedroom_1,entry,entry,entry,kitchen,bathroom
21000,d14 Mon 14:00,kitchen,kitchen,kitchen,kitchen,entry,entry,living,bedroom_1,living,bedroom_1,entry,entry,entry,kitchen,bathroom
21060,d14 Mon 15:00,kitchen,kitchen,living,kitchen,entry,entry,living,living,living,living,entry,entry,entry,kitchen,bathroom
21120,d14 Mon 16:00,kitchen,kitchen,living,kitchen,kitchen,entry,living,living,living,living,entry,entry,entry,kitchen,bathroom
21180,d14 Mon 17:00,kitchen,kitchen,living,kitchen,kitchen,entry,living,living,living,kitchen,entry,entry,entry,kitchen,bathroom
21240,d14 Mon 18:00,kitchen,kitchen,living,kitchen,kitchen,entry,living,living,living,kitchen,entry,entry,entry,kitchen,bathroom
21300,d14 Mon 19:00,kitchen,kitchen,living,kitchen,entry,entry,living,living,living,living,living,entry,living,kitchen,bathroom
21360,d14 Mon 20:00,kitchen,kitchen,living,kitchen,entry,entry,living,living,living,living,living,entry,living,kitchen,bathroom
21420,d14 Mon 21:00,kitchen,kitchen,bedroom_2,kitchen,entry,entry,living,living,living,bedroom_2,bedroom_2,entry,entry,kitchen,kitchen
21480,d14 Mon 22:00,kitchen,kitchen,bedroom_2,kitchen,entry,entry,living,living,living,bedroom_2,bedroom_2,entry,entry,kitchen,kitchen
21540,d14 Mon 23:00,kitchen,kitchen,bedroom_2,kitchen,entry,entry,living,living,living,bedroom_2,bedroom_2,entry,entry,kitchen,kitchen
21600,d15 Tue 00:00,kitchen,kitchen,bedroom_2,kitchen,entry,entry,living,living,living,bedroom_2,bedroom_2,entry,entry,kitchen,kitchen
21660,d15 Tue 01:00,kitchen,kitchen,bedroom_2,kitchen,entry,entry,living,living,living,bedroom_2,bedroom_2,entry,entry,kitchen,kitchen
21720,d15 Tue 02:00,kitchen,kitchen,bedroom_2,kitchen,entry,entry,living,living,living,bedroom_2,bedroom_2,entry,entry,kitchen,kitchen
21780,d15 Tue 03:00,kitchen,kitchen,bedroom_2,kitchen,entry,entry,living,living,living,bedroom_2,bedroom_2,entry,entry,kitchen,kitchen
21840,d15 Tue 04:00,kitchen,kitchen,bedroom_2,kitchen,entry,entry,living,living,living,bedroom_2,bedroom_2,entry,entry,kitchen,kitchen
21900,d15 Tue 05:00,kitchen,kitchen,bedroom_2,kitchen,entry,entry,living,living,living,bedroom_2,bedroom_2,entry,entry,kitchen,kitchen
21960,d15 Tue 06:00,kitchen,kitchen,bedroom_2,kitchen,entry,entry,living,living,living,bedroom_2,bedroom_2,entry,entry,kitchen,kitchen
22020,d15 Tue 07:00,kitchen,kitchen,kitchen,kitchen,entry,entry,living,living,living,bedroom_2,bedroom_2,entry,entry,kitchen,kitchen
22080,d15 Tue 08:00,kitchen,kitchen,living,kitchen,entry,entry,living,living,living,bedroom_2,bedroom_2,entry,entry,kitchen,kitchen
22140,d15 Tue 09:00,kitchen,kitchen,living,entry,entry,entry,entry,entry,entry,entry,kitchen,entry,kitchen,entry,entry
22200,d15 Tue 10:00,kitchen,kitchen,living,bathroom,entry,entry,living,living,living,bedroom_1,entry,kitchen,kitchen,kitchen,bathroom
22260,d15 Tue 11:00,kitchen,kitchen,living,bathroom,entry,entry,living,living,living,bedroom_1,entry,kitchen,kitchen,kitchen,bathroom
22320,d15 Tue 12:00,kitchen,kitchen,living,bathroom,entry,entry,living,bedroom_1,living,bedroom_1,entry,kitchen,kitchen,kitchen,bathroom
22380,d15 Tue 13:00,kitchen,kitchen,living,bathroom,entry,entry,living,bedroom_1,living,bedroom_1,entry,kitchen,kitchen,kitchen,bathroom
22440,d15 Tue 14:00,kitchen,kitchen,living,bathroom,entry,entry,living,bedroom_1,living,bedroom_1,entry,kitchen,kitchen,kitchen,bathroom
22500,d15 Tue 15:00,kitchen,kitchen,living,bathroom,kitchen,entry,living,living,living,living,entry,kitchen,kitchen,kitchen,bathroom
22560,d15 Tue 16:00,kitchen,kitchen,living,bathroom,kitchen,entry,living,living,living,living,entry,kitchen,kitchen,kitchen,bathroom
22620,d15 Tue 17:00,kitchen,kitchen,living,bathroom,kitchen,entry,living,living,living,living,entry,kitchen,kitchen,kitchen,bathroom
22680,d15 Tue 18:00,kitchen,kitchen,living,bathroom,kitchen,entry,living,living,living,kitchen,entry,kitchen,kitchen,kitchen,bathroom
22740,d15 Tue 19:00,kitchen,kitchen,living,bathroom,kitchen,entry,living,living,living,living,entry,kitchen,kitchen,kitchen,bathroom
22800,d15 Tue 20:00,kitchen,kitchen,living,bathroom,kitchen,entry,living,living,living,living,living,kitchen,living,kitchen,bathroom
22860,d15 Tue 21:00,kitchen,kitchen,living,bathroom,kitchen,entry,living,living,living,kitchen,entry,kitchen,entry,kitchen,bathroom
22920,d15 Tue 22:00,kitchen,kitchen,bedroom_2,bathroom,kitchen,entry,living,living,living,bedroom_2,bedroom_2,kitchen,entry,kitchen,bathroom
22980,d15 Tue 23:00,kitchen,kitchen,bedroom_2,bathroom,kitchen,entry,living,living,living,bedroom_2,bedroom_2,kitchen,entry,kitchen,bathroom
23040,d16 Wed 00:00,kitchen,kitchen,bedroom_2,bathroom,kitchen,entry,living,living,living,bedroom_2,bedroom_2,kitchen,entry,kitchen,bathroom
23100,d16 Wed 01:00,kitchen,kitchen,bedroom_2,bathroom,kitchen,entry,living,living,living,bedroom_2,bedroom_2,kitchen,entry,kitchen,bathroom
23160,d16 Wed 02:00,kitchen,kitchen,bedroom_2,bathroom,kitchen,entry,living,living,living,bedroom_2,bedroom_2,kitchen,entry,kitchen,bathroom
23220,d16 Wed 03:00,kitchen,kitchen,bedroom_2,bathroom,kitchen,entry,living,living,living,bedroom_2,bedroom_2,kitchen,entry,kitchen,bathroom
23280,d16 Wed 04:00,kitchen,kitchen,bedroom_2,bathroom,kitchen,entry,living,living,living,bedroom_2,bedroom_2,kitchen,entry,kitchen,bathroom
23340,d16 Wed 05:00,kitchen,kitchen,bedroom_2,bathroom,kitchen,entry,living,living,living,bedroom_2,bedroom_2,kitchen,entry,kitchen,bathroom
23400,d16 Wed 06:00,kitchen,kitchen,bedroom_2,bathroom,kitchen,entry,living,living,living,bedroom_2,bedroom_2,kitchen,entry,kitchen,bathroom
23460,d16 Wed 07:00,kitchen,kitchen,bedroom_2,bathroom,kitchen,entry,living,living,living,bedroom_2,bedroom_2,kitchen,entry,kitchen,bathroom
23520,d16 Wed 08:00,kitchen,kitchen,living,kitchen,kitchen,entry,living,living,living,kitchen,kitchen,kitchen,kitchen,kitchen,kitchen
23580,d16 Wed 09:00,kitchen,kitchen,kitchen,entry,entry,entry,entry,entry,entry,entry,entry,entry,entry,entry,entry
23640,d16 Wed 10:00,kitchen,kitchen,living,bathroom,entry,entry,living,living,living,kitchen,entry,kitchen,entry,kitchen,bathroom
23700,d16 Wed 11:00,kitchen,kitchen,living,bathroom,entry,entry,living,living,living,kitchen,entry,kitchen,entry,kitchen,bathroom
23760,d16 Wed 12:00,kitchen,kitchen,kitchen,bathroom,kitchen,entry,living,living,living,kitchen,entry,kitchen,entry,kitchen,bathroom
23820,d16 Wed 13:00,kitchen,kitchen,kitchen,bathroom,kitchen,entry,living,living,living,kitchen,entry,kitchen,entry,kitchen,bathroom
23880,d16 Wed 14:00,kitchen,kitchen,kitchen,bathroom,kitchen,living,living,living,living,kitchen,living,kitchen,living,kitchen,bathroom
23940,d16 Wed 15:00,kitchen,kitchen,living,bathroom,kitchen,living,living,living,living,living,living,kitchen,living,kitchen,bathroom
24000,d16 Wed 16:00,kitchen,kitchen,living,bathroom,kitchen,living,living,living,living,living,living,kitchen,living,kitchen,bathroom
24060,d16 Wed 17:00,kitchen,kitchen,living,bathroom,kitchen,kitchen,living,living,living,kitchen,entry,kitchen,entry,kitchen,bathroom
24120,d16 Wed 18:00,kitchen,kitchen,living,bathroom,kitchen,kitchen,living,living,living,living,living,kitchen,living,kitchen,bathroom
24180,d16 Wed 19:00,kitchen,kitchen,living,bathroom,kitchen,kitchen,living,living,living,living,living,kitchen,living,kitchen,bathroom
24240,d16 Wed 20:00,kitchen,kitchen,living,bathroom,kitchen,kitchen,living,living,living,living,kitchen,kitchen,entry,kitchen,bathroom
24300,d16 Wed 21:00,kitchen,kitchen,bedroom_2,bathroom,kitchen,kitchen,living,living,living,bedroom_2,bedroom_2,kitchen,entry,kitchen,bathroom
24360,d16 Wed 22:00,kitchen,kitchen,bedroom_2,bathroom,kitchen,kitchen,living,living,living,bedroom_2,bedroom_2,kitchen,entry,kitchen,bathroom
24420,d16 Wed 23:00,kitchen,kitchen,bedroom_2,bathroom,kitchen,kitchen,living,living,living,bedroom_2,bedroom_2,kitchen,entry,kitchen,bathroom
24480,d17 Thu 00:00,kitchen,kitchen,bedroom_2,bathroom,kitchen,kitchen,living,living,living,bedroom_2,bedroom_2,kitchen,entry,kitchen,bathroom
24540,d17 Thu 01:00,kitchen,kitchen,bedroom_2,bathroom,kitchen,kitchen,living,living,living,bedroom_2,bedroom_2,kitchen,entry,kitchen,bathroom
24600,d17 Thu 02:00,kitchen,kitchen,bedroom_2,bathroom,kitchen,kitchen,living,living,living,bedroom_2,bedroom_2,kitchen,entry,kitchen,bathroom
24660,d17 Thu 03:00,kitchen,kitchen,bedroom_2,bathroom,kitchen,kitchen,living,living,living,bedroom_2,bedroom_2,kitchen,entry,kitchen,bathroom
24720,d17 Thu 04:00,kitchen,kitchen,bedroom_2,bathroom,kitchen,kitchen,living,living,living,bedroom_2,bedroom_2,kitchen,entry,kitchen,bathroom
24780,d17 Thu 05:00,kitchen,kitchen,bedroom_2,bathroom,kitchen,kitchen,living,living,living,bedroom_2,bedroom_2,kitchen,entry,kitchen,bathroom
24840,d17 Thu 06:00,kitchen,kitchen,bedroom_2,bathroom,kitchen,kitchen,living,living,living,bedroom_2,bedroom_2,kitchen,entry,kitchen,bathroom
24900,d17 Thu 07:00,kitchen,kitchen,kitchen,bathroom,kitchen,kitchen,living,living,living,bedroom_2,bedroom_2,kitchen,entry,kitchen,bathroom
24960,d17 Thu 08:00,kitchen,kitchen,living,kitchen,kitchen,kitchen,living,living,living,kitchen,kitchen,kitchen,kitchen,kitchen,kitchen
25020,d17 Thu 09:00,kitchen,kitchen,living,entry,entry,entry,entry,entry,entry,entry,entry,entry,entry,entry,entry
25080,d17 Thu 10:00,kitchen,kitchen,living,bathroom,living,entry,living,living,living,kitchen,entry,kitchen,bedroom_2,kitchen,bathroom
25140,d17 Thu 11:00,kitchen,kitchen,living,bathroom,living,entry,living,living,living,kitchen,entry,kitchen,bedroom_2,kitchen,bathroom
25200,d17 Thu 12:00,kitchen,kitchen,living,bathroom,living,entry,living,living,living,kitchen,entry,kitchen,bedroom_2,kitchen,bathroom
25260,d17 Thu 13:00,kitchen,kitchen,living,bathroom,living,entry,living,living,living,kitchen,entry,kitchen,bedroom_2,kitchen,bathroom
25320,d17 Thu 14:00,kitchen,kitchen,living,bathroom,living,entry,living,living,living,kitchen,entry,kitchen,bedroom_2,kitchen,bathroom
25380,d17 Thu 15:00,kitchen,kitchen,living,bathroom,living,entry,living,living,living,living,entry,kitchen,bedroom_2,kitchen,bathroom
25440,d17 Thu 16:00,kitchen,kitchen,living,bathroom,living,entry,living,living,living,living,entry,kitchen,bedroom_2,kitchen,bathroom
25500,d17 Thu 17:00,kitchen,kitchen,living,bathroom,kitchen,entry,living,living,living,living,entry,kitchen,bedroom_2,kitchen,bathroom
25560,d17 Thu 18:00,kitchen,kitchen,living,bathroom,kitchen,entry,living,living,living,living,entry,kitchen,bedroom_2,kitchen,bathroom
25620,d17 Thu 19:00,kitchen,kitchen,living,bathroom,kitchen,entry,living,living,living,living,living,kitchen,living,kitchen,bathroom
25680,d17 Thu 20:00,kitchen,kitchen,living,bathroom,kitchen,entry,living,living,living,living,living,kitchen,living,kitchen,bathroom
25740,d17 Thu 21:00,kitchen,kitchen,bedroom_1,bathroom,kitchen,entry,bedroom_1,living,living,bedroom_1,kitchen,kitchen,kitchen,kitchen,bathroom
25800,d17 Thu 22:00,kitchen,kitchen,bedroom_2,bathroom,kitchen,entry,living,living,living,bedroom_2,bedroom_2,kitchen,kitchen,kitchen,bathroom
25860,d17 Thu 23:00,kitchen,kitchen,bedroom_2,bathroom,kitchen,entry,living,living,living,bedroom_2,bedroom_2,kitchen,kitchen,kitchen,bathroom
25920,d18 Fri 00:00,kitchen,kitchen,bedroom_2,bathroom,kitchen,entry,living,living,living,bedroom_2,bedroom_2,kitchen,kitchen,kitchen,bathroom
25980,d18 Fri 01:00,kitchen,kitchen,bedroom_2,bathroom,kitchen,entry,living,living,living,bedroom_2,bedroom_2,kitchen,kitchen,kitchen,bathroom
26040,d18 Fri 02:00,kitchen,kitchen,bedroom_2,bathroom,kitchen,entry,living,living,living,bedroom_2,bedroom_2,kitchen,kitchen,kitchen,bathroom
26100,d18 Fri 03:00,kitchen,kitchen,bedroom_2,bathroom,kitchen,entry,living,living,living,bedroom_2,bedroom_2,kitchen,kitchen,kitchen,bathroom
26160,d18 Fri 04:00,kitchen,kitchen,bedroom_2,bathroom,kitchen,entry,living,living,living,bedroom_2,bedroom_2,kitchen,kitchen,kitchen,bathroom
26220,d18 Fri 05:00,kitchen,kitchen,bedroom_2,bathroom,kitchen,entry,living,living,living,bedroom_2,bedroom_2,kitchen,kitchen,kitchen,bathroom
26280,d18 Fri 06:00,kitchen,kitchen,bedroom_2,bathroom,kitchen,entry,living,living,living,bedroom_2,bedroom_2,kitchen,kitchen,kitchen,bathroom
26340,d18 Fri 07:00,kitchen,kitchen,living,kitchen,kitchen,entry,living,living,living,bedroom_2,bedroom_2,kitchen,kitchen,kitchen,bathroom
26400,d18 Fri 08:00,kitchen,kitchen,living,kitchen,kitchen,entry,living,living,living,kitchen,kitchen,kitchen,kitchen,kitchen,kitchen
26460,d18 Fri 09:00,kitchen,kitchen,kitchen,bathroom,living,entry,living,bedroom_1,living,kitchen,bedroom_2,kitchen,entry,kitchen,bathroom
26520,d18 Fri 10:00,kitchen,kitchen,living,kitchen,entry,entry,living,living,living,kitchen,entry,kitchen,entry,kitchen,bathroom
26580,d18 Fri 11:00,kitchen,kitchen,living,kitchen,entry,entry,living,living,living,kitchen,entry,kitchen,entry,kitchen,bathroom
26640,d18 Fri 12:00,kitchen,kitchen,living,kitchen,entry,entry,living,bedroom_1,living,kitchen,entry,kitchen,entry,kitchen,bathroom
26700,d18 Fri 13:00,kitchen,kitchen,living,kitchen,kitchen,entry,living,bedroom_1,living,kitchen,entry,kitchen,entry,kitchen,bathroom
26760,d18 Fri 14:00,kitchen,kitchen,living,kitchen,entry,entry,living,bedroom_1,living,kitchen,entry,kitchen,entry,kitchen,bathroom
26820,d18 Fri 15:00,kitchen,kitchen,living,kitchen,entry,entry,living,bedroom_1,living,kitchen,entry,kitchen,entry,kitchen,bathroom
26880,d18 Fri 16:00,kitchen,kitchen,living,kitchen,entry,entry,living,living,living,living,entry,kitchen,entry,kitchen,bathroom
26940,d18 Fri 17:00,kitchen,kitchen,living,kitchen,kitchen,entry,living,living,living,living,entry,kitchen,entry,kitchen,bathroom
27000,d18 Fri 18:00,kitchen,kitchen,living,kitchen,entry,entry,living,living,living,living,entry,kitchen,entry,kitchen,bathroom
27060,d18 Fri 19:00,kitchen,kitchen,living,kitchen,entry,entry,living,living,living,living,living,kitchen,living,kitchen,bathroom
27120,d18 Fri 20:00,kitchen,kitchen,living,kitchen,entry,entry,living,living,living,living,bedroom_2,kitchen,living,kitchen,bathroom
27180,d18 Fri 21:00,kitchen,kitchen,living,kitchen,entry,entry,living,living,living,living,entry,kitchen,kitchen,kitchen,bathroom
27240,d18 Fri 22:00,kitchen,kitchen,bedroom_2,kitchen,entry,entry,living,living,living,bedroom_2,bedroom_2,kitchen,kitchen,kitchen,bathroom
27300,d18 Fri 23:00,kitchen,kitchen,bedroom_2,kitchen,entry,entry,living,living,living,bedroom_2,bedroom_2,kitchen,kitchen,kitchen,bathroom
27360,d19 Sat 00:00,kitchen,kitchen,bedroom_2,kitchen,entry,entry,living,living,living,bedroom_2,bedroom_2,kitchen,kitchen,kitchen,bathroom
27420,d19 Sat 01:00,kitchen,kitchen,bedroom_2,kitchen,entry,entry,living,living,living,bedroom_2,bedroom_2,kitchen,kitchen,kitchen,bathroom
27480,d19 Sat 02:00,kitchen,kitchen,bedroom_2,kitchen,entry,entry,living,living,living,bedroom_2,bedroom_2,kitchen,kitchen,kitchen,bathroom
27540,d19 Sat 03:00,kitchen,kitchen,bedroom_2,kitchen,entry,entry,living,living,living,bedroom_2,bedroom_2,kitchen,kitchen,kitchen,bathroom
27600,d19 Sat 04:00,kitchen,kitchen,bedroom_2,kitchen,entry,entry,living,living,living,bedroom_2,bedroom_2,kitchen,kitchen,kitchen,bathroom
27660,d19 Sat 05:00,kitchen,kitchen,bedroom_2,kitchen,entry,entry,living,living,living,bedroom_2,bedroom_2,kitchen,kitchen,kitchen,bathroom
27720,d19 Sat 06:00,kitchen,kitchen,bedroom_2,kitchen,entry,entry,living,living,living,bedroom_2,bedroom_2,kitchen,kitchen,kitchen,bathroom
27780,d19 Sat 07:00,kitchen,kitchen,bedroom_2,kitchen,entry,entry,living,living,living,bedroom_2,bedroom_2,kitchen,kitchen,kitchen,bathroom
27840,d19 Sat 08:00,kitchen,kitchen,living,kitchen,entry,entry,living,living,living,bedroom_2,bedroom_2,kitchen,kitchen,kitchen,bathroom
27900,d19 Sat 09:00,kitchen,kitchen,living,bathroom,living,living,living,living,living,bedroom_1,entry,kitchen,kitchen,living,bathroom
27960,d19 Sat 10:00,kitchen,kitchen,living,kitchen,living,entry,living,bedroom_1,living,kitchen,living,entry,living,kitchen,bathroom
28020,d19 Sat 11:00,kitchen,kitchen,living,kitchen,living,entry,living,bedroom_1,living,kitchen,living,entry,living,kitchen,bathroom
28080,d19 Sat 12:00,kitchen,kitchen,living,bathroom,living,entry,living,bedroom_1,living,kitchen,entry,entry,kitchen,kitchen,bathroom
28140,d19 Sat 13:00,kitchen,kitchen,living,bathroom,living,entry,living,bedroom_1,living,kitchen,entry,entry,kitchen,kitchen,bathroom
28200,d19 Sat 14:00,kitchen,kitchen,living,bathroom,kitchen,entry,living,bedroom_1,living,kitchen,entry,entry,kitchen,kitchen,bathroom
28260,d19 Sat 15:00,kitchen,kitchen,living,bathroom,kitchen,entry,living,bedroom_1,living,kitchen,entry,entry,kitchen,kitchen,bathroom
28320,d19 Sat 16:00,kitchen,kitchen,living,bathroom,kitchen,entry,living,living,living,living,entry,entry,kitchen,kitchen,bathroom
28380,d19 Sat 17:00,kitchen,kitchen,living,bathroom,kitchen,entry,living,living,living,living,entry,entry,kitchen,kitchen,bathroom
28440,d19 Sat 18:00,kitchen,kitchen,living,bathroom,kitchen,entry,living,living,living,living,entry,entry,kitchen,kitchen,bathroom
28500,d19 Sat 19:00,kitchen,kitchen,living,bathroom,kitchen,entry,living,living,living,kitchen,living,entry,living,kitchen,bathroom
28560,d19 Sat 20:00,kitchen,kitchen,living,bathroom,kitchen,entry,living,living,living,kitchen,living,entry,living,kitchen,bathroom
28620,d19 Sat 21:00,kitchen,kitchen,living,bathroom,kitchen,entry,living,bedroom_1,living,kitchen,entry,entry,kitchen,kitchen,bathroom
28680,d19 Sat 22:00,kitchen,kitchen,bedroom_2,bathroom,kitchen,entry,living,bedroom_1,living,bedroom_2,bedroom_2,entry,kitchen,kitchen,bathroom
28740,d19 Sat 23:00,kitchen,kitchen,bedroom_2,bathroom,kitchen,entry,living,bedroom_1,living,bedroom_2,bedroom_2,entry,kitchen,kitchen,bathroom
28800,d20 Sun 00:00,kitchen,kitchen,bedroom_2,bathroom,kitchen,entry,living,bedroom_1,living,bedroom_2,bedroom_2,entry,kitchen,kitchen,bathroom
28860,d20 Sun 01:00,kitchen,kitchen,bedroom_2,bathroom,kitchen,entry,living,bedroom_1,living,bedroom_2,bedroom_2,entry,kitchen,kitchen,bathroom
28920,d20 Sun 02:00,kitchen,kitchen,bedroom_2,bathroom,kitchen,entry,living,bedroom_1,living,bedroom_2,bedroom_2,entry,kitchen,kitchen,bathroom
28980,d20 Sun 03:00,kitchen,kitchen,bedroom_2,bathroom,kitchen,entry,living,bedroom_1,living,bedroom_2,bedroom_2,entry,kitchen,kitchen,bathroom
29040,d20 Sun 04:00,kitchen,kitchen,bedroom_2,bathroom,kitchen,entry,living,bedroom_1,living,bedroom_2,bedroom_2,entry,kitchen,kitchen,bathroom
29100,d20 Sun 05:00,kitchen,kitchen,bedroom_2,bathroom,kitchen,entry,living,bedroom_1,living,bedroom_2,bedroom_2,entry,kitchen,kitchen,bathroom
29160,d20 Sun 06:00,kitchen,kitchen,bedroom_2,bathroom,kitchen,entry,living,bedroom_1,living,bedroom_2,bedroom_2,entry,kitchen,kitchen,bathroom
29220,d20 Sun 07:00,kitchen,kitchen,bedroom_2,bathroom,kitchen,entry,living,bedroom_1,living,bedroom_2,bedroom_2,entry,kitchen,kitchen,bathroom
29280,d20 Sun 08:00,kitchen,kitchen,living,kitchen,kitchen,entry,living,bedroom_1,living,bedroom_2,bedroom_2,entry,kitchen,kitchen,bathroom
29340,d20 Sun 09:00,entry,kitchen,living,entry,entry,entry,entry,entry,entry,entry,entry,entry,entry,entry,entry
29400,d20 Sun 10:00,kitchen,kitchen,kitchen,bathroom,entry,entry,living,bedroom_1,living,bedroom_1,living,kitchen,living,kitchen,bathroom
29460,d20 Sun 11:00,kitchen,kitchen,living,bathroom,entry,entry,living,living,living,kitchen,kitchen,kitchen,entry,kitchen,bathroom
29520,d20 Sun 12:00,kitchen,kitchen,kitchen,bathroom,kitchen,entry,living,living,living,kitchen,kitchen,kitchen,entry,kitchen,bathroom
29580,d20 Sun 13:00,kitchen,kitchen,kitchen,bathroom,kitchen,entry,living,living,living,kitchen,kitchen,kitchen,entry,kitchen,bathroom
29640,d20 Sun 14:00,kitchen,kitchen,kitchen,bathroom,kitchen,entry,living,living,living,kitchen,kitchen,kitchen,entry,kitchen,bathroom
29700,d20 Sun 15:00,kitchen,kitchen,kitchen,bathroom,kitchen,entry,living,living,living,kitchen,kitchen,kitchen,entry,kitchen,bathroom
29760,d20 Sun 16:00,kitchen,kitchen,living,bathroom,kitchen,entry,living,living,living,living,kitchen,kitchen,entry,kitchen,bathroom
29820,d20 Sun 17:00,kitchen,kitchen,living,bathroom,kitchen,entry,living,living,living,living,kitchen,kitchen,entry,kitchen,bathroom
29880,d20 Sun 18:00,kitchen,kitchen,living,bathroom,kitchen,entry,living,living,living,kitchen,kitchen,kitchen,entry,kitchen,bathroom
29940,d20 Sun 19:00,kitchen,kitchen,living,bathroom,kitchen,entry,living,living,living,living,living,kitchen,living,kitchen,bathroom
30000,d20 Sun 20:00,kitchen,kitchen,living,bathroom,kitchen,entry,living,living,living,living,living,kitchen,living,kitchen,bathroom
30060,d20 Sun 21:00,kitchen,kitchen,living,bathroom,kitchen,entry,living,living,living,kitchen,kitchen,kitchen,entry,kitchen,bathroom
30120,d20 Sun 22:00,kitchen,kitchen,bedroom_2,bathroom,kitchen,entry,living,living,living,bedroom_2,bedroom_2,kitchen,entry,kitchen,bathroom
30180,d20 Sun 23:00,kitchen,kitchen,bedroom_2,bathroom,kitchen,entry,living,living,living,bedroom_2,bedroom_2,kitchen,entry,kitchen,bathroom
