t,stamp,mug_1,laptop_1,phone_1,keys_1,book_1,water_bottle_1,remote_1,charger_1,backpack_1,jacket_1,headphones_1,glasses_1,notebook_1,pen_1,blanket_1,towel_1,wallet_1
0,d00 Mon 00:00,kitchen,bedroom,kitchen,entry,living,kitchen,living,bedroom,entry,entry,bedroom,bedroom,bedroom,bedroom,living,bathroom,kitchen
60,d00 Mon 01:00,kitchen,bedroom,kitchen,entry,living,kitchen,living,bedroom,entry,entry,bedroom,bedroom,bedroom,bedroom,living,bathroom,kitchen
120,d00 Mon 02:00,kitchen,bedroom,kitchen,entry,living,kitchen,living,bedroom,entry,entry,bedroom,bedroom,bedroom,bedroom,living,bathroom,kitchen
180,d00 Mon 03:00,kitchen,bedroom,kitchen,entry,living,kitchen,living,bedroom,entry,entry,bedroom,bedroom,bedroom,bedroom,living,bathroom,kitchen
240,d00 Mon 04:00,kitchen,bedroom,kitchen,entry,living,kitchen,living,bedroom,entry,entry,bedroom,bedroom,bedroom,bedroom,living,bathroom,kitchen
300,d00 Mon 05:00,kitchen,bedroom,kitchen,entry,living,kitchen,living,bedroom,entry,entry,bedroom,bedroom,bedroom,bedroom,living,bathroom,kitchen
360,d00 Mon 06:00,kitchen,bedroom,kitchen,entry,living,kitchen,living,bedroom,entry,entry,bedroom,bedroom,bedroom,bedroom,living,bathroom,kitchen
420,d00 Mon 07:00,kitchen,bedroom,kitchen,entry,living,kitchen,living,bedroom,entry,entry,bedroom,bedroom,bedroom,bedroom,living,bathroom,kitchen
480,d00 Mon 08:00,kitchen,bedroom,kitchen,entry,living,kitchen,living,bedroom,entry,entry,bedroom,bedroom,bedroom,bedroom,living,bathroom,kitchen
540,d00 Mon 09:00,kitchen,bedroom,kitchen,outside,bedroom,outside,living,bedroom,outside,outside,outside,bedroom,bedroom,bedroom,living,bathroom,outside
600,d00 Mon 10:00,kitchen,bedroom,kitchen,entry,bedroom,kitchen,living,bedroom,living,living,bedroom,bedroom,bedroom,bedroom,living,bathroom,kitchen
660,d00 Mon 11:00,kitchen,bedroom,kitchen,entry,bedroom,kitchen,living,bedroom,entry,kitchen,bedroom,bedroom,bedroom,bedroom,living,bathroom,kitchen
720,d00 Mon 12:00,kitchen,bedroom,kitchen,entry,bedroom,kitchen,living,bedroom,living,kitchen,bedroom,bedroom,bedroom,bedroom,living,bathroom,entry
780,d00 Mon 13:00,kitchen,bedroom,kitchen,entry,bedroom,kitchen,living,bedroom,living,kitchen,bedroom,bedroom,bedroom,bedroom,living,bathroom,entry
840,d00 Mon 14:00,kitchen,bedroom,kitchen,outside,bedroom,outside,living,bedroom,outside,outside,outside,bedroom,bedroom,bedroom,living,bathroom,outside
900,d00 Mon 15:00,kitchen,bedroom,kitchen,entry,bedroom,kitchen,living,bedroom,entry,living,bedroom,bedroom,bedroom,bedroom,living,bathroom,kitchen
960,d00 Mon 16:00,kitchen,bedroom,kitchen,entry,bedroom,kitchen,living,bedroom,entry,living,bedroom,bedroom,bedroom,bedroom,living,bathroom,kitchen
1020,d00 Mon 17:00,kitchen,bedroom,kitchen,entry,bedroom,kitchen,living,bedroom,entry,living,bedroom,bedroom,bedroom,bedroom,living,bathroom,kitchen
1080,d00 Mon 18:00,kitchen,bedroom,kitchen,entry,bedroom,kitchen,living,bedroom,living,kitchen,bedroom,bedroom,bedroom,bedroom,living,bathroom,kitchen
1140,d00 Mon 19:00,kitchen,bedroom,kitchen,entry,bedroom,kitchen,living,bedroom,living,kitchen,bedroom,bedroom,bedroom,bedroom,living,bathroom,kitchen
1200,d00 Mon 20:00,kitchen,bedroom,kitchen,entry,bedroom,kitchen,living,bedroom,living,kitchen,bedroom,bedroom,bedroom,bedroom,living,bathroom,kitchen
1260,d00 Mon 21:00,kitchen,bedroom,kitchen,entry,bedroom,kitchen,living,bedroom,living,kitchen,bedroom,bedroom,bedroom,bedroom,living,bathroom,kitchen
1320,d00 Mon 22:00,kitchen,bedroom,kitchen,entry,bedroom,kitchen,living,bedroom,living,kitchen,bedroom,bedroom,bedroom,bedroom,living,bathroom,kitchen
1380,d00 Mon 23:00,kitchen,bedroom,kitchen,entry,bedroom,kitchen,living,bedroom,living,kitchen,bedroom,bedroom,bedroom,bedroom,living,bathroom,kitchen
1440,d01 Tue 00:00,kitchen,bedroom,kitchen,entry,bedroom,kitchen,living,bedroom,living,kitchen,bedroom,bedroom,bedroom,bedroom,living,bathroom,kitchen
1500,d01 Tue 01:00,kitchen,bedroom,kitchen,entry,bedroom,kitchen,living,bedroom,living,kitchen,bedroom,bedroom,bedroom,bedroom,living,bathroom,kitchen
1560,d01 Tue 02:00,kitchen,bedroom,kitchen,entry,bedroom,kitchen,living,bedroom,living,kitchen,bedroom,bedroom,bedroom,bedroom,living,bathroom,kitchen
1620,d01 Tue 03:00,kitchen,bedroom,kitchen,entry,bedroom,kitchen,living,bedroom,living,kitchen,bedroom,bedroom,bedroom,bedroom,living,bathroom,kitchen
1680,d01 Tue 04:00,kitchen,bedroom,kitchen,entry,bedroom,kitchen,living,bedroom,living,kitchen,bedroom,bedroom,bedroom,bedroom,living,bathroom,kitchen
1740,d01 Tue 05:00,kitchen,bedroom,kitchen,entry,bedroom,kitchen,living,bedroom,living,kitchen,bedroom,bedroom,bedroom,bedroom,living,bathroom,kitchen
1800,d01 Tue 06:00,kitchen,bedroom,kitchen,entry,bedroom,kitchen,living,bedroom,living,kitchen,bedroom,bedroom,bedroom,bedroom,living,bathroom,kitchen
1860,d01 Tue 07:00,kitchen,bedroom,kitchen,entry,bedroom,kitchen,living,bedroom,living,kitchen,bedroom,bedroom,bedroom,bedroom,living,bathroom,kitchen
1920,d01 Tue 08:00,kitchen,bedroom,kitchen,bedroom,bedroom,kitchen,living,bedroom,living,kitchen,bedroom,bedroom,bedroom,bedroom,living,bathroom,kitchen
1980,d01 Tue 09:00,kitchen,bedroom,kitchen,outside,bedroom,outside,living,bedroom,outside,outside,outside,bedroom,bedroom,bedroom,living,bathroom,outside
2040,d01 Tue 10:00,kitchen,bedroom,kitchen,outside,bedroom,outside,living,bedroom,outside,outside,outside,bedroom,bedroom,bedroom,living,bathroom,outside
2100,d01 Tue 11:00,kitchen,bedroom,kitchen,outside,bedroom,outside,living,bedroom,outside,outside,outside,bedroom,bedroom,bedroom,living,bathroom,outside
2160,d01 Tue 12:00,kitchen,bedroom,kitchen,entry,bedroom,kitchen,living,bedroom,entry,living,living,bedroom,bedroom,bedroom,living,bathroom,kitchen
2220,d01 Tue 13:00,kitchen,bedroom,kitchen,entry,bedroom,kitchen,living,bedroom,entry,living,living,bedroom,bedroom,bedroom,living,bathroom,kitchen
2280,d01 Tue 14:00,kitchen,bedroom,kitchen,outside,bedroom,outside,living,bedroom,outside,outside,outside,bedroom,bedroom,bedroom,living,bathroom,outside
2340,d01 Tue 15:00,kitchen,bedroom,kitchen,outside,bedroom,outside,living,bedroom,outside,outside,outside,bedroom,bedroom,bedroom,living,bathroom,outside
2400,d01 Tue 16:00,kitchen,bedroom,kitchen,entry,bedroom,kitchen,living,bedroom,entry,kitchen,bedroom,bedroom,bedroom,bedroom,living,bathroom,kitchen
2460,d01 Tue 17:00,kitchen,bedroom,kitchen,entry,bedroom,kitchen,living,bedroom,entry,living,living,bedroom,bedroom,bedroom,living,bathroom,entry
2520,d01 Tue 18:00,kitchen,bedroom,kitchen,entry,bedroom,kitchen,living,bedroom,entry,living,living,bedroom,bedroom,bedroom,living,bathroom,entry
2580,d01 Tue 19:00,kitchen,bedroom,kitchen,entry,bedroom,kitchen,living,bedroom,entry,living,living,bedroom,bedroom,bedroom,living,bathroom,entry
2640,d01 Tue 20:00,kitchen,bedroom,kitchen,entry,bedroom,kitchen,living,bedroom,entry,living,living,bedroom,bedroom,bedroom,living,bathroom,entry
2700,d01 Tue 21:00,kitchen,bedroom,kitchen,entry,bedroom,kitchen,living,bedroom,entry,living,living,bedroom,bedroom,bedroom,living,bathroom,entry
2760,d01 Tue 22:00,kitchen,bedroom,kitchen,entry,bedroom,kitchen,living,bedroom,entry,living,living,bedroom,bedroom,bedroom,living,bathroom,entry
2820,d01 Tue 23:00,kitchen,bedroom,kitchen,entry,bedroom,kitchen,living,bedroom,entry,living,living,bedroom,bedroom,bedroom,living,bathroom,entry
2880,d02 Wed 00:00,kitchen,bedroom,kitchen,entry,bedroom,kitchen,living,bedroom,entry,living,living,bedroom,bedroom,bedroom,living,bathroom,entry
2940,d02 Wed 01:00,kitchen,bedroom,kitchen,entry,bedroom,kitchen,living,bedroom,entry,living,living,bedroom,bedroom,bedroom,living,bathroom,entry
3000,d02 Wed 02:00,kitchen,bedroom,kitchen,entry,bedroom,kitchen,living,bedroom,entry,living,living,bedroom,bedroom,bedroom,living,bathroom,entry
3060,d02 Wed 03:00,kitchen,bedroom,kitchen,entry,bedroom,kitchen,living,bedroom,entry,living,living,bedroom,bedroom,bedroom,living,bathroom,entry
3120,d02 Wed 04:00,kitchen,bedroom,kitchen,entry,bedroom,kitchen,living,bedroom,entry,living,living,bedroom,bedroom,bedroom,living,bathroom,entry
3180,d02 Wed 05:00,kitchen,bedroom,kitchen,entry,bedroom,kitchen,living,bedroom,entry,living,living,bedroom,bedroom,bedroom,living,bathroom,entry
3240,d02 Wed 06:00,kitchen,bedroom,kitchen,entry,bedroom,kitchen,living,bedroom,entry,living,living,bedroom,bedroom,bedroom,living,bathroom,entry
3300,d02 Wed 07:00,kitchen,bedroom,kitchen,entry,bedroom,kitchen,living,bedroom,entry,living,living,bedroom,bedroom,bedroom,living,bathroom,entry
3360,d02 Wed 08:00,kitchen,bedroom,kitchen,entry,bedroom,kitchen,living,bedroom,entry,living,living,bedroom,bedroom,bedroom,living,bathroom,entry
3420,d02 Wed 09:00,kitchen,bedroom,kitchen,outside,bedroom,outside,living,bedroom,outside,outside,outside,bedroom,bedroom,bedroom,living,bathroom,outside
3480,d02 Wed 10:00,kitchen,bedroom,kitchen,entry,bedroom,kitchen,living,bedroom,living,living,bedroom,bedroom,bedroom,bedroom,living,bathroom,kitchen
3540,d02 Wed 11:00,kitchen,bedroom,kitchen,entry,bedroom,kitchen,living,bedroom,living,living,bedroom,bedroom,bedroom,bedroom,living,bathroom,kitchen
3600,d02 Wed 12:00,kitchen,bedroom,kitchen,entry,bedroom,kitchen,living,bedroom,living,living,bedroom,bedroom,bedroom,bedroom,living,bathroom,kitchen
3660,d02 Wed 13:00,kitchen,bedroom,kitchen,entry,bedroom,kitchen,living,bedroom,living,living,bedroom,bedroom,bedroom,bedroom,living,bathroom,kitchen
3720,d02 Wed 14:00,kitchen,bedroom,kitchen,entry,bedroom,kitchen,living,bedroom,living,living,bedroom,bedroom,bedroom,bedroom,living,bathroom,kitchen
3780,d02 Wed 15:00,kitchen,bedroom,kitchen,entry,bedroom,kitchen,living,bedroom,living,kitchen,bedroom,bedroom,bedroom,bedroom,living,bathroom,kitchen
3840,d02 Wed 16:00,kitchen,bedroom,kitchen,entry,bedroom,kitchen,living,bedroom,entry,living,bedroom,bedroom,bedroom,bedroom,living,bathroom,kitchen
3900,d02 Wed 17:00,kitchen,bedroom,kitchen,entry,bedroom,kitchen,living,bedroom,entry,living,bedroom,bedroom,bedroom,bedroom,living,bathroom,kitchen
3960,d02 Wed 18:00,kitchen,bedroom,kitchen,entry,bedroom,kitchen,living,bedroom,entry,living,bedroom,bedroom,bedroom,bedroom,living,bathroom,kitchen
4020,d02 Wed 19:00,kitchen,bedroom,kitchen,entry,bedroom,kitchen,living,bedroom,entry,living,bedroom,bedroom,bedroom,bedroom,living,bathroom,kitchen
4080,d02 Wed 20:00,kitchen,bedroom,kitchen,entry,bedroom,kitchen,living,bedroom,entry,living,bedroom,bedroom,bedroom,bedroom,living,bathroom,kitchen
4140,d02 Wed 21:00,kitchen,bedroom,kitchen,entry,bedroom,kitchen,living,bedroom,entry,living,bedroom,bedroom,bedroom,bedroom,living,bathroom,kitchen
4200,d02 Wed 22:00,kitchen,bedroom,kitchen,entry,bedroom,kitchen,living,bedroom,entry,living,bedroom,bedroom,bedroom,bedroom,living,bathroom,kitchen
4260,d02 Wed 23:00,kitchen,bedroom,kitchen,entry,bedroom,kitchen,living,bedroom,entry,living,bedroom,bedroom,bedroom,bedroom,living,bathroom,kitchen
4320,d03 Thu 00:00,kitchen,bedroom,kitchen,entry,bedroom,kitchen,living,bedroom,entry,living,bedroom,bedroom,bedroom,bedroom,living,bathroom,kitchen
4380,d03 Thu 01:00,kitchen,bedroom,kitchen,entry,bedroom,kitchen,living,bedroom,entry,living,bedroom,bedroom,bedroom,bedroom,living,bathroom,kitchen
4440,d03 Thu 02:00,kitchen,bedroom,kitchen,entry,bedroom,kitchen,living,bedroom,entry,living,bedroom,bedroom,bedroom,bedroom,living,bathroom,kitchen
4500,d03 Thu 03:00,kitchen,bedroom,kitchen,entry,bedroom,kitchen,living,bedroom,entry,living,bedroom,bedroom,bedroom,bedroom,living,bathroom,kitchen
4560,d03 Thu 04:00,kitchen,bedroom,kitchen,entry,bedroom,kitchen,living,bedroom,entry,living,bedroom,bedroom,bedroom,bedroom,living,bathroom,kitchen
4620,d03 Thu 05:00,kitchen,bedroom,kitchen,entry,bedroom,kitchen,living,bedroom,entry,living,bedroom,bedroom,bedroom,bedroom,living,bathroom,kitchen
4680,d03 Thu 06:00,kitchen,bedroom,kitchen,entry,bedroom,kitchen,living,bedroom,entry,living,bedroom,bedroom,bedroom,bedroom,living,bathroom,kitchen
4740,d03 Thu 07:00,kitchen,bedroom,kitchen,entry,bedroom,kitchen,living,bedroom,entry,living,bedroom,bedroom,bedroom,bedroom,living,bathroom,kitchen
4800,d03 Thu 08:00,kitchen,bedroom,kitchen,entry,bedroom,kitchen,living,bedroom,entry,living,bedroom,bedroom,bedroom,bedroom,living,bathroom,kitchen
4860,d03 Thu 09:00,kitchen,bedroom,kitchen,entry,bedroom,kitchen,living,bedroom,entry,living,bedroom,bedroom,bedroom,bedroom,living,bathroom,kitchen
4920,d03 Thu 10:00,kitchen,bedroom,kitchen,entry,bedroom,kitchen,living,bedroom,entry,living,bedroom,bedroom,bedroom,bedroom,living,bathroom,kitchen
4980,d03 Thu 11:00,kitchen,bedroom,kitchen,entry,bedroom,kitchen,living,bedroom,entry,living,bedroom,bedroom,bedroom,bedroom,living,bathroom,kitchen
5040,d03 Thu 12:00,kitchen,bedroom,kitchen,entry,bedroom,kitchen,living,bedroom,entry,living,bedroom,bedroom,bedroom,bedroom,living,bathroom,kitchen
5100,d03 Thu 13:00,kitchen,bedroom,kitchen,entry,bedroom,kitchen,living,bedroom,entry,living,bedroom,bedroom,bedroom,bedroom,living,bathroom,kitchen
5160,d03 Thu 14:00,kitchen,bedroom,kitchen,entry,bedroom,kitchen,living,bedroom,entry,living,bedroom,bedroom,bedroom,bedroom,living,bathroom,kitchen
5220,d03 Thu 15:00,kitchen,bedroom,kitchen,entry,bedroom,kitchen,living,bedroom,entry,living,bedroom,bedroom,bedroom,bedroom,living,bathroom,kitchen
5280,d03 Thu 16:00,kitchen,bedroom,kitchen,entry,bedroom,kitchen,living,bedroom,entry,living,bedroom,bedroom,bedroom,bedroom,living,bathroom,kitchen
5340,d03 Thu 17:00,kitchen,bedroom,kitchen,entry,bedroom,kitchen,living,bedroom,entry,living,bedroom,bedroom,bedroom,bedroom,living,bathroom,kitchen
5400,d03 Thu 18:00,kitchen,bedroom,kitchen,entry,bedroom,kitchen,living,bedroom,entry,living,bedroom,bedroom,bedroom,bedroom,living,bathroom,kitchen
5460,d03 Thu 19:00,kitchen,bedroom,kitchen,entry,bedroom,kitchen,living,bedroom,entry,living,bedroom,bedroom,bedroom,bedroom,living,bathroom,kitchen
5520,d03 Thu 20:00,kitchen,bedroom,kitchen,entry,bedroom,kitchen,living,bedroom,entry,living,bedroom,bedroom,bedroom,bedroom,living,bathroom,kitchen
5580,d03 Thu 21:00,kitchen,bedroom,kitchen,entry,bedroom,kitchen,living,bedroom,entry,living,bedroom,bedroom,bedroom,bedroom,living,bathroom,kitchen
5640,d03 Thu 22:00,kitchen,bedroom,kitchen,entry,bedroom,kitchen,living,bedroom,entry,living,bedroom,bedroom,bedroom,bedroom,living,bathroom,kitchen
5700,d03 Thu 23:00,kitchen,bedroom,kitchen,entry,bedroom,kitchen,living,bedroom,entry,living,bedroom,bedroom,bedroom,bedroom,living,bathroom,kitchen
5760,d04 Fri 00:00,kitchen,bedroom,kitchen,entry,bedroom,kitchen,living,bedroom,entry,living,bedroom,bedroom,bedroom,bedroom,living,bathroom,kitchen
5820,d04 Fri 01:00,kitchen,bedroom,kitchen,entry,bedroom,kitchen,living,bedroom,entry,living,bedroom,bedroom,bedroom,bedroom,living,bathroom,kitchen
5880,d04 Fri 02:00,kitchen,bedroom,kitchen,entry,bedroom,kitchen,living,bedroom,entry,living,bedroom,bedroom,bedroom,bedroom,living,bathroom,kitchen
5940,d04 Fri 03:00,kitchen,bedroom,kitchen,entry,bedroom,kitchen,living,bedroom,entry,living,bedroom,bedroom,bedroom,bedroom,living,bathroom,kitchen
6000,d04 Fri 04:00,kitchen,bedroom,kitchen,entry,bedroom,kitchen,living,bedroom,entry,living,bedroom,bedroom,bedroom,bedroom,living,bathroom,kitchen
6060,d04 Fri 05:00,kitchen,bedroom,kitchen,entry,bedroom,kitchen,living,bedroom,entry,living,bedroom,bedroom,bedroom,bedroom,living,bathroom,kitchen
6120,d04 Fri 06:00,kitchen,bedroom,kitchen,entry,bedroom,kitchen,living,bedroom,entry,living,bedroom,bedroom,bedroom,bedroom,living,bathroom,kitchen
6180,d04 Fri 07:00,kitchen,bedroom,kitchen,entry,bedroom,kitchen,living,bedroom,entry,living,bedroom,bedroom,bedroom,bedroom,living,bathroom,kitchen
6240,d04 Fri 08:00,kitchen,bedroom,kitchen,entry,bedroom,kitchen,living,bedroom,entry,living,bedroom,bedroom,bedroom,bedroom,living,bathroom,kitchen
6300,d04 Fri 09:00,kitchen,bedroom,kitchen,outside,bedroom,outside,living,bedroom,outside,outside,outside,bedroom,bedroom,bedroom,living,bathroom,outside
6360,d04 Fri 10:00,kitchen,bedroom,kitchen,entry,bedroom,kitchen,living,bedroom,living,living,bedroom,bedroom,bedroom,bedroom,living,bathroom,kitchen
6420,d04 Fri 11:00,kitchen,bedroom,kitchen,entry,bedroom,kitchen,living,bedroom,entry,kitchen,living,bedroom,bedroom,bedroom,living,bathroom,entry
6480,d04 Fri 12:00,kitchen,bedroom,kitchen,entry,bedroom,kitchen,living,bedroom,entry,kitchen,living,bedroom,bedroom,bedroom,living,bathroom,entry
6540,d04 Fri 13:00,kitchen,bedroom,kitchen,entry,bedroom,kitchen,living,bedroom,entry,kitchen,living,bedroom,bedroom,bedroom,living,bathroom,entry
6600,d04 Fri 14:00,kitchen,bedroom,kitchen,entry,bedroom,kitchen,living,bedroom,entry,kitchen,living,bedroom,bedroom,bedroom,living,bathroom,entry
6660,d04 Fri 15:00,kitchen,bedroom,kitchen,outside,bedroom,outside,living,bedroom,outside,outside,outside,bedroom,bedroom,bedroom,living,bathroom,outside
6720,d04 Fri 16:00,kitchen,bedroom,kitchen,entry,bedroom,kitchen,living,bedroom,living,kitchen,bedroom,bedroom,bedroom,bedroom,living,bathroom,kitchen
6780,d04 Fri 17:00,kitchen,bedroom,kitchen,entry,bedroom,kitchen,living,bedroom,living,kitchen,living,bedroom,bedroom,bedroom,living,bathroom,kitchen
6840,d04 Fri 18:00,kitchen,bedroom,kitchen,entry,bedroom,kitchen,living,bedroom,living,kitchen,living,bedroom,bedroom,bedroom,living,bathroom,kitchen
6900,d04 Fri 19:00,kitchen,bedroom,kitchen,entry,bedroom,kitchen,living,bedroom,living,kitchen,living,bedroom,bedroom,bedroom,living,bathroom,kitchen
6960,d04 Fri 20:00,kitchen,bedroom,kitchen,entry,bedroom,kitchen,living,bedroom,living,kitchen,living,bedroom,bedroom,bedroom,living,bathroom,kitchen
7020,d04 Fri 21:00,kitchen,bedroom,kitchen,entry,bedroom,kitchen,living,bedroom,living,kitchen,living,bedroom,bedroom,bedroom,living,bathroom,kitchen
7080,d04 Fri 22:00,kitchen,bedroom,kitchen,entry,bedroom,kitchen,living,bedroom,living,kitchen,living,bedroom,bedroom,bedroom,living,bathroom,kitchen
7140,d04 Fri 23:00,kitchen,bedroom,kitchen,entry,bedroom,kitchen,living,bedroom,living,kitchen,living,bedroom,bedroom,bedroom,living,bathroom,kitchen
7200,d05 Sat 00:00,kitchen,bedroom,kitchen,entry,bedroom,kitchen,living,bedroom,living,kitchen,living,bedroom,bedroom,bedroom,living,bathroom,kitchen
7260,d05 Sat 01:00,kitchen,bedroom,kitchen,entry,bedroom,kitchen,living,bedroom,living,kitchen,living,bedroom,bedroom,bedroom,living,bathroom,kitchen
7320,d05 Sat 02:00,kitchen,bedroom,kitchen,entry,bedroom,kitchen,living,bedroom,living,kitchen,living,bedroom,bedroom,bedroom,living,bathroom,kitchen
7380,d05 Sat 03:00,kitchen,bedroom,kitchen,entry,bedroom,kitchen,living,bedroom,living,kitchen,living,bedroom,bedroom,bedroom,living,bathroom,kitchen
7440,d05 Sat 04:00,kitchen,bedroom,kitchen,entry,bedroom,kitchen,living,bedroom,living,kitchen,living,bedroom,bedroom,bedroom,living,bathroom,kitchen
7500,d05 Sat 05:00,kitchen,bedroom,kitchen,entry,bedroom,kitchen,living,bedroom,living,kitchen,living,bedroom,bedroom,bedroom,living,bathroom,kitchen
7560,d05 Sat 06:00,kitchen,bedroom,kitchen,entry,bedroom,kitchen,living,bedroom,living,kitchen,living,bedroom,bedroom,bedroom,living,bathroom,kitchen
7620,d05 Sat 07:00,kitchen,bedroom,kitchen,entry,bedroom,kitchen,living,bedroom,living,kitchen,living,bedroom,bedroom,bedroom,living,bathroom,kitchen
7680,d05 Sat 08:00,kitchen,bedroom,kitchen,entry,bedroom,kitchen,living,bedroom,living,kitchen,living,bedroom,bedroom,bedroom,living,bathroom,kitchen
7740,d05 Sat 09:00,kitchen,bedroom,kitchen,entry,bedroom,kitchen,living,bedroom,living,kitchen,living,bedroom,bedroom,bedroom,living,bathroom,kitchen
7800,d05 Sat 10:00,kitchen,bedroom,kitchen,outside,bedroom,outside,living,bedroom,outside,outside,outside,bedroom,bedroom,bedroom,living,bathroom,outside
7860,d05 Sat 11:00,kitchen,bedroom,kitchen,entry,bedroom,kitchen,living,bedroom,entry,living,bedroom,bedroom,bedroom,bedroom,living,bathroom,kitchen
7920,d05 Sat 12:00,kitchen,bedroom,kitchen,entry,bedroom,kitchen,living,bedroom,entry,living,bedroom,bedroom,bedroom,bedroom,living,bathroom,entry
7980,d05 Sat 13:00,kitchen,bedroom,kitchen,entry,bedroom,kitchen,living,bedroom,entry,living,bedroom,bedroom,bedroom,bedroom,living,bathroom,entry
8040,d05 Sat 14:00,kitchen,bedroom,kitchen,entry,bedroom,kitchen,living,bedroom,entry,living,bedroom,bedroom,bedroom,bedroom,living,bathroom,entry
8100,d05 Sat 15:00,kitchen,bedroom,kitchen,entry,bedroom,kitchen,living,bedroom,living,living,living,bedroom,bedroom,bedroom,living,bathroom,kitchen
8160,d05 Sat 16:00,kitchen,bedroom,kitchen,entry,bedroom,kitchen,living,bedroom,living,living,bedroom,bedroom,bedroom,bedroom,living,bathroom,entry
8220,d05 Sat 17:00,kitchen,bedroom,kitchen,entry,bedroom,kitchen,living,bedroom,living,living,bedroom,bedroom,bedroom,bedroom,living,bathroom,entry
8280,d05 Sat 18:00,kitchen,bedroom,kitchen,entry,bedroom,kitchen,living,bedroom,living,living,bedroom,bedroom,bedroom,bedroom,living,bathroom,entry
8340,d05 Sat 19:00,kitchen,bedroom,kitchen,entry,bedroom,kitchen,living,bedroom,living,living,bedroom,bedroom,bedroom,bedroom,living,bathroom,entry
8400,d05 Sat 20:00,kitchen,bedroom,kitchen,entry,bedroom,kitchen,living,bedroom,living,living,bedroom,bedroom,bedroom,bedroom,living,bathroom,entry
8460,d05 Sat 21:00,kitchen,bedroom,kitchen,entry,bedroom,kitchen,living,bedroom,living,living,bedroom,bedroom,bedroom,bedroom,living,bathroom,entry
8520,d05 Sat 22:00,kitchen,bedroom,kitchen,entry,bedroom,kitchen,living,bedroom,living,living,bedroom,bedroom,bedroom,bedroom,living,bathroom,entry
8580,d05 Sat 23:00,kitchen,bedroom,kitchen,entry,bedroom,kitchen,living,bedroom,living,living,bedroom,bedroom,bedroom,bedroom,living,bathroom,entry
8640,d06 Sun 00:00,kitchen,bedroom,kitchen,entry,bedroom,kitchen,living,bedroom,living,living,bedroom,bedroom,bedroom,bedroom,living,bathroom,entry
8700,d06 Sun 01:00,kitchen,bedroom,kitchen,entry,bedroom,kitchen,living,bedroom,living,living,bedroom,bedroom,bedroom,bedroom,living,bathroom,entry
8760,d06 Sun 02:00,kitchen,bedroom,kitchen,entry,bedroom,kitchen,living,bedroom,living,living,bedroom,bedroom,bedroom,bedroom,living,bathroom,entry
8820,d06 Sun 03:00,kitchen,bedroom,kitchen,entry,bedroom,kitchen,living,bedroom,living,living,bedroom,bedroom,bedroom,bedroom,living,bathroom,entry
8880,d06 Sun 04:00,kitchen,bedroom,kitchen,entry,bedroom,kitchen,living,bedroom,living,living,bedroom,bedroom,bedroom,bedroom,living,bathroom,entry
8940,d06 Sun 05:00,kitchen,bedroom,kitchen,entry,bedroom,kitchen,living,bedroom,living,living,bedroom,bedroom,bedroom,bedroom,living,bathroom,entry
9000,d06 Sun 06:00,kitchen,bedroom,kitchen,entry,bedroom,kitchen,living,bedroom,living,living,bedroom,bedroom,bedroom,bedroom,living,bathroom,entry
9060,d06 Sun 07:00,kitchen,bedroom,kitchen,entry,bedroom,kitchen,living,bedroom,living,living,bedroom,bedroom,bedroom,bedroom,living,bathroom,entry
9120,d06 Sun 08:00,kitchen,bedroom,kitchen,entry,bedroom,kitchen,living,bedroom,living,living,bedroom,bedroom,bedroom,bedroom,living,bathroom,entry
9180,d06 Sun 09:00,kitchen,bedroom,kitchen,entry,bedroom,kitchen,living,bedroom,living,living,bedroom,bedroom,bedroom,bedroom,living,bathroom,entry
9240,d06 Sun 10:00,kitchen,bedroom,kitchen,outside,bedroom,outside,living,bedroom,outside,outside,outside,bedroom,bedroom,bedroom,living,bathroom,outside
9300,d06 Sun 11:00,kitchen,bedroom,kitchen,entry,bedroom,kitchen,living,bedroom,entry,living,bedroom,bedroom,bedroom,bedroom,living,bathroom,kitchen
9360,d06 Sun 12:00,kitchen,bedroom,kitchen,entry,bedroom,kitchen,living,bedroom,living,kitchen,living,bedroom,bedroom,bedroom,living,bathroom,entry
9420,d06 Sun 13:00,kitchen,bedroom,kitchen,entry,bedroom,kitchen,living,bedroom,living,kitchen,living,bedroom,bedroom,bedroom,living,bathroom,entry
9480,d06 Sun 14:00,kitchen,bedroom,kitchen,entry,bedroom,kitchen,living,bedroom,living,kitchen,living,bedroom,bedroom,bedroom,living,bathroom,entry
9540,d06 Sun 15:00,kitchen,bedroom,kitchen,entry,bedroom,kitchen,living,bedroom,living,kitchen,living,bedroom,bedroom,bedroom,living,bathroom,entry
9600,d06 Sun 16:00,kitchen,bedroom,kitchen,entry,bedroom,kitchen,living,bedroom,entry,kitchen,living,bedroom,bedroom,bedroom,living,bathroom,entry
9660,d06 Sun 17:00,kitchen,bedroom,kitchen,entry,bedroom,kitchen,living,bedroom,entry,kitchen,living,bedroom,bedroom,bedroom,living,bathroom,entry
9720,d06 Sun 18:00,kitchen,bedroom,kitchen,entry,bedroom,kitchen,living,bedroom,entry,kitchen,living,bedroom,bedroom,bedroom,living,bathroom,entry
9780,d06 Sun 19:00,kitchen,bedroom,kitchen,entry,bedroom,kitchen,living,bedroom,entry,kitchen,living,bedroom,bedroom,bedroom,living,bathroom,entry
9840,d06 Sun 20:00,kitchen,bedroom,kitchen,entry,bedroom,kitchen,living,bedroom,entry,kitchen,living,bedroom,bedroom,bedroom,living,bathroom,entry
9900,d06 Sun 21:00,kitchen,bedroom,kitchen,entry,bedroom,kitchen,living,bedroom,entry,kitchen,living,bedroom,bedroom,bedroom,living,bathroom,entry
9960,d06 Sun 22:00,kitchen,bedroom,kitchen,entry,bedroom,kitchen,living,bedroom,entry,kitchen,living,bedroom,bedroom,bedroom,living,bathroom,entry
10020,d06 Sun 23:00,kitchen,bedroom,kitchen,entry,bedroom,kitchen,living,bedroom,entry,kitchen,living,bedroom,bedroom,bedroom,living,bathroom,entry
10080,d07 Mon 00:00,kitchen,bedroom,kitchen,entry,bedroom,kitchen,living,bedroom,entry,kitchen,living,bedroom,bedroom,bedroom,living,bathroom,entry
10140,d07 Mon 01:00,kitchen,bedroom,kitchen,entry,bedroom,kitchen,living,bedroom,entry,kitchen,living,bedroom,bedroom,bedroom,living,bathroom,entry
10200,d07 Mon 02:00,kitchen,bedroom,kitchen,entry,bedroom,kitchen,living,bedroom,entry,kitchen,living,bedroom,bedroom,bedroom,living,bathroom,entry
10260,d07 Mon 03:00,kitchen,bedroom,kitchen,entry,bedroom,kitchen,living,bedroom,entry,kitchen,living,bedroom,bedroom,bedroom,living,bathroom,entry
10320,d07 Mon 04:00,kitchen,bedroom,kitchen,entry,bedroom,kitchen,living,bedroom,entry,kitchen,living,bedroom,bedroom,bedroom,living,bathroom,entry
10380,d07 Mon 05:00,kitchen,bedroom,kitchen,entry,bedroom,kitchen,living,bedroom,entry,kitchen,living,bedroom,bedroom,bedroom,living,bathroom,entry
10440,d07 Mon 06:00,kitchen,bedroom,kitchen,entry,bedroom,kitchen,living,bedroom,entry,kitchen,living,bedroom,bedroom,bedroom,living,bathroom,entry
10500,d07 Mon 07:00,kitchen,bedroom,kitchen,entry,bedroom,kitchen,living,bedroom,entry,kitchen,living,bedroom,bedroom,bedroom,living,bathroom,entry
10560,d07 Mon 08:00,kitchen,bedroom,kitchen,entry,bedroom,kitchen,living,bedroom,entry,kitchen,living,bedroom,bedroom,bedroom,living,bathroom,entry
10620,d07 Mon 09:00,kitchen,bedroom,kitchen,outside,bedroom,outside,living,bedroom,outside,outside,outside,bedroom,bedroom,bedroom,living,bathroom,outside
10680,d07 Mon 10:00,kitchen,bedroom,kitchen,entry,bedroom,kitchen,living,bedroom,entry,kitchen,bedroom,bedroom,bedroom,bedroom,living,bathroom,kitchen
10740,d07 Mon 11:00,kitchen,bedroom,kitchen,entry,bedroom,kitchen,living,bedroom,living,kitchen,living,bedroom,bedroom,bedroom,living,bathroom,entry
10800,d07 Mon 12:00,kitchen,bedroom,kitchen,entry,bedroom,kitchen,living,bedroom,living,kitchen,living,bedroom,bedroom,bedroom,living,bathroom,kitchen
10860,d07 Mon 13:00,kitchen,bedroom,kitchen,entry,bedroom,kitchen,living,bedroom,living,kitchen,living,bedroom,bedroom,bedroom,living,bathroom,kitchen
10920,d07 Mon 14:00,kitchen,bedroom,kitchen,outside,bedroom,outside,living,bedroom,outside,outside,outside,bedroom,bedroom,bedroom,living,bathroom,outside
10980,d07 Mon 15:00,kitchen,bedroom,kitchen,entry,bedroom,kitchen,living,bedroom,living,kitchen,bedroom,bedroom,bedroom,bedroom,living,bathroom,kitchen
11040,d07 Mon 16:00,kitchen,bedroom,kitchen,entry,bedroom,kitchen,living,bedroom,living,kitchen,bedroom,bedroom,bedroom,bedroom,living,bathroom,kitchen
11100,d07 Mon 17:00,kitchen,bedroom,kitchen,entry,bedroom,kitchen,living,bedroom,living,kitchen,bedroom,bedroom,bedroom,bedroom,living,bathroom,kitchen
11160,d07 Mon 18:00,kitchen,bedroom,kitchen,entry,bedroom,kitchen,living,bedroom,living,kitchen,bedroom,bedroom,bedroom,bedroom,living,bathroom,kitchen
11220,d07 Mon 19:00,kitchen,bedroom,kitchen,entry,bedroom,kitchen,living,bedroom,living,kitchen,bedroom,bedroom,bedroom,bedroom,living,bathroom,kitchen
11280,d07 Mon 20:00,kitchen,bedroom,kitchen,entry,bedroom,kitchen,living,bedroom,living,kitchen,bedroom,bedroom,bedroom,bedroom,living,bathroom,kitchen
11340,d07 Mon 21:00,kitchen,bedroom,kitchen,entry,bedroom,kitchen,living,bedroom,living,kitchen,bedroom,bedroom,bedroom,bedroom,living,bathroom,kitchen
11400,d07 Mon 22:00,kitchen,bedroom,kitchen,entry,bedroom,kitchen,living,bedroom,living,kitchen,bedroom,bedroom,bedroom,bedroom,living,bathroom,kitchen
11460,d07 Mon 23:00,kitchen,bedroom,kitchen,entry,bedroom,kitchen,living,bedroom,living,kitchen,bedroom,bedroom,bedroom,bedroom,living,bathroom,kitchen
11520,d08 Tue 00:00,kitchen,bedroom,kitchen,entry,bedroom,kitchen,living,bedroom,living,kitchen,bedroom,bedroom,bedroom,bedroom,living,bathroom,kitchen
11580,d08 Tue 01:00,kitchen,bedroom,kitchen,entry,bedroom,kitchen,living,bedroom,living,kitchen,bedroom,bedroom,bedroom,bedroom,living,bathroom,kitchen
11640,d08 Tue 02:00,kitchen,bedroom,kitchen,entry,bedroom,kitchen,living,bedroom,living,kitchen,bedroom,bedroom,bedroom,bedroom,living,bathroom,kitchen
11700,d08 Tue 03:00,kitchen,bedroom,kitchen,entry,bedroom,kitchen,living,bedroom,living,kitchen,bedroom,bedroom,bedroom,bedroom,living,bathroom,kitchen
11760,d08 Tue 04:00,kitchen,bedroom,kitchen,entry,bedroom,kitchen,living,bedroom,living,kitchen,bedroom,bedroom,bedroom,bedroom,living,bathroom,kitchen
11820,d08 Tue 05:00,kitchen,bedroom,kitchen,entry,bedroom,kitchen,living,bedroom,living,kitchen,bedroom,bedroom,bedroom,bedroom,living,bathroom,kitchen
11880,d08 Tue 06:00,kitchen,bedroom,kitchen,entry,bedroom,kitchen,living,bedroom,living,kitchen,bedroom,bedroom,bedroom,bedroom,living,bathroom,kitchen
11940,d08 Tue 07:00,kitchen,bedroom,kitchen,entry,bedroom,kitchen,living,bedroom,living,kitchen,bedroom,bedroom,bedroom,bedroom,living,bathroom,kitchen
12000,d08 Tue 08:00,kitchen,bedroom,kitchen,entry,bedroom,kitchen,living,bedroom,living,kitchen,bedroom,bedroom,bedroom,bedroom,living,bathroom,kitchen
12060,d08 Tue 09:00,kitchen,bedroom,kitchen,outside,bedroom,outside,living,bedroom,outside,outside,outside,bedroom,bedroom,bedroom,living,bathroom,outside
12120,d08 Tue 10:00,kitchen,bedroom,kitchen,outside,bedroom,outside,living,bedroom,outside,outside,outside,bedroom,bedroom,bedroom,living,bathroom,outside
12180,d08 Tue 11:00,kitchen,bedroom,kitchen,entry,bedroom,kitchen,living,bedroom,entry,kitchen,living,bedroom,bedroom,bedroom,living,bathroom,entry
12240,d08 Tue 12:00,kitchen,bedroom,kitchen,entry,bedroom,kitchen,living,bedroom,entry,kitchen,living,bedroom,bedroom,bedroom,living,bathroom,entry
12300,d08 Tue 13:00,kitchen,bedroom,kitchen,entry,bedroom,kitchen,living,bedroom,entry,kitchen,living,bedroom,bedroom,bedroom,living,bathroom,entry
12360,d08 Tue 14:00,kitchen,bedroom,kitchen,outside,bedroom,outside,living,bedroom,outside,outside,outside,bedroom,bedroom,bedroom,living,bathroom,outside
12420,d08 Tue 15:00,kitchen,bedroom,kitchen,entry,bedroom,kitchen,living,bedroom,entry,living,bedroom,bedroom,bedroom,bedroom,living,bathroom,kitchen
12480,d08 Tue 16:00,kitchen,bedroom,kitchen,entry,bedroom,kitchen,living,bedroom,entry,living,bedroom,bedroom,bedroom,bedroom,living,bathroom,kitchen
12540,d08 Tue 17:00,kitchen,bedroom,kitchen,entry,bedroom,kitchen,living,bedroom,entry,living,bedroom,bedroom,bedroom,bedroom,living,bathroom,kitchen
12600,d08 Tue 18:00,kitchen,bedroom,kitchen,entry,bedroom,kitchen,living,bedroom,entry,living,bedroom,bedroom,bedroom,bedroom,living,bathroom,kitchen
12660,d08 Tue 19:00,kitchen,bedroom,kitchen,entry,bedroom,kitchen,living,bedroom,entry,living,bedroom,bedroom,bedroom,bedroom,living,bathroom,kitchen
12720,d08 Tue 20:00,kitchen,bedroom,kitchen,entry,bedroom,kitchen,living,bedroom,entry,living,bedroom,bedroom,bedroom,bedroom,living,bathroom,kitchen
12780,d08 Tue 21:00,kitchen,bedroom,kitchen,entry,bedroom,kitchen,living,bedroom,entry,living,bedroom,bedroom,bedroom,bedroom,living,bathroom,kitchen
12840,d08 Tue 22:00,kitchen,bedroom,kitchen,entry,bedroom,kitchen,living,bedroom,entry,living,bedroom,bedroom,bedroom,bedroom,living,bathroom,kitchen
12900,d08 Tue 23:00,kitchen,bedroom,kitchen,entry,bedroom,kitchen,living,bedroom,entry,living,bedroom,bedroom,bedroom,bedroom,living,bathroom,kitchen
12960,d09 Wed 00:00,kitchen,bedroom,kitchen,entry,bedroom,kitchen,living,bedroom,entry,living,bedroom,bedroom,bedroom,bedroom,living,bathroom,kitchen
13020,d09 Wed 01:00,kitchen,bedroom,kitchen,entry,bedroom,kitchen,living,bedroom,entry,living,bedroom,bedroom,bedroom,bedroom,living,bathroom,kitchen
13080,d09 Wed 02:00,kitchen,bedroom,kitchen,entry,bedroom,kitchen,living,bedroom,entry,living,bedroom,bedroom,bedroom,bedroom,living,bathroom,kitchen
13140,d09 Wed 03:00,kitchen,bedroom,kitchen,entry,bedroom,kitchen,living,bedroom,entry,living,bedroom,bedroom,bedroom,bedroom,living,bathroom,kitchen
13200,d09 Wed 04:00,kitchen,bedroom,kitchen,entry,bedroom,kitchen,living,bedroom,entry,living,bedroom,bedroom,bedroom,bedroom,living,bathroom,kitchen
13260,d09 Wed 05:00,kitchen,bedroom,kitchen,entry,bedroom,kitchen,living,bedroom,entry,living,bedroom,bedroom,bedroom,bedroom,living,bathroom,kitchen
13320,d09 Wed 06:00,kitchen,bedroom,kitchen,entry,bedroom,kitchen,living,bedroom,entry,living,bedroom,bedroom,bedroom,bedroom,living,bathroom,kitchen
13380,d09 Wed 07:00,kitchen,bedroom,kitchen,entry,bedroom,kitchen,living,bedroom,entry,living,bedroom,bedroom,bedroom,bedroom,living,bathroom,kitchen
13440,d09 Wed 08:00,kitchen,bedroom,kitchen,entry,bedroom,kitchen,living,bedroom,entry,living,bedroom,bedroom,bedroom,bedroom,living,bathroom,kitchen
13500,d09 Wed 09:00,kitchen,bedroom,kitchen,outside,bedroom,outside,living,bedroom,outside,outside,outside,bedroom,bedroom,bedroom,living,bathroom,outside
13560,d09 Wed 10:00,kitchen,bedroom,kitchen,outside,bedroom,outside,living,bedroom,outside,outside,outside,bedroom,bedroom,bedroom,living,bathroom,outside
13620,d09 Wed 11:00,kitchen,bedroom,kitchen,entry,bedroom,kitchen,living,bedroom,entry,living,bedroom,bedroom,bedroom,bedroom,living,bathroom,kitchen
13680,d09 Wed 12:00,kitchen,bedroom,kitchen,entry,bedroom,kitchen,living,bedroom,entry,kitchen,living,bedroom,bedroom,bedroom,living,bathroom,kitchen
13740,d09 Wed 13:00,kitchen,bedroom,kitchen,entry,bedroom,kitchen,living,bedroom,entry,kitchen,living,bedroom,bedroom,bedroom,living,bathroom,kitchen
13800,d09 Wed 14:00,kitchen,bedroom,kitchen,entry,bedroom,kitchen,living,bedroom,entry,kitchen,living,bedroom,bedroom,bedroom,living,bathroom,kitchen
13860,d09 Wed 15:00,kitchen,bedroom,kitchen,outside,bedroom,outside,living,bedroom,outside,outside,outside,bedroom,bedroom,bedroom,living,bathroom,outside
13920,d09 Wed 16:00,kitchen,bedroom,kitchen,outside,bedroom,outside,living,bedroom,outside,outside,outside,bedroom,bedroom,bedroom,living,bathroom,outside
13980,d09 Wed 17:00,kitchen,bedroom,kitchen,outside,bedroom,outside,living,bedroom,outside,outside,outside,bedroom,bedroom,bedroom,living,bathroom,outside
14040,d09 Wed 18:00,kitchen,bedroom,kitchen,outside,bedroom,outside,living,bedroom,outside,outside,outside,bedroom,bedroom,bedroom,living,bathroom,outside
14100,d09 Wed 19:00,kitchen,bedroom,kitchen,entry,bedroom,kitchen,living,bedroom,living,kitchen,bedroom,bedroom,bedroom,bedroom,living,bathroom,kitchen
14160,d09 Wed 20:00,kitchen,bedroom,kitchen,entry,bedroom,kitchen,living,bedroom,living,kitchen,bedroom,bedroom,bedroom,bedroom,living,bathroom,kitchen
14220,d09 Wed 21:00,kitchen,bedroom,kitchen,entry,bedroom,kitchen,living,bedroom,living,kitchen,bedroom,bedroom,bedroom,bedroom,living,bathroom,kitchen
14280,d09 Wed 22:00,kitchen,bedroom,kitchen,entry,bedroom,kitchen,living,bedroom,living,kitchen,bedroom,bedroom,bedroom,bedroom,living,bathroom,kitchen
14340,d09 Wed 23:00,kitchen,bedroom,kitchen,entry,bedroom,kitchen,living,bedroom,living,kitchen,bedroom,bedroom,bedroom,bedroom,living,bathroom,kitchen
14400,d10 Thu 00:00,kitchen,bedroom,kitchen,entry,bedroom,kitchen,living,bedroom,living,kitchen,bedroom,bedroom,bedroom,bedroom,living,bathroom,kitchen
14460,d10 Thu 01:00,kitchen,bedroom,kitchen,entry,bedroom,kitchen,living,bedroom,living,kitchen,bedroom,bedroom,bedroom,bedroom,living,bathroom,kitchen
14520,d10 Thu 02:00,kitchen,bedroom,kitchen,entry,bedroom,kitchen,living,bedroom,living,kitchen,bedroom,bedroom,bedroom,bedroom,living,bathroom,kitchen
14580,d10 Thu 03:00,kitchen,bedroom,kitchen,entry,bedroom,kitchen,living,bedroom,living,kitchen,bedroom,bedroom,bedroom,bedroom,living,bathroom,kitchen
14640,d10 Thu 04:00,kitchen,bedroom,kitchen,entry,bedroom,kitchen,living,bedroom,living,kitchen,bedroom,bedroom,bedroom,bedroom,living,bathroom,kitchen
14700,d10 Thu 05:00,kitchen,bedroom,kitchen,entry,bedroom,kitchen,living,bedroom,living,kitchen,bedroom,bedroom,bedroom,bedroom,living,bathroom,kitchen
14760,d10 Thu 06:00,kitchen,bedroom,kitchen,entry,bedroom,kitchen,living,bedroom,living,kitchen,bedroom,bedroom,bedroom,bedroom,living,bathroom,kitchen
14820,d10 Thu 07:00,kitchen,bedroom,kitchen,entry,bedroom,kitchen,living,bedroom,living,kitchen,bedroom,bedroom,bedroom,bedroom,living,bathroom,kitchen
14880,d10 Thu 08:00,kitchen,bedroom,kitchen,entry,bedroom,kitchen,living,bedroom,entry,living,living,bedroom,bedroom,bedroom,living,bathroom,kitchen
14940,d10 Thu 09:00,kitchen,bedroom,kitchen,entry,bedroom,kitchen,living,bedroom,entry,living,living,bedroom,bedroom,bedroom,living,bathroom,kitchen
15000,d10 Thu 10:00,kitchen,bedroom,kitchen,entry,bedroom,kitchen,living,bedroom,entry,kitchen,bedroom,bedroom,bedroom,bedroom,living,bathroom,entry
15060,d10 Thu 11:00,kitchen,bedroom,kitchen,entry,bedroom,kitchen,living,bedroom,entry,kitchen,bedroom,bedroom,bedroom,bedroom,living,bathroom,entry
15120,d10 Thu 12:00,kitchen,bedroom,kitchen,entry,bedroom,kitchen,living,bedroom,entry,kitchen,bedroom,bedroom,bedroom,bedroom,living,bathroom,entry
15180,d10 Thu 13:00,kitchen,bedroom,kitchen,entry,bedroom,kitchen,living,bedroom,entry,kitchen,bedroom,bedroom,bedroom,bedroom,living,bathroom,entry
15240,d10 Thu 14:00,kitchen,bedroom,kitchen,entry,bedroom,kitchen,living,bedroom,entry,kitchen,bedroom,bedroom,bedroom,bedroom,living,bathroom,entry
15300,d10 Thu 15:00,kitchen,bedroom,kitchen,entry,bedroom,kitchen,living,bedroom,living,kitchen,bedroom,bedroom,bedroom,bedroom,living,bathroom,kitchen
15360,d10 Thu 16:00,kitchen,bedroom,kitchen,entry,bedroom,kitchen,living,bedroom,entry,kitchen,living,bedroom,bedroom,bedroom,living,bathroom,kitchen
15420,d10 Thu 17:00,kitchen,bedroom,kitchen,entry,bedroom,kitchen,living,bedroom,entry,kitchen,living,bedroom,bedroom,bedroom,living,bathroom,kitchen
15480,d10 Thu 18:00,kitchen,bedroom,kitchen,entry,bedroom,kitchen,living,bedroom,entry,kitchen,living,bedroom,bedroom,bedroom,living,bathroom,kitchen
15540,d10 Thu 19:00,kitchen,bedroom,kitchen,entry,bedroom,kitchen,living,bedroom,entry,kitchen,living,bedroom,bedroom,bedroom,living,bathroom,kitchen
15600,d10 Thu 20:00,kitchen,bedroom,kitchen,entry,bedroom,kitchen,living,bedroom,entry,kitchen,living,bedroom,bedroom,bedroom,living,bathroom,kitchen
15660,d10 Thu 21:00,kitchen,bedroom,kitchen,entry,bedroom,kitchen,living,bedroom,entry,kitchen,living,bedroom,bedroom,bedroom,living,bathroom,kitchen
15720,d10 Thu 22:00,kitchen,bedroom,kitchen,entry,bedroom,kitchen,living,bedroom,entry,kitchen,living,bedroom,bedroom,bedroom,living,bathroom,kitchen
15780,d10 Thu 23:00,kitchen,bedroom,kitchen,entry,bedroom,kitchen,living,bedroom,entry,kitchen,living,bedroom,bedroom,bedroom,living,bathroom,kitchen
15840,d11 Fri 00:00,kitchen,bedroom,kitchen,entry,bedroom,kitchen,living,bedroom,entry,kitchen,living,bedroom,bedroom,bedroom,living,bathroom,kitchen
15900,d11 Fri 01:00,kitchen,bedroom,kitchen,entry,bedroom,kitchen,living,bedroom,entry,kitchen,living,bedroom,bedroom,bedroom,living,bathroom,kitchen
15960,d11 Fri 02:00,kitchen,bedroom,kitchen,entry,bedroom,kitchen,living,bedroom,entry,kitchen,living,bedroom,bedroom,bedroom,living,bathroom,kitchen
16020,d11 Fri 03:00,kitchen,bedroom,kitchen,entry,bedroom,kitchen,living,bedroom,entry,kitchen,living,bedroom,bedroom,bedroom,living,bathroom,kitchen
16080,d11 Fri 04:00,kitchen,bedroom,kitchen,entry,bedroom,kitchen,living,bedroom,entry,kitchen,living,bedroom,bedroom,bedroom,living,bathroom,kitchen
16140,d11 Fri 05:00,kitchen,bedroom,kitchen,entry,bedroom,kitchen,living,bedroom,entry,kitchen,living,bedroom,bedroom,bedroom,living,bathroom,kitchen
16200,d11 Fri 06:00,kitchen,bedroom,kitchen,entry,bedroom,kitchen,living,bedroom,entry,kitchen,living,bedroom,bedroom,bedroom,living,bathroom,kitchen
16260,d11 Fri 07:00,kitchen,bedroom,kitchen,entry,bedroom,kitchen,living,bedroom,entry,kitchen,living,bedroom,bedroom,bedroom,living,bathroom,kitchen
16320,d11 Fri 08:00,kitchen,bedroom,kitchen,entry,bedroom,kitchen,living,bedroom,entry,kitchen,living,bedroom,bedroom,bedroom,living,bathroom,kitchen
16380,d11 Fri 09:00,kitchen,bedroom,kitchen,outside,bedroom,outside,living,bedroom,outside,outside,outside,bedroom,bedroom,bedroom,living,bathroom,outside
16440,d11 Fri 10:00,kitchen,bedroom,kitchen,outside,bedroom,outside,living,bedroom,outside,outside,outside,bedroom,bedroom,bedroom,living,bathroom,outside
16500,d11 Fri 11:00,kitchen,bedroom,kitchen,outside,bedroom,outside,living,bedroom,outside,outside,outside,bedroom,bedroom,bedroom,living,bathroom,outside
16560,d11 Fri 12:00,kitchen,bedroom,kitchen,entry,bedroom,kitchen,living,bedroom,living,living,bedroom,bedroom,bedroom,bedroom,living,bathroom,kitchen
16620,d11 Fri 13:00,kitchen,bedroom,kitchen,entry,bedroom,kitchen,living,bedroom,living,living,bedroom,bedroom,bedroom,bedroom,living,bathroom,kitchen
16680,d11 Fri 14:00,kitchen,bedroom,kitchen,entry,bedroom,kitchen,living,bedroom,living,living,bedroom,bedroom,bedroom,bedroom,living,bathroom,kitchen
16740,d11 Fri 15:00,kitchen,bedroom,kitchen,outside,bedroom,outside,living,bedroom,outside,outside,outside,bedroom,bedroom,bedroom,living,bathroom,outside
16800,d11 Fri 16:00,kitchen,bedroom,kitchen,entry,bedroom,kitchen,living,bedroom,entry,kitchen,living,bedroom,bedroom,bedroom,living,bathroom,kitchen
16860,d11 Fri 17:00,kitchen,bedroom,kitchen,entry,bedroom,kitchen,living,bedroom,entry,living,bedroom,bedroom,bedroom,bedroom,living,bathroom,kitchen
16920,d11 Fri 18:00,kitchen,bedroom,kitchen,entry,bedroom,kitchen,living,bedroom,entry,living,bedroom,bedroom,bedroom,bedroom,living,bathroom,kitchen
16980,d11 Fri 19:00,kitchen,bedroom,kitchen,entry,bedroom,kitchen,living,bedroom,entry,living,bedroom,bedroom,bedroom,bedroom,living,bathroom,kitchen
17040,d11 Fri 20:00,kitchen,bedroom,kitchen,entry,bedroom,kitchen,living,bedroom,entry,living,bedroom,bedroom,bedroom,bedroom,living,bathroom,kitchen
17100,d11 Fri 21:00,kitchen,bedroom,kitchen,entry,bedroom,kitchen,living,bedroom,entry,living,bedroom,bedroom,bedroom,bedroom,living,bathroom,kitchen
17160,d11 Fri 22:00,kitchen,bedroom,kitchen,entry,bedroom,kitchen,living,bedroom,entry,living,bedroom,bedroom,bedroom,bedroom,living,bathroom,kitchen
17220,d11 Fri 23:00,kitchen,bedroom,kitchen,entry,bedroom,kitchen,living,bedroom,entry,living,bedroom,bedroom,bedroom,bedroom,living,bathroom,kitchen
17280,d12 Sat 00:00,kitchen,bedroom,kitchen,entry,bedroom,kitchen,living,bedroom,entry,living,bedroom,bedroom,bedroom,bedroom,living,bathroom,kitchen
17340,d12 Sat 01:00,kitchen,bedroom,kitchen,entry,bedroom,kitchen,living,bedroom,entry,living,bedroom,bedroom,bedroom,bedroom,living,bathroom,kitchen
17400,d12 Sat 02:00,kitchen,bedroom,kitchen,entry,bedroom,kitchen,living,bedroom,entry,living,bedroom,bedroom,bedroom,bedroom,living,bathroom,kitchen
17460,d12 Sat 03:00,kitchen,bedroom,kitchen,entry,bedroom,kitchen,living,bedroom,entry,living,bedroom,bedroom,bedroom,bedroom,living,bathroom,kitchen
17520,d12 Sat 04:00,kitchen,bedroom,kitchen,entry,bedroom,kitchen,living,bedroom,entry,living,bedroom,bedroom,bedroom,bedroom,living,bathroom,kitchen
17580,d12 Sat 05:00,kitchen,bedroom,kitchen,entry,bedroom,kitchen,living,bedroom,entry,living,bedroom,bedroom,bedroom,bedroom,living,bathroom,kitchen
17640,d12 Sat 06:00,kitchen,bedroom,kitchen,entry,bedroom,kitchen,living,bedroom,entry,living,bedroom,bedroom,bedroom,bedroom,living,bathroom,kitchen
17700,d12 Sat 07:00,kitchen,bedroom,kitchen,entry,bedroom,kitchen,living,bedroom,entry,living,bedroom,bedroom,bedroom,bedroom,living,bathroom,kitchen
17760,d12 Sat 08:00,kitchen,bedroom,kitchen,entry,bedroom,kitchen,living,bedroom,entry,living,bedroom,bedroom,bedroom,bedroom,living,bathroom,kitchen
17820,d12 Sat 09:00,kitchen,bedroom,kitchen,entry,bedroom,kitchen,living,bedroom,entry,living,bedroom,bedroom,bedroom,bedroom,living,bathroom,kitchen
17880,d12 Sat 10:00,kitchen,bedroom,kitchen,outside,bedroom,outside,living,bedroom,outside,outside,outside,bedroom,bedroom,bedroom,living,bathroom,outside
17940,d12 Sat 11:00,kitchen,bedroom,kitchen,entry,bedroom,kitchen,living,bedroom,living,kitchen,bedroom,bedroom,bedroom,bedroom,living,bathroom,kitchen
18000,d12 Sat 12:00,kitchen,bedroom,kitchen,entry,bedroom,kitchen,living,bedroom,living,kitchen,bedroom,bedroom,bedroom,bedroom,living,bathroom,entry
18060,d12 Sat 13:00,kitchen,bedroom,kitchen,entry,bedroom,kitchen,living,bedroom,entry,living,bedroom,bedroom,bedroom,bedroom,living,bathroom,kitchen
18120,d12 Sat 14:00,kitchen,bedroom,kitchen,entry,bedroom,kitchen,living,bedroom,entry,living,bedroom,bedroom,bedroom,bedroom,living,bathroom,kitchen
18180,d12 Sat 15:00,kitchen,bedroom,kitchen,outside,bedroom,outside,living,bedroom,outside,outside,outside,bedroom,bedroom,bedroom,living,bathroom,outside
18240,d12 Sat 16:00,kitchen,bedroom,kitchen,outside,bedroom,outside,living,bedroom,outside,outside,outside,bedroom,bedroom,bedroom,living,bathroom,outside
18300,d12 Sat 17:00,kitchen,bedroom,kitchen,entry,bedroom,kitchen,living,bedroom,entry,living,living,bedroom,bedroom,bedroom,living,bathroom,entry
18360,d12 Sat 18:00,kitchen,bedroom,kitchen,entry,bedroom,kitchen,living,bedroom,entry,living,living,bedroom,bedroom,bedroom,living,bathroom,entry
18420,d12 Sat 19:00,kitchen,bedroom,kitchen,entry,bedroom,kitchen,living,bedroom,entry,living,living,bedroom,bedroom,bedroom,living,bathroom,entry
18480,d12 Sat 20:00,kitchen,bedroom,kitchen,entry,bedroom,kitchen,living,bedroom,entry,living,living,bedroom,bedroom,bedroom,living,bathroom,entry
18540,d12 Sat 21:00,kitchen,bedroom,kitchen,entry,bedroom,kitchen,living,bedroom,entry,living,living,bedroom,bedroom,bedroom,living,bathroom,entry
18600,d12 Sat 22:00,kitchen,bedroom,kitchen,entry,bedroom,kitchen,living,bedroom,entry,living,living,bedroom,bedroom,bedroom,living,bathroom,entry
18660,d12 Sat 23:00,kitchen,bedroom,kitchen,entry,bedroom,kitchen,living,bedroom,entry,living,living,bedroom,bedroom,bedroom,living,bathroom,entry
18720,d13 Sun 00:00,kitchen,bedroom,kitchen,entry,bedroom,kitchen,living,bedroom,entry,living,living,bedroom,bedroom,bedroom,living,bathroom,entry
18780,d13 Sun 01:00,kitchen,bedroom,kitchen,entry,bedroom,kitchen,living,bedroom,entry,living,living,bedroom,bedroom,bedroom,living,bathroom,entry
18840,d13 Sun 02:00,kitchen,bedroom,kitchen,entry,bedroom,kitchen,living,bedroom,entry,living,living,bedroom,bedroom,bedroom,living,bathroom,entry
18900,d13 Sun 03:00,kitchen,bedroom,kitchen,entry,bedroom,kitchen,living,bedroom,entry,living,living,bedroom,bedroom,bedroom,living,bathroom,entry
18960,d13 Sun 04:00,kitchen,bedroom,kitchen,entry,bedroom,kitchen,living,bedroom,entry,living,living,bedroom,bedroom,bedroom,living,bathroom,entry
19020,d13 Sun 05:00,kitchen,bedroom,kitchen,entry,bedroom,kitchen,living,bedroom,entry,living,living,bedroom,bedroom,bedroom,living,bathroom,entry
19080,d13 Sun 06:00,kitchen,bedroom,kitchen,entry,bedroom,kitchen,living,bedroom,entry,living,living,bedroom,bedroom,bedroom,living,bathroom,entry
19140,d13 Sun 07:00,kitchen,bedroom,kitchen,entry,bedroom,kitchen,living,bedroom,entry,living,living,bedroom,bedroom,bedroom,living,bathroom,entry
19200,d13 Sun 08:00,kitchen,bedroom,kitchen,entry,bedroom,kitchen,living,bedroom,entry,living,living,bedroom,bedroom,bedroom,living,bathroom,entry
19260,d13 Sun 09:00,kitchen,bedroom,kitchen,outside,bedroom,outside,living,bedroom,outside,outside,outside,bedroom,bedroom,bedroom,living,bathroom,outside
19320,d13 Sun 10:00,kitchen,bedroom,kitchen,outside,bedroom,outside,living,bedroom,outside,outside,outside,bedroom,bedroom,bedroom,living,bathroom,outside
19380,d13 Sun 11:00,kitchen,bedroom,kitchen,entry,bedroom,kitchen,living,bedroom,entry,kitchen,bedroom,bedroom,bedroom,bedroom,living,bathroom,kitchen
19440,d13 Sun 12:00,kitchen,bedroom,kitchen,entry,bedroom,kitchen,living,bedroom,entry,kitchen,bedroom,bedroom,bedroom,bedroom,living,bathroom,kitchen
19500,d13 Sun 13:00,kitchen,bedroom,kitchen,entry,bedroom,kitchen,living,bedroom,entry,kitchen,bedroom,bedroom,bedroom,bedroom,living,bathroom,kitchen
19560,d13 Sun 14:00,kitchen,bedroom,kitchen,entry,bedroom,kitchen,living,bedroom,entry,kitchen,bedroom,bedroom,bedroom,bedroom,living,bathroom,kitchen
19620,d13 Sun 15:00,kitchen,bedroom,kitchen,entry,bedroom,kitchen,living,bedroom,entry,kitchen,bedroom,bedroom,bedroom,bedroom,living,bathroom,kitchen
19680,d13 Sun 16:00,kitchen,bedroom,kitchen,entry,living,kitchen,living,bedroom,entry,entry,bedroom,bedroom,bedroom,bedroom,living,bathroom,kitchen
19740,d13 Sun 17:00,kitchen,bedroom,kitchen,entry,living,kitchen,living,bedroom,entry,entry,bedroom,bedroom,bedroom,bedroom,living,bathroom,kitchen
19800,d13 Sun 18:00,kitchen,bedroom,kitchen,entry,living,kitchen,living,bedroom,entry,entry,bedroom,bedroom,bedroom,bedroom,living,bathroom,kitchen
19860,d13 Sun 19:00,kitchen,bedroom,kitchen,entry,living,kitchen,living,bedroom,entry,entry,bedroom,bedroom,bedroom,bedroom,living,bathroom,kitchen
19920,d13 Sun 20:00,kitchen,bedroom,kitchen,entry,living,kitchen,living,bedroom,entry,entry,bedroom,bedroom,bedroom,bedroom,living,bathroom,kitchen
19980,d13 Sun 21:00,kitchen,bedroom,kitchen,entry,living,kitchen,living,bedroom,entry,entry,bedroom,bedroom,bedroom,bedroom,living,bathroom,kitchen
20040,d13 Sun 22:00,kitchen,bedroom,kitchen,entry,living,kitchen,living,bedroom,entry,entry,bedroom,bedroom,bedroom,bedroom,living,bathroom,kitchen
20100,d13 Sun 23:00,kitchen,bedroom,kitchen,entry,living,kitchen,living,bedroom,entry,entry,bedroom,bedroom,bedroom,bedroom,living,bathroom,kitchen
20160,d14 Mon 00:00,kitchen,bedroom,kitchen,entry,living,kitchen,living,bedroom,entry,entry,bedroom,bedroom,bedroom,bedroom,living,bathroom,kitchen
20220,d14 Mon 01:00,kitchen,bedroom,kitchen,entry,living,kitchen,living,bedroom,entry,entry,bedroom,bedroom,bedroom,bedroom,living,bathroom,kitchen
20280,d14 Mon 02:00,kitchen,bedroom,kitchen,entry,living,kitchen,living,bedroom,entry,entry,bedroom,bedroom,bedroom,bedroom,living,bathroom,kitchen
20340,d14 Mon 03:00,kitchen,bedroom,kitchen,entry,living,kitchen,living,bedroom,entry,entry,bedroom,bedroom,bedroom,bedroom,living,bathroom,kitchen
20400,d14 Mon 04:00,kitchen,bedroom,kitchen,entry,living,kitchen,living,bedroom,entry,entry,bedroom,bedroom,bedroom,bedroom,living,bathroom,kitchen
20460,d14 Mon 05:00,kitchen,bedroom,kitchen,entry,living,kitchen,living,bedroom,entry,entry,bedroom,bedroom,bedroom,bedroom,living,bathroom,kitchen
20520,d14 Mon 06:00,kitchen,bedroom,kitchen,entry,living,kitchen,living,bedroom,entry,entry,bedroom,bedroom,bedroom,bedroom,living,bathroom,kitchen
20580,d14 Mon 07:00,kitchen,bedroom,kitchen,entry,living,kitchen,living,bedroom,entry,entry,bedroom,bedroom,bedroom,bedroom,living,bathroom,kitchen
20640,d14 Mon 08:00,kitchen,bedroom,kitchen,entry,living,kitchen,living,bedroom,entry,entry,bedroom,bedroom,bedroom,bedroom,living,bathroom,kitchen
20700,d14 Mon 09:00,kitchen,bedroom,kitchen,outside,bedroom,outside,living,bedroom,outside,outside,outside,bedroom,bedroom,bedroom,living,bathroom,outside
20760,d14 Mon 10:00,kitchen,bedroom,kitchen,outside,bedroom,outside,living,bedroom,outside,outside,outside,bedroom,bedroom,bedroom,living,bathroom,outside
20820,d14 Mon 11:00,kitchen,bedroom,kitchen,entry,bedroom,kitchen,living,bedroom,entry,kitchen,bedroom,bedroom,bedroom,bedroom,living,bathroom,kitchen
20880,d14 Mon 12:00,kitchen,bedroom,kitchen,entry,bedroom,kitchen,living,bedroom,entry,kitchen,bedroom,bedroom,bedroom,bedroom,living,bathroom,kitchen
20940,d14 Mon 13:00,kitchen,bedroom,kitchen,entry,bedroom,kitchen,living,bedroom,entry,kitchen,bedroom,bedroom,bedroom,bedroom,living,bathroom,kitchen
21000,d14 Mon 14:00,kitchen,bedroom,kitchen,outside,bedroom,outside,living,bedroom,outside,outside,outside,bedroom,bedroom,bedroom,living,bathroom,outside
21060,d14 Mon 15:00,kitchen,bedroom,kitchen,entry,bedroom,kitchen,living,bedroom,entry,living,bedroom,bedroom,bedroom,bedroom,living,bathroom,kitchen
21120,d14 Mon 16:00,kitchen,bedroom,kitchen,entry,bedroom,kitchen,living,bedroom,entry,living,bedroom,bedroom,bedroom,bedroom,living,bathroom,kitchen
21180,d14 Mon 17:00,kitchen,bedroom,kitchen,entry,bedroom,kitchen,living,bedroom,living,living,living,bedroom,bedroom,bedroom,living,bathroom,entry
21240,d14 Mon 18:00,kitchen,bedroom,kitchen,entry,bedroom,kitchen,living,bedroom,living,living,living,bedroom,bedroom,bedroom,living,bathroom,entry
21300,d14 Mon 19:00,kitchen,bedroom,kitchen,entry,bedroom,kitchen,living,bedroom,living,living,living,bedroom,bedroom,bedroom,living,bathroom,entry
21360,d14 Mon 20:00,kitchen,bedroom,kitchen,entry,bedroom,kitchen,living,bedroom,living,living,living,bedroom,bedroom,bedroom,living,bathroom,entry
21420,d14 Mon 21:00,kitchen,bedroom,kitchen,entry,bedroom,kitchen,living,bedroom,living,living,living,bedroom,bedroom,bedroom,living,bathroom,entry
21480,d14 Mon 22:00,kitchen,bedroom,kitchen,entry,bedroom,kitchen,living,bedroom,living,living,living,bedroom,bedroom,bedroom,living,bathroom,entry
21540,d14 Mon 23:00,kitchen,bedroom,kitchen,entry,bedroom,kitchen,living,bedroom,living,living,living,bedroom,bedroom,bedroom,living,bathroom,entry
21600,d15 Tue 00:00,kitchen,bedroom,kitchen,entry,bedroom,kitchen,living,bedroom,living,living,living,bedroom,bedroom,bedroom,living,bathroom,entry
21660,d15 Tue 01:00,kitchen,bedroom,kitchen,entry,bedroom,kitchen,living,bedroom,living,living,living,bedroom,bedroom,bedroom,living,bathroom,entry
21720,d15 Tue 02:00,kitchen,bedroom,kitchen,entry,bedroom,kitchen,living,bedroom,living,living,living,bedroom,bedroom,bedroom,living,bathroom,entry
21780,d15 Tue 03:00,kitchen,bedroom,kitchen,entry,bedroom,kitchen,living,bedroom,living,living,living,bedroom,bedroom,bedroom,living,bathroom,entry
21840,d15 Tue 04:00,kitchen,bedroom,kitchen,entry,bedroom,kitchen,living,bedroom,living,living,living,bedroom,bedroom,bedroom,living,bathroom,entry
21900,d15 Tue 05:00,kitchen,bedroom,kitchen,entry,bedroom,kitchen,living,bedroom,living,living,living,bedroom,bedroom,bedroom,living,bathroom,entry
21960,d15 Tue 06:00,kitchen,bedroom,kitchen,entry,bedroom,kitchen,living,bedroom,living,living,living,bedroom,bedroom,bedroom,living,bathroom,entry
22020,d15 Tue 07:00,kitchen,bedroom,kitchen,entry,bedroom,kitchen,living,bedroom,living,living,living,bedroom,bedroom,bedroom,living,bathroom,entry
22080,d15 Tue 08:00,kitchen,bedroom,kitchen,entry,bedroom,kitchen,living,bedroom,living,living,living,bedroom,bedroom,bedroom,living,bathroom,entry
22140,d15 Tue 09:00,kitchen,bedroom,kitchen,outside,bedroom,outside,living,bedroom,outside,outside,outside,bedroom,bedroom,bedroom,living,bathroom,outside
22200,d15 Tue 10:00,kitchen,bedroom,kitchen,outside,bedroom,outside,living,bedroom,outside,outside,outside,bedroom,bedroom,bedroom,living,bathroom,outside
22260,d15 Tue 11:00,kitchen,bedroom,kitchen,entry,bedroom,kitchen,living,bedroom,entry,kitchen,bedroom,bedroom,bedroom,bedroom,living,bathroom,kitchen
22320,d15 Tue 12:00,kitchen,bedroom,kitchen,entry,bedroom,kitchen,living,bedroom,entry,kitchen,bedroom,bedroom,bedroom,bedroom,living,bathroom,kitchen
22380,d15 Tue 13:00,kitchen,bedroom,kitchen,entry,bedroom,kitchen,living,bedroom,entry,kitchen,bedroom,bedroom,bedroom,bedroom,living,bathroom,kitchen
22440,d15 Tue 14:00,kitchen,bedroom,kitchen,entry,bedroom,kitchen,living,bedroom,entry,kitchen,bedroom,bedroom,bedroom,bedroom,living,bathroom,kitchen
22500,d15 Tue 15:00,kitchen,bedroom,kitchen,entry,bedroom,kitchen,living,bedroom,living,kitchen,living,bedroom,bedroom,bedroom,living,bathroom,kitchen
22560,d15 Tue 16:00,kitchen,bedroom,kitchen,entry,bedroom,kitchen,living,bedroom,living,living,bedroom,bedroom,bedroom,bedroom,living,bathroom,kitchen
22620,d15 Tue 17:00,kitchen,bedroom,kitchen,entry,bedroom,kitchen,living,bedroom,entry,kitchen,bedroom,bedroom,bedroom,bedroom,living,bathroom,kitchen
22680,d15 Tue 18:00,kitchen,bedroom,kitchen,entry,bedroom,kitchen,living,bedroom,living,living,bedroom,bedroom,bedroom,bedroom,living,bathroom,entry
22740,d15 Tue 19:00,kitchen,bedroom,kitchen,entry,bedroom,kitchen,living,bedroom,living,living,bedroom,bedroom,bedroom,bedroom,living,bathroom,entry
22800,d15 Tue 20:00,kitchen,bedroom,kitchen,entry,bedroom,kitchen,living,bedroom,living,living,bedroom,bedroom,bedroom,bedroom,living,bathroom,entry
22860,d15 Tue 21:00,kitchen,bedroom,kitchen,entry,bedroom,kitchen,living,bedroom,living,living,bedroom,bedroom,bedroom,bedroom,living,bathroom,entry
22920,d15 Tue 22:00,kitchen,bedroom,kitchen,entry,bedroom,kitchen,living,bedroom,living,living,bedroom,bedroom,bedroom,bedroom,living,bathroom,entry
22980,d15 Tue 23:00,kitchen,bedroom,kitchen,entry,bedroom,kitchen,living,bedroom,living,living,bedroom,bedroom,bedroom,bedroom,living,bathroom,entry
23040,d16 Wed 00:00,kitchen,bedroom,kitchen,entry,bedroom,kitchen,living,bedroom,living,living,bedroom,bedroom,bedroom,bedroom,living,bathroom,entry
23100,d16 Wed 01:00,kitchen,bedroom,kitchen,entry,bedroom,kitchen,living,bedroom,living,living,bedroom,bedroom,bedroom,bedroom,living,bathroom,entry
23160,d16 Wed 02:00,kitchen,bedroom,kitchen,entry,bedroom,kitchen,living,bedroom,living,living,bedroom,bedroom,bedroom,bedroom,living,bathroom,entry
23220,d16 Wed 03:00,kitchen,bedroom,kitchen,entry,bedroom,kitchen,living,bedroom,living,living,bedroom,bedroom,bedroom,bedroom,living,bathroom,entry
23280,d16 Wed 04:00,kitchen,bedroom,kitchen,entry,bedroom,kitchen,living,bedroom,living,living,bedroom,bedroom,bedroom,bedroom,living,bathroom,entry
23340,d16 Wed 05:00,kitchen,bedroom,kitchen,entry,bedroom,kitchen,living,bedroom,living,living,bedroom,bedroom,bedroom,bedroom,living,bathroom,entry
23400,d16 Wed 06:00,kitchen,bedroom,kitchen,entry,bedroom,kitchen,living,bedroom,living,living,bedroom,bedroom,bedroom,bedroom,living,bathroom,entry
23460,d16 Wed 07:00,kitchen,bedroom,kitchen,entry,bedroom,kitchen,living,bedroom,living,living,bedroom,bedroom,bedroom,bedroom,living,bathroom,entry
23520,d16 Wed 08:00,kitchen,bedroom,kitchen,entry,bedroom,kitchen,living,bedroom,living,living,bedroom,bedroom,bedroom,bedroom,living,bathroom,entry
23580,d16 Wed 09:00,kitchen,bedroom,kitchen,entry,bedroom,kitchen,living,bedroom,living,living,bedroom,bedroom,bedroom,bedroom,living,bathroom,entry
23640,d16 Wed 10:00,kitchen,bedroom,kitchen,entry,bedroom,kitchen,living,bedroom,living,living,bedroom,bedroom,bedroom,bedroom,living,bathroom,entry
23700,d16 Wed 11:00,kitchen,bedroom,kitchen,entry,bedroom,kitchen,living,bedroom,living,living,bedroom,bedroom,bedroom,bedroom,living,bathroom,entry
23760,d16 Wed 12:00,kitchen,bedroom,kitchen,entry,bedroom,kitchen,living,bedroom,living,living,bedroom,bedroom,bedroom,bedroom,living,bathroom,entry
23820,d16 Wed 13:00,kitchen,bedroom,kitchen,entry,bedroom,kitchen,living,bedroom,living,living,bedroom,bedroom,bedroom,bedroom,living,bathroom,entry
23880,d16 Wed 14:00,kitchen,bedroom,kitchen,entry,bedroom,kitchen,living,bedroom,living,living,bedroom,bedroom,bedroom,bedroom,living,bathroom,entry
23940,d16 Wed 15:00,kitchen,bedroom,kitchen,entry,bedroom,kitchen,living,bedroom,living,living,bedroom,bedroom,bedroom,bedroom,living,bathroom,entry
24000,d16 Wed 16:00,kitchen,bedroom,kitchen,entry,bedroom,kitchen,living,bedroom,living,living,bedroom,bedroom,bedroom,bedroom,living,bathroom,entry
24060,d16 Wed 17:00,kitchen,bedroom,kitchen,entry,bedroom,kitchen,living,bedroom,living,living,bedroom,bedroom,bedroom,bedroom,living,bathroom,entry
24120,d16 Wed 18:00,kitchen,bedroom,kitchen,entry,bedroom,kitchen,living,bedroom,living,living,bedroom,bedroom,bedroom,bedroom,living,bathroom,entry
24180,d16 Wed 19:00,kitchen,bedroom,kitchen,entry,bedroom,kitchen,living,bedroom,living,living,bedroom,bedroom,bedroom,bedroom,living,bathroom,entry
24240,d16 Wed 20:00,kitchen,bedroom,kitchen,entry,bedroom,kitchen,living,bedroom,living,living,bedroom,bedroom,bedroom,bedroom,living,bathroom,entry
24300,d16 Wed 21:00,kitchen,bedroom,kitchen,entry,bedroom,kitchen,living,bedroom,living,living,bedroom,bedroom,bedroom,bedroom,living,bathroom,entry
24360,d16 Wed 22:00,kitchen,bedroom,kitchen,entry,bedroom,kitchen,living,bedroom,living,living,bedroom,bedroom,bedroom,bedroom,living,bathroom,entry
24420,d16 Wed 23:00,kitchen,bedroom,kitchen,entry,bedroom,kitchen,living,bedroom,living,living,bedroom,bedroom,bedroom,bedroom,living,bathroom,entry
24480,d17 Thu 00:00,kitchen,bedroom,kitchen,entry,bedroom,kitchen,living,bedroom,living,living,bedroom,bedroom,bedroom,bedroom,living,bathroom,entry
24540,d17 Thu 01:00,kitchen,bedroom,kitchen,entry,bedroom,kitchen,living,bedroom,living,living,bedroom,bedroom,bedroom,bedroom,living,bathroom,entry
24600,d17 Thu 02:00,kitchen,bedroom,kitchen,entry,bedroom,kitchen,living,bedroom,living,living,bedroom,bedroom,bedroom,bedroom,living,bathroom,entry
24660,d17 Thu 03:00,kitchen,bedroom,kitchen,entry,bedroom,kitchen,living,bedroom,living,living,bedroom,bedroom,bedroom,bedroom,living,bathroom,entry
24720,d17 Thu 04:00,kitchen,bedroom,kitchen,entry,bedroom,kitchen,living,bedroom,living,living,bedroom,bedroom,bedroom,bedroom,living,bathroom,entry
24780,d17 Thu 05:00,kitchen,bedroom,kitchen,entry,bedroom,kitchen,living,bedroom,living,living,bedroom,bedroom,bedroom,bedroom,living,bathroom,entry
24840,d17 Thu 06:00,kitchen,bedroom,kitchen,entry,bedroom,kitchen,living,bedroom,living,living,bedroom,bedroom,bedroom,bedroom,living,bathroom,entry
24900,d17 Thu 07:00,kitchen,bedroom,kitchen,entry,bedroom,kitchen,living,bedroom,living,living,bedroom,bedroom,bedroom,bedroom,living,bathroom,entry
24960,d17 Thu 08:00,kitchen,bedroom,kitchen,entry,bedroom,kitchen,living,bedroom,living,living,bedroom,bedroom,bedroom,bedroom,living,bathroom,entry
25020,d17 Thu 09:00,kitchen,bedroom,kitchen,entry,bedroom,kitchen,living,bedroom,living,living,bedroom,bedroom,bedroom,bedroom,living,bathroom,entry
25080,d17 Thu 10:00,kitchen,bedroom,kitchen,entry,bedroom,kitchen,living,bedroom,living,living,bedroom,bedroom,bedroom,bedroom,living,bathroom,entry
25140,d17 Thu 11:00,kitchen,bedroom,kitchen,entry,bedroom,kitchen,living,bedroom,living,living,bedroom,bedroom,bedroom,bedroom,living,bathroom,entry
25200,d17 Thu 12:00,kitchen,bedroom,kitchen,entry,bedroom,kitchen,living,bedroom,living,living,bedroom,bedroom,bedroom,bedroom,living,bathroom,entry
25260,d17 Thu 13:00,kitchen,bedroom,kitchen,entry,bedroom,kitchen,living,bedroom,living,living,bedroom,bedroom,bedroom,bedroom,living,bathroom,entry
25320,d17 Thu 14:00,kitchen,bedroom,kitchen,entry,bedroom,kitchen,living,bedroom,living,living,bedroom,bedroom,bedroom,bedroom,living,bathroom,entry
25380,d17 Thu 15:00,kitchen,bedroom,kitchen,entry,bedroom,kitchen,living,bedroom,living,living,bedroom,bedroom,bedroom,bedroom,living,bathroom,entry
25440,d17 Thu 16:00,kitchen,bedroom,kitchen,entry,bedroom,kitchen,living,bedroom,living,living,bedroom,bedroom,bedroom,bedroom,living,bathroom,entry
25500,d17 Thu 17:00,kitchen,bedroom,kitchen,entry,bedroom,kitchen,living,bedroom,living,living,bedroom,bedroom,bedroom,bedroom,living,bathroom,entry
25560,d17 Thu 18:00,kitchen,bedroom,kitchen,entry,bedroom,kitchen,living,bedroom,living,living,bedroom,bedroom,bedroom,bedroom,living,bathroom,entry
25620,d17 Thu 19:00,kitchen,bedroom,kitchen,entry,bedroom,kitchen,living,bedroom,living,living,bedroom,bedroom,bedroom,bedroom,living,bathroom,entry
25680,d17 Thu 20:00,kitchen,bedroom,kitchen,entry,bedroom,kitchen,living,bedroom,living,living,bedroom,bedroom,bedroom,bedroom,living,bathroom,entry
25740,d17 Thu 21:00,kitchen,bedroom,kitchen,entry,bedroom,kitchen,living,bedroom,living,living,bedroom,bedroom,bedroom,bedroom,living,bathroom,entry
25800,d17 Thu 22:00,kitchen,bedroom,kitchen,entry,bedroom,kitchen,living,bedroom,living,living,bedroom,bedroom,bedroom,bedroom,living,bathroom,entry
25860,d17 Thu 23:00,kitchen,bedroom,kitchen,entry,bedroom,kitchen,living,bedroom,living,living,bedroom,bedroom,bedroom,bedroom,living,bathroom,entry
25920,d18 Fri 00:00,kitchen,bedroom,kitchen,entry,bedroom,kitchen,living,bedroom,living,living,bedroom,bedroom,bedroom,bedroom,living,bathroom,entry
25980,d18 Fri 01:00,kitchen,bedroom,kitchen,entry,bedroom,kitchen,living,bedroom,living,living,bedroom,bedroom,bedroom,bedroom,living,bathroom,entry
26040,d18 Fri 02:00,kitchen,bedroom,kitchen,entry,bedroom,kitchen,living,bedroom,living,living,bedroom,bedroom,bedroom,bedroom,living,bathroom,entry
26100,d18 Fri 03:00,kitchen,bedroom,kitchen,entry,bedroom,kitchen,living,bedroom,living,living,bedroom,bedroom,bedroom,bedroom,living,bathroom,entry
26160,d18 Fri 04:00,kitchen,bedroom,kitchen,entry,bedroom,kitchen,living,bedroom,living,living,bedroom,bedroom,bedroom,bedroom,living,bathroom,entry
26220,d18 Fri 05:00,kitchen,bedroom,kitchen,entry,bedroom,kitchen,living,bedroom,living,living,bedroom,bedroom,bedroom,bedroom,living,bathroom,entry
26280,d18 Fri 06:00,kitchen,bedroom,kitchen,entry,bedroom,kitchen,living,bedroom,living,living,bedroom,bedroom,bedroom,bedroom,living,bathroom,entry
26340,d18 Fri 07:00,kitchen,bedroom,kitchen,entry,bedroom,kitchen,living,bedroom,living,living,bedroom,bedroom,bedroom,bedroom,living,bathroom,entry
26400,d18 Fri 08:00,kitchen,bedroom,kitchen,entry,bedroom,kitchen,living,bedroom,living,living,bedroom,bedroom,bedroom,bedroom,living,bathroom,entry
26460,d18 Fri 09:00,kitchen,bedroom,kitchen,entry,bedroom,kitchen,living,bedroom,living,living,bedroom,bedroom,bedroom,bedroom,living,bathroom,entry
26520,d18 Fri 10:00,kitchen,bedroom,kitchen,entry,bedroom,kitchen,living,bedroom,living,living,bedroom,bedroom,bedroom,bedroom,living,bathroom,entry
26580,d18 Fri 11:00,kitchen,bedroom,kitchen,entry,bedroom,kitchen,living,bedroom,living,living,bedroom,bedroom,bedroom,bedroom,living,bathroom,entry
26640,d18 Fri 12:00,kitchen,bedroom,kitchen,entry,bedroom,kitchen,living,bedroom,living,living,bedroom,bedroom,bedroom,bedroom,living,bathroom,entry
26700,d18 Fri 13:00,kitchen,bedroom,kitchen,entry,bedroom,kitchen,living,bedroom,living,living,bedroom,bedroom,bedroom,bedroom,living,bathroom,entry
26760,d18 Fri 14:00,kitchen,bedroom,kitchen,entry,bedroom,kitchen,living,bedroom,living,living,bedroom,bedroom,bedroom,bedroom,living,bathroom,entry
26820,d18 Fri 15:00,kitchen,bedroom,kitchen,entry,bedroom,kitchen,living,bedroom,living,living,bedroom,bedroom,bedroom,bedroom,living,bathroom,entry
26880,d18 Fri 16:00,kitchen,bedroom,kitchen,entry,bedroom,kitchen,living,bedroom,living,living,bedroom,bedroom,bedroom,bedroom,living,bathroom,entry
26940,d18 Fri 17:00,kitchen,bedroom,kitchen,entry,bedroom,kitchen,living,bedroom,living,living,bedroom,bedroom,bedroom,bedroom,living,bathroom,entry
27000,d18 Fri 18:00,kitchen,bedroom,kitchen,entry,bedroom,kitchen,living,bedroom,living,living,bedroom,bedroom,bedroom,bedroom,living,bathroom,entry
27060,d18 Fri 19:00,kitchen,bedroom,kitchen,entry,bedroom,kitchen,living,bedroom,living,living,bedroom,bedroom,bedroom,bedroom,living,bathroom,entry
27120,d18 Fri 20:00,kitchen,bedroom,kitchen,entry,bedroom,kitchen,living,bedroom,living,living,bedroom,bedroom,bedroom,bedroom,living,bathroom,entry
27180,d18 Fri 21:00,kitchen,bedroom,kitchen,entry,bedroom,kitchen,living,bedroom,living,living,bedroom,bedroom,bedroom,bedroom,living,bathroom,entry
27240,d18 Fri 22:00,kitchen,bedroom,kitchen,entry,bedroom,kitchen,living,bedroom,living,living,bedroom,bedroom,bedroom,bedroom,living,bathroom,entry
27300,d18 Fri 23:00,kitchen,bedroom,kitchen,entry,bedroom,kitchen,living,bedroom,living,living,bedroom,bedroom,bedroom,bedroom,living,bathroom,entry
27360,d19 Sat 00:00,kitchen,bedroom,kitchen,entry,bedroom,kitchen,living,bedroom,living,living,bedroom,bedroom,bedroom,bedroom,living,bathroom,entry
27420,d19 Sat 01:00,kitchen,bedroom,kitchen,entry,bedroom,kitchen,living,bedroom,living,living,bedroom,bedroom,bedroom,bedroom,living,bathroom,entry
27480,d19 Sat 02:00,kitchen,bedroom,kitchen,entry,bedroom,kitchen,living,bedroom,living,living,bedroom,bedroom,bedroom,bedroom,living,bathroom,entry
27540,d19 Sat 03:00,kitchen,bedroom,kitchen,entry,bedroom,kitchen,living,bedroom,living,living,bedroom,bedroom,bedroom,bedroom,living,bathroom,entry
27600,d19 Sat 04:00,kitchen,bedroom,kitchen,entry,bedroom,kitchen,living,bedroom,living,living,bedroom,bedroom,bedroom,bedroom,living,bathroom,entry
27660,d19 Sat 05:00,kitchen,bedroom,kitchen,entry,bedroom,kitchen,living,bedroom,living,living,bedroom,bedroom,bedroom,bedroom,living,bathroom,entry
27720,d19 Sat 06:00,kitchen,bedroom,kitchen,entry,bedroom,kitchen,living,bedroom,living,living,bedroom,bedroom,bedroom,bedroom,living,bathroom,entry
27780,d19 Sat 07:00,kitchen,bedroom,kitchen,entry,bedroom,kitchen,living,bedroom,living,living,bedroom,bedroom,bedroom,bedroom,living,bathroom,entry
27840,d19 Sat 08:00,kitchen,bedroom,kitchen,entry,bedroom,kitchen,living,bedroom,living,living,bedroom,bedroom,bedroom,bedroom,living,bathroom,entry
27900,d19 Sat 09:00,kitchen,bedroom,kitchen,entry,bedroom,kitchen,living,bedroom,living,living,bedroom,bedroom,bedroom,bedroom,living,bathroom,entry
27960,d19 Sat 10:00,kitchen,bedroom,kitchen,outside,bedroom,outside,living,bedroom,outside,outside,outside,bedroom,bedroom,bedroom,living,bathroom,outside
28020,d19 Sat 11:00,kitchen,bedroom,kitchen,entry,bedroom,kitchen,living,bedroom,entry,living,living,bedroom,bedroom,bedroom,living,bathroom,kitchen
28080,d19 Sat 12:00,kitchen,bedroom,kitchen,entry,bedroom,kitchen,living,bedroom,entry,living,bedroom,bedroom,bedroom,bedroom,living,bathroom,entry
28140,d19 Sat 13:00,kitchen,bedroom,kitchen,entry,bedroom,kitchen,living,bedroom,entry,living,bedroom,bedroom,bedroom,bedroom,living,bathroom,entry
28200,d19 Sat 14:00,kitchen,bedroom,kitchen,entry,bedroom,kitchen,living,bedroom,entry,entry,bedroom,bedroom,bedroom,bedroom,living,bathroom,kitchen
28260,d19 Sat 15:00,kitchen,bedroom,kitchen,outside,bedroom,outside,living,bedroom,outside,outside,outside,bedroom,bedroom,bedroom,living,bathroom,outside
28320,d19 Sat 16:00,kitchen,bedroom,kitchen,outside,bedroom,outside,living,bedroom,outside,outside,outside,bedroom,bedroom,bedroom,living,bathroom,outside
28380,d19 Sat 17:00,kitchen,bedroom,kitchen,entry,bedroom,kitchen,living,bedroom,entry,kitchen,living,bedroom,bedroom,bedroom,living,bathroom,entry
28440,d19 Sat 18:00,kitchen,bedroom,kitchen,entry,bedroom,kitchen,living,bedroom,entry,kitchen,living,bedroom,bedroom,bedroom,living,bathroom,entry
28500,d19 Sat 19:00,kitchen,bedroom,kitchen,entry,bedroom,kitchen,living,bedroom,entry,kitchen,living,bedroom,bedroom,bedroom,living,bathroom,entry
28560,d19 Sat 20:00,kitchen,bedroom,kitchen,entry,bedroom,kitchen,living,bedroom,entry,kitchen,living,bedroom,bedroom,bedroom,living,bathroom,entry
28620,d19 Sat 21:00,kitchen,bedroom,kitchen,entry,bedroom,kitchen,living,bedroom,entry,kitchen,living,bedroom,bedroom,bedroom,living,bathroom,entry
28680,d19 Sat 22:00,kitchen,bedroom,kitchen,entry,bedroom,kitchen,living,bedroom,entry,kitchen,living,bedroom,bedroom,bedroom,living,bathroom,entry
28740,d19 Sat 23:00,kitchen,bedroom,kitchen,entry,bedroom,kitchen,living,bedroom,entry,kitchen,living,bedroom,bedroom,bedroom,living,bathroom,entry
28800,d20 Sun 00:00,kitchen,bedroom,kitchen,entry,bedroom,kitchen,living,bedroom,entry,kitchen,living,bedroom,bedroom,bedroom,living,bathroom,entry
28860,d20 Sun 01:00,kitchen,bedroom,kitchen,entry,bedroom,kitchen,living,bedroom,entry,kitchen,living,bedroom,bedroom,bedroom,living,bathroom,entry
28920,d20 Sun 02:00,kitchen,bedroom,kitchen,entry,bedroom,kitchen,living,bedroom,entry,kitchen,living,bedroom,bedroom,bedroom,living,bathroom,entry
28980,d20 Sun 03:00,kitchen,bedroom,kitchen,entry,bedroom,kitchen,living,bedroom,entry,kitchen,living,bedroom,bedroom,bedroom,living,bathroom,entry
29040,d20 Sun 04:00,kitchen,bedroom,kitchen,entry,bedroom,kitchen,living,bedroom,entry,kitchen,living,bedroom,bedroom,bedroom,living,bathroom,entry
29100,d20 Sun 05:00,kitchen,bedroom,kitchen,entry,bedroom,kitchen,living,bedroom,entry,kitchen,living,bedroom,bedroom,bedroom,living,bathroom,entry
29160,d20 Sun 06:00,kitchen,bedroom,kitchen,entry,bedroom,kitchen,living,bedroom,entry,kitchen,living,bedroom,bedroom,bedroom,living,bathroom,entry
29220,d20 Sun 07:00,kitchen,bedroom,kitchen,entry,bedroom,kitchen,living,bedroom,entry,kitchen,living,bedroom,bedroom,bedroom,living,bathroom,entry
29280,d20 Sun 08:00,kitchen,bedroom,kitchen,entry,bedroom,kitchen,living,bedroom,entry,kitchen,living,bedroom,bedroom,bedroom,living,bathroom,entry
29340,d20 Sun 09:00,kitchen,bedroom,kitchen,entry,bedroom,kitchen,living,bedroom,entry,kitchen,living,bedroom,bedroom,bedroom,living,bathroom,entry
29400,d20 Sun 10:00,kitchen,bedroom,kitchen,entry,bedroom,kitchen,living,bedroom,entry,kitchen,living,bedroom,bedroom,bedroom,living,bathroom,entry
29460,d20 Sun 11:00,kitchen,bedroom,kitchen,entry,bedroom,kitchen,living,bedroom,entry,kitchen,living,bedroom,bedroom,bedroom,living,bathroom,entry
29520,d20 Sun 12:00,kitchen,bedroom,kitchen,entry,bedroom,kitchen,living,bedroom,entry,kitchen,living,bedroom,bedroom,bedroom,living,bathroom,entry
29580,d20 Sun 13:00,kitchen,bedroom,kitchen,entry,bedroom,kitchen,living,bedroom,entry,kitchen,living,bedroom,bedroom,bedroom,living,bathroom,entry
29640,d20 Sun 14:00,kitchen,bedroom,kitchen,entry,bedroom,kitchen,living,bedroom,entry,kitchen,living,bedroom,bedroom,bedroom,living,bathroom,entry
29700,d20 Sun 15:00,kitchen,bedroom,kitchen,entry,bedroom,kitchen,living,bedroom,entry,kitchen,living,bedroom,bedroom,bedroom,living,bathroom,entry
29760,d20 Sun 16:00,kitchen,bedroom,kitchen,entry,bedroom,kitchen,living,bedroom,entry,kitchen,living,bedroom,bedroom,bedroom,living,bathroom,entry
29820,d20 Sun 17:00,kitchen,bedroom,kitchen,entry,bedroom,kitchen,living,bedroom,entry,kitchen,living,bedroom,bedroom,bedroom,living,bathroom,entry
29880,d20 Sun 18:00,kitchen,bedroom,kitchen,entry,bedroom,kitchen,living,bedroom,entry,kitchen,living,bedroom,bedroom,bedroom,living,bathroom,entry
29940,d20 Sun 19:00,kitchen,bedroom,kitchen,entry,living,kitchen,living,bedroom,entry,entry,living,bedroom,bedroom,bedroom,living,bathroom,entry
30000,d20 Sun 20:00,kitchen,bedroom,kitchen,entry,living,kitchen,living,bedroom,entry,entry,living,bedroom,bedroom,bedroom,living,bathroom,entry
30060,d20 Sun 21:00,kitchen,bedroom,kitchen,entry,living,kitchen,living,bedroom,entry,entry,living,bedroom,bedroom,bedroom,living,bathroom,entry
30120,d20 Sun 22:00,kitchen,bedroom,kitchen,entry,living,kitchen,living,bedroom,entry,entry,living,bedroom,bedroom,bedroom,living,bathroom,entry
30180,d20 Sun 23:00,kitchen,bedroom,kitchen,entry,living,kitchen,living,bedroom,entry,entry,living,bedroom,bedroom,bedroom,living,bathroom,entry
