t,stamp,mug_1,blanket_1,phone_1,keys_1,laptop_1,water_bottle_1,jacket_1,book_1,remote_1,glasses_1,notebook_1,hairbrush_1,medication_bottle_1
0,d00 Mon 00:00,kitchen,living,kitchen,entry,kitchen,bedroom,bedroom,living,living,kitchen,kitchen,bathroom,bedroom
60,d00 Mon 01:00,kitchen,living,kitchen,entry,kitchen,bedroom,bedroom,living,living,kitchen,kitchen,bathroom,bedroom
120,d00 Mon 02:00,kitchen,living,kitchen,entry,kitchen,bedroom,bedroom,living,living,kitchen,kitchen,bathroom,bedroom
180,d00 Mon 03:00,kitchen,living,kitchen,entry,kitchen,bedroom,bedroom,living,living,kitchen,kitchen,bathroom,bedroom
240,d00 Mon 04:00,kitchen,living,kitchen,entry,kitchen,bedroom,bedroom,living,living,kitchen,kitchen,bathroom,bedroom
300,d00 Mon 05:00,kitchen,living,kitchen,entry,kitchen,bedroom,bedroom,living,living,kitchen,kitchen,bathroom,bedroom
360,d00 Mon 06:00,kitchen,living,kitchen,entry,kitchen,bedroom,bedroom,living,living,kitchen,kitchen,bathroom,bedroom
420,d00 Mon 07:00,kitchen,living,outside,outside,kitchen,bedroom,outside,living,living,kitchen,kitchen,bathroom,bedroom
480,d00 Mon 08:00,kitchen,living,kitchen,entry,kitchen,bedroom,entry,living,living,kitchen,kitchen,bathroom,bathroom
540,d00 Mon 09:00,kitchen,living,kitchen,entry,kitchen,bedroom,entry,bedroom,living,kitchen,kitchen,bathroom,bedroom
600,d00 Mon 10:00,kitchen,living,kitchen,entry,kitchen,bedroom,entry,bedroom,living,kitchen,kitchen,bathroom,bedroom
660,d00 Mon 11:00,kitchen,living,kitchen,entry,kitchen,bedroom,entry,bedroom,living,kitchen,kitchen,bathroom,bedroom
720,d00 Mon 12:00,kitchen,living,kitchen,entry,kitchen,bedroom,entry,bedroom,living,kitchen,kitchen,bathroom,bedroom
780,d00 Mon 13:00,kitchen,living,kitchen,entry,kitchen,bedroom,entry,bedroom,living,kitchen,kitchen,bathroom,bedroom
840,d00 Mon 14:00,kitchen,living,kitchen,entry,kitchen,bedroom,entry,bedroom,living,kitchen,kitchen,bathroom,bedroom
900,d00 Mon 15:00,kitchen,living,kitchen,entry,kitchen,bedroom,entry,bedroom,living,kitchen,kitchen,bathroom,bedroom
960,d00 Mon 16:00,kitchen,living,kitchen,entry,kitchen,bedroom,entry,bedroom,living,kitchen,kitchen,bathroom,bedroom
1020,d00 Mon 17:00,kitchen,living,kitchen,entry,kitchen,kitchen,entry,living,living,kitchen,kitchen,bathroom,bedroom
1080,d00 Mon 18:00,kitchen,living,kitchen,entry,kitchen,bedroom,entry,living,living,kitchen,kitchen,bathroom,bedroom
1140,d00 Mon 19:00,kitchen,living,outside,outside,kitchen,kitchen,bedroom,living,living,kitchen,kitchen,bathroom,bedroom
1200,d00 Mon 20:00,kitchen,living,entry,entry,kitchen,kitchen,bedroom,living,living,kitchen,kitchen,bathroom,bedroom
1260,d00 Mon 21:00,kitchen,living,entry,entry,kitchen,kitchen,bedroom,living,living,kitchen,kitchen,bathroom,bedroom
1320,d00 Mon 22:00,kitchen,living,entry,entry,kitchen,kitchen,bedroom,living,living,kitchen,kitchen,bathroom,bedroom
1380,d00 Mon 23:00,kitchen,living,entry,entry,kitchen,kitchen,bedroom,living,living,kitchen,kitchen,bathroom,bedroom
1440,d01 Tue 00:00,kitchen,living,entry,entry,kitchen,kitchen,bedroom,living,living,kitchen,kitchen,bathroom,bedroom
1500,d01 Tue 01:00,kitchen,living,entry,entry,kitchen,kitchen,bedroom,living,living,kitchen,kitchen,bathroom,bedroom
1560,d01 Tue 02:00,kitchen,living,entry,entry,kitchen,kitchen,bedroom,living,living,kitchen,kitchen,bathroom,bedroom
1620,d01 Tue 03:00,kitchen,living,entry,entry,kitchen,kitchen,bedroom,living,living,kitchen,kitchen,bathroom,bedroom
1680,d01 Tue 04:00,kitchen,living,entry,entry,kitchen,kitchen,bedroom,living,living,kitchen,kitchen,bathroom,bedroom
1740,d01 Tue 05:00,kitchen,living,entry,entry,kitchen,kitchen,bedroom,living,living,kitchen,kitchen,bathroom,bedroom
1800,d01 Tue 06:00,kitchen,living,entry,entry,kitchen,kitchen,bedroom,living,living,kitchen,kitchen,bathroom,bedroom
1860,d01 Tue 07:00,kitchen,living,entry,entry,kitchen,kitchen,bedroom,living,living,kitchen,kitchen,bathroom,bedroom
1920,d01 Tue 08:00,kitchen,living,bedroom,entry,kitchen,kitchen,entry,living,living,kitchen,kitchen,bathroom,bathroom
1980,d01 Tue 09:00,kitchen,living,bedroom,entry,kitchen,kitchen,entry,living,living,kitchen,kitchen,bathroom,bathroom
2040,d01 Tue 10:00,kitchen,living,bedroom,entry,kitchen,kitchen,entry,living,living,kitchen,kitchen,bathroom,bathroom
2100,d01 Tue 11:00,kitchen,living,bedroom,entry,kitchen,kitchen,entry,living,living,kitchen,kitchen,bathroom,bathroom
2160,d01 Tue 12:00,kitchen,living,bedroom,entry,kitchen,kitchen,entry,living,living,kitchen,kitchen,bathroom,bathroom
2220,d01 Tue 13:00,kitchen,living,bedroom,entry,kitchen,kitchen,entry,living,living,kitchen,kitchen,bathroom,bathroom
2280,d01 Tue 14:00,kitchen,living,bedroom,entry,kitchen,kitchen,entry,living,living,kitchen,kitchen,bathroom,bathroom
2340,d01 Tue 15:00,kitchen,living,bedroom,entry,kitchen,kitchen,entry,living,living,kitchen,kitchen,bathroom,bathroom
2400,d01 Tue 16:00,kitchen,living,bedroom,entry,kitchen,kitchen,entry,living,living,kitchen,kitchen,bathroom,bathroom
2460,d01 Tue 17:00,kitchen,living,bedroom,entry,kitchen,kitchen,entry,living,living,kitchen,kitchen,bathroom,bathroom
2520,d01 Tue 18:00,kitchen,living,bedroom,entry,kitchen,bedroom,entry,living,living,kitchen,kitchen,bathroom,bathroom
2580,d01 Tue 19:00,kitchen,living,outside,outside,kitchen,bedroom,outside,living,living,kitchen,kitchen,bathroom,bathroom
2640,d01 Tue 20:00,kitchen,living,kitchen,entry,kitchen,bedroom,entry,living,kitchen,kitchen,kitchen,bathroom,bathroom
2700,d01 Tue 21:00,kitchen,living,kitchen,entry,kitchen,bedroom,entry,living,kitchen,kitchen,kitchen,bathroom,bathroom
2760,d01 Tue 22:00,kitchen,living,kitchen,entry,kitchen,bedroom,entry,living,kitchen,kitchen,kitchen,bathroom,bathroom
2820,d01 Tue 23:00,kitchen,living,kitchen,entry,kitchen,bedroom,entry,living,kitchen,kitchen,kitchen,bathroom,bathroom
2880,d02 Wed 00:00,kitchen,living,kitchen,entry,kitchen,bedroom,entry,living,kitchen,kitchen,kitchen,bathroom,bathroom
2940,d02 Wed 01:00,kitchen,living,kitchen,entry,kitchen,bedroom,entry,living,kitchen,kitchen,kitchen,bathroom,bathroom
3000,d02 Wed 02:00,kitchen,living,kitchen,entry,kitchen,bedroom,entry,living,kitchen,kitchen,kitchen,bathroom,bathroom
3060,d02 Wed 03:00,kitchen,living,kitchen,entry,kitchen,bedroom,entry,living,kitchen,kitchen,kitchen,bathroom,bathroom
3120,d02 Wed 04:00,kitchen,living,kitchen,entry,kitchen,bedroom,entry,living,kitchen,kitchen,kitchen,bathroom,bathroom
3180,d02 Wed 05:00,kitchen,living,kitchen,entry,kitchen,bedroom,entry,living,kitchen,kitchen,kitchen,bathroom,bathroom
3240,d02 Wed 06:00,kitchen,living,kitchen,entry,kitchen,bedroom,entry,living,kitchen,kitchen,kitchen,bathroom,bathroom
3300,d02 Wed 07:00,kitchen,living,outside,outside,kitchen,bedroom,outside,living,kitchen,kitchen,kitchen,bathroom,bathroom
3360,d02 Wed 08:00,kitchen,living,kitchen,entry,kitchen,bedroom,bedroom,living,kitchen,kitchen,kitchen,bathroom,bathroom
3420,d02 Wed 09:00,kitchen,living,kitchen,entry,kitchen,bedroom,bedroom,living,kitchen,kitchen,kitchen,bathroom,bedroom
3480,d02 Wed 10:00,kitchen,living,kitchen,entry,kitchen,bedroom,bedroom,living,kitchen,kitchen,kitchen,bathroom,bedroom
3540,d02 Wed 11:00,kitchen,living,kitchen,entry,kitchen,bedroom,bedroom,living,kitchen,kitchen,kitchen,bathroom,bedroom
3600,d02 Wed 12:00,kitchen,living,kitchen,entry,kitchen,bedroom,bedroom,living,kitchen,kitchen,kitchen,bathroom,bedroom
3660,d02 Wed 13:00,kitchen,living,kitchen,entry,kitchen,bedroom,bedroom,living,kitchen,kitchen,kitchen,bathroom,bedroom
3720,d02 Wed 14:00,kitchen,living,kitchen,entry,kitchen,bedroom,bedroom,living,kitchen,kitchen,kitchen,bathroom,bedroom
3780,d02 Wed 15:00,kitchen,living,kitchen,entry,kitchen,bedroom,bedroom,living,kitchen,kitchen,kitchen,bathroom,bedroom
3840,d02 Wed 16:00,kitchen,living,kitchen,entry,kitchen,bedroom,bedroom,living,kitchen,kitchen,kitchen,bathroom,bedroom
3900,d02 Wed 17:00,kitchen,living,kitchen,entry,kitchen,bedroom,bedroom,living,kitchen,bedroom,kitchen,bathroom,bedroom
3960,d02 Wed 18:00,kitchen,living,kitchen,entry,kitchen,kitchen,bedroom,living,living,kitchen,kitchen,bathroom,bedroom
4020,d02 Wed 19:00,kitchen,living,outside,entry,kitchen,bedroom,outside,living,living,kitchen,kitchen,bathroom,bedroom
4080,d02 Wed 20:00,kitchen,living,entry,entry,kitchen,bedroom,bedroom,living,living,kitchen,kitchen,bathroom,bedroom
4140,d02 Wed 21:00,kitchen,living,entry,entry,kitchen,bedroom,bedroom,living,living,kitchen,kitchen,bathroom,bedroom
4200,d02 Wed 22:00,kitchen,living,entry,entry,kitchen,bedroom,bedroom,living,living,kitchen,kitchen,bathroom,bedroom
4260,d02 Wed 23:00,kitchen,living,entry,entry,kitchen,bedroom,bedroom,living,living,kitchen,kitchen,bathroom,bedroom
4320,d03 Thu 00:00,kitchen,living,entry,entry,kitchen,bedroom,bedroom,living,living,kitchen,kitchen,bathroom,bedroom
4380,d03 Thu 01:00,kitchen,living,entry,entry,kitchen,bedroom,bedroom,living,living,kitchen,kitchen,bathroom,bedroom
4440,d03 Thu 02:00,kitchen,living,entry,entry,kitchen,bedroom,bedroom,living,living,kitchen,kitchen,bathroom,bedroom
4500,d03 Thu 03:00,kitchen,living,entry,entry,kitchen,bedroom,bedroom,living,living,kitchen,kitchen,bathroom,bedroom
4560,d03 Thu 04:00,kitchen,living,entry,entry,kitchen,bedroom,bedroom,living,living,kitchen,kitchen,bathroom,bedroom
4620,d03 Thu 05:00,kitchen,living,entry,entry,kitchen,bedroom,bedroom,living,living,kitchen,kitchen,bathroom,bedroom
4680,d03 Thu 06:00,kitchen,living,entry,entry,kitchen,bedroom,bedroom,living,living,kitchen,kitchen,bathroom,bedroom
4740,d03 Thu 07:00,kitchen,living,entry,entry,kitchen,bedroom,bedroom,living,living,kitchen,kitchen,bathroom,bedroom
4800,d03 Thu 08:00,kitchen,living,kitchen,entry,kitchen,bedroom,entry,living,living,kitchen,kitchen,bathroom,bathroom
4860,d03 Thu 09:00,kitchen,living,kitchen,entry,kitchen,bedroom,entry,living,living,kitchen,kitchen,bathroom,bathroom
4920,d03 Thu 10:00,kitchen,living,kitchen,entry,kitchen,bedroom,entry,living,living,kitchen,kitchen,bathroom,bathroom
4980,d03 Thu 11:00,kitchen,living,kitchen,entry,kitchen,bedroom,entry,living,living,kitchen,kitchen,bathroom,bathroom
5040,d03 Thu 12:00,kitchen,living,kitchen,entry,kitchen,bedroom,entry,living,living,kitchen,kitchen,bathroom,bathroom
5100,d03 Thu 13:00,kitchen,living,kitchen,entry,kitchen,bedroom,entry,living,living,kitchen,kitchen,bathroom,bathroom
5160,d03 Thu 14:00,kitchen,living,kitchen,entry,kitchen,bedroom,entry,living,living,kitchen,kitchen,bathroom,bathroom
5220,d03 Thu 15:00,kitchen,living,kitchen,entry,kitchen,bedroom,entry,living,living,kitchen,kitchen,bathroom,bathroom
5280,d03 Thu 16:00,kitchen,living,kitchen,entry,kitchen,bedroom,entry,living,living,kitchen,kitchen,bathroom,bathroom
5340,d03 Thu 17:00,kitchen,living,kitchen,entry,kitchen,kitchen,entry,living,living,kitchen,kitchen,bathroom,bathroom
5400,d03 Thu 18:00,kitchen,living,kitchen,entry,kitchen,bedroom,bedroom,living,living,kitchen,kitchen,bathroom,bathroom
5460,d03 Thu 19:00,kitchen,living,outside,entry,kitchen,bedroom,bedroom,living,living,kitchen,kitchen,bathroom,bathroom
5520,d03 Thu 20:00,kitchen,living,entry,entry,kitchen,bedroom,entry,living,living,kitchen,kitchen,bathroom,bathroom
5580,d03 Thu 21:00,kitchen,living,entry,entry,kitchen,bedroom,entry,living,living,kitchen,kitchen,bathroom,bathroom
5640,d03 Thu 22:00,kitchen,living,entry,entry,kitchen,bedroom,entry,living,living,kitchen,kitchen,bathroom,bathroom
5700,d03 Thu 23:00,kitchen,living,entry,entry,kitchen,bedroom,entry,living,living,kitchen,kitchen,bathroom,bathroom
5760,d04 Fri 00:00,kitchen,living,entry,entry,kitchen,bedroom,entry,living,living,kitchen,kitchen,bathroom,bathroom
5820,d04 Fri 01:00,kitchen,living,entry,entry,kitchen,bedroom,entry,living,living,kitchen,kitchen,bathroom,bathroom
5880,d04 Fri 02:00,kitchen,living,entry,entry,kitchen,bedroom,entry,living,living,kitchen,kitchen,bathroom,bathroom
5940,d04 Fri 03:00,kitchen,living,entry,entry,kitchen,bedroom,entry,living,living,kitchen,kitchen,bathroom,bathroom
6000,d04 Fri 04:00,kitchen,living,entry,entry,kitchen,bedroom,entry,living,living,kitchen,kitchen,bathroom,bathroom
6060,d04 Fri 05:00,kitchen,living,entry,entry,kitchen,bedroom,entry,living,living,kitchen,kitchen,bathroom,bathroom
6120,d04 Fri 06:00,kitchen,living,entry,entry,kitchen,bedroom,entry,living,living,kitchen,kitchen,bathroom,bathroom
6180,d04 Fri 07:00,kitchen,living,outside,outside,kitchen,bedroom,outside,living,living,kitchen,kitchen,bathroom,bathroom
6240,d04 Fri 08:00,kitchen,living,bedroom,entry,kitchen,bedroom,bedroom,living,kitchen,kitchen,kitchen,bathroom,bathroom
6300,d04 Fri 09:00,kitchen,living,bedroom,entry,kitchen,bedroom,bedroom,living,kitchen,kitchen,kitchen,bathroom,bathroom
6360,d04 Fri 10:00,kitchen,living,bedroom,entry,kitchen,bedroom,bedroom,living,kitchen,kitchen,kitchen,bathroom,bathroom
6420,d04 Fri 11:00,kitchen,living,bedroom,entry,kitchen,bedroom,bedroom,living,kitchen,kitchen,kitchen,bathroom,bathroom
6480,d04 Fri 12:00,kitchen,living,bedroom,entry,kitchen,bedroom,bedroom,living,kitchen,kitchen,kitchen,bathroom,bathroom
6540,d04 Fri 13:00,kitchen,living,bedroom,entry,kitchen,bedroom,bedroom,living,kitchen,kitchen,kitchen,bathroom,bathroom
6600,d04 Fri 14:00,kitchen,living,bedroom,entry,kitchen,bedroom,bedroom,living,kitchen,kitchen,kitchen,bathroom,bathroom
6660,d04 Fri 15:00,kitchen,living,bedroom,entry,kitchen,bedroom,bedroom,living,kitchen,kitchen,kitchen,bathroom,bathroom
6720,d04 Fri 16:00,kitchen,living,bedroom,entry,kitchen,bedroom,bedroom,living,kitchen,kitchen,kitchen,bathroom,bathroom
6780,d04 Fri 17:00,kitchen,living,bedroom,entry,kitchen,bedroom,bedroom,living,kitchen,bedroom,kitchen,bathroom,bedroom
6840,d04 Fri 18:00,kitchen,living,bedroom,entry,kitchen,kitchen,bedroom,living,kitchen,bedroom,kitchen,bathroom,bedroom
6900,d04 Fri 19:00,kitchen,living,outside,entry,kitchen,kitchen,bedroom,living,kitchen,bedroom,kitchen,bathroom,bedroom
6960,d04 Fri 20:00,kitchen,living,kitchen,entry,kitchen,kitchen,bedroom,living,kitchen,bedroom,kitchen,bathroom,bedroom
7020,d04 Fri 21:00,kitchen,living,kitchen,entry,kitchen,kitchen,bedroom,living,kitchen,bedroom,kitchen,bathroom,bedroom
7080,d04 Fri 22:00,kitchen,living,kitchen,entry,kitchen,kitchen,bedroom,living,kitchen,bedroom,kitchen,bathroom,bedroom
7140,d04 Fri 23:00,kitchen,living,kitchen,entry,kitchen,kitchen,bedroom,living,kitchen,bedroom,kitchen,bathroom,bedroom
7200,d05 Sat 00:00,kitchen,living,kitchen,entry,kitchen,kitchen,bedroom,living,kitchen,bedroom,kitchen,bathroom,bedroom
7260,d05 Sat 01:00,kitchen,living,kitchen,entry,kitchen,kitchen,bedroom,living,kitchen,bedroom,kitchen,bathroom,bedroom
7320,d05 Sat 02:00,kitchen,living,kitchen,entry,kitchen,kitchen,bedroom,living,kitchen,bedroom,kitchen,bathroom,bedroom
7380,d05 Sat 03:00,kitchen,living,kitchen,entry,kitchen,kitchen,bedroom,living,kitchen,bedroom,kitchen,bathroom,bedroom
7440,d05 Sat 04:00,kitchen,living,kitchen,entry,kitchen,kitchen,bedroom,living,kitchen,bedroom,kitchen,bathroom,bedroom
7500,d05 Sat 05:00,kitchen,living,kitchen,entry,kitchen,kitchen,bedroom,living,kitchen,bedroom,kitchen,bathroom,bedroom
7560,d05 Sat 06:00,kitchen,living,kitchen,entry,kitchen,kitchen,bedroom,living,kitchen,bedroom,kitchen,bathroom,bedroom
7620,d05 Sat 07:00,kitchen,living,kitchen,entry,kitchen,kitchen,bedroom,living,kitchen,bedroom,kitchen,bathroom,bedroom
7680,d05 Sat 08:00,kitchen,living,kitchen,entry,kitchen,kitchen,entry,living,kitchen,bedroom,kitchen,bathroom,bathroom
7740,d05 Sat 09:00,kitchen,living,kitchen,entry,kitchen,kitchen,entry,living,kitchen,bedroom,kitchen,bathroom,bathroom
7800,d05 Sat 10:00,kitchen,living,kitchen,entry,kitchen,kitchen,entry,living,kitchen,bedroom,kitchen,bathroom,bathroom
7860,d05 Sat 11:00,kitchen,living,kitchen,entry,kitchen,kitchen,entry,living,kitchen,bedroom,kitchen,bathroom,bathroom
7920,d05 Sat 12:00,kitchen,living,kitchen,entry,kitchen,kitchen,entry,living,kitchen,bedroom,kitchen,bathroom,bathroom
7980,d05 Sat 13:00,kitchen,living,kitchen,entry,kitchen,kitchen,entry,living,kitchen,bedroom,kitchen,bathroom,bathroom
8040,d05 Sat 14:00,kitchen,living,kitchen,entry,kitchen,kitchen,entry,living,kitchen,bedroom,kitchen,bathroom,bathroom
8100,d05 Sat 15:00,kitchen,living,kitchen,entry,kitchen,kitchen,entry,living,kitchen,bedroom,kitchen,bathroom,bathroom
8160,d05 Sat 16:00,kitchen,living,kitchen,entry,kitchen,kitchen,entry,living,kitchen,bedroom,kitchen,bathroom,bathroom
8220,d05 Sat 17:00,kitchen,living,kitchen,entry,kitchen,kitchen,entry,living,kitchen,bedroom,kitchen,bathroom,bathroom
8280,d05 Sat 18:00,kitchen,living,kitchen,entry,kitchen,bedroom,entry,living,kitchen,bedroom,entry,bathroom,bathroom
8340,d05 Sat 19:00,kitchen,living,kitchen,entry,bedroom,kitchen,entry,living,living,kitchen,kitchen,bathroom,bathroom
8400,d05 Sat 20:00,kitchen,living,entry,entry,bedroom,kitchen,bedroom,living,living,kitchen,kitchen,bathroom,bathroom
8460,d05 Sat 21:00,kitchen,living,entry,entry,bedroom,kitchen,bedroom,living,living,kitchen,kitchen,bathroom,bathroom
8520,d05 Sat 22:00,kitchen,living,entry,entry,bedroom,kitchen,bedroom,living,living,kitchen,kitchen,bathroom,bathroom
8580,d05 Sat 23:00,kitchen,living,entry,entry,bedroom,kitchen,bedroom,living,living,kitchen,kitchen,bathroom,bathroom
8640,d06 Sun 00:00,kitchen,living,entry,entry,bedroom,kitchen,bedroom,living,living,kitchen,kitchen,bathroom,bathroom
8700,d06 Sun 01:00,kitchen,living,entry,entry,bedroom,kitchen,bedroom,living,living,kitchen,kitchen,bathroom,bathroom
8760,d06 Sun 02:00,kitchen,living,entry,entry,bedroom,kitchen,bedroom,living,living,kitchen,kitchen,bathroom,bathroom
8820,d06 Sun 03:00,kitchen,living,entry,entry,bedroom,kitchen,bedroom,living,living,kitchen,kitchen,bathroom,bathroom
8880,d06 Sun 04:00,kitchen,living,entry,entry,bedroom,kitchen,bedroom,living,living,kitchen,kitchen,bathroom,bathroom
8940,d06 Sun 05:00,kitchen,living,entry,entry,bedroom,kitchen,bedroom,living,living,kitchen,kitchen,bathroom,bathroom
9000,d06 Sun 06:00,kitchen,living,entry,entry,bedroom,kitchen,bedroom,living,living,kitchen,kitchen,bathroom,bathroom
9060,d06 Sun 07:00,kitchen,living,entry,entry,bedroom,kitchen,bedroom,living,living,kitchen,kitchen,bathroom,bathroom
9120,d06 Sun 08:00,kitchen,living,kitchen,entry,bedroom,kitchen,bedroom,living,living,kitchen,kitchen,bathroom,bathroom
9180,d06 Sun 09:00,kitchen,living,kitchen,entry,bedroom,kitchen,bedroom,living,living,kitchen,kitchen,bathroom,bedroom
9240,d06 Sun 10:00,kitchen,living,kitchen,entry,bedroom,kitchen,bedroom,living,living,kitchen,kitchen,bathroom,bedroom
9300,d06 Sun 11:00,kitchen,living,kitchen,entry,bedroom,kitchen,bedroom,living,living,kitchen,kitchen,bathroom,bedroom
9360,d06 Sun 12:00,kitchen,living,kitchen,entry,bedroom,kitchen,bedroom,living,living,kitchen,kitchen,bathroom,bedroom
9420,d06 Sun 13:00,kitchen,living,kitchen,entry,bedroom,kitchen,bedroom,living,living,kitchen,kitchen,bathroom,bedroom
9480,d06 Sun 14:00,kitchen,living,kitchen,entry,bedroom,kitchen,bedroom,living,living,kitchen,kitchen,bathroom,bedroom
9540,d06 Sun 15:00,kitchen,living,kitchen,entry,bedroom,kitchen,bedroom,living,living,kitchen,kitchen,bathroom,bedroom
9600,d06 Sun 16:00,kitchen,living,kitchen,entry,bedroom,kitchen,bedroom,living,living,kitchen,kitchen,bathroom,bedroom
9660,d06 Sun 17:00,kitchen,living,kitchen,entry,bedroom,kitchen,bedroom,living,living,kitchen,kitchen,bathroom,bedroom
9720,d06 Sun 18:00,kitchen,living,living,entry,kitchen,bedroom,entry,living,living,bedroom,kitchen,bathroom,bedroom
9780,d06 Sun 19:00,kitchen,living,outside,kitchen,kitchen,bedroom,outside,living,kitchen,bedroom,kitchen,bathroom,bedroom
9840,d06 Sun 20:00,kitchen,living,entry,entry,kitchen,bedroom,entry,living,kitchen,bedroom,kitchen,bathroom,bedroom
9900,d06 Sun 21:00,kitchen,living,entry,entry,kitchen,bedroom,entry,living,kitchen,bedroom,kitchen,bathroom,bedroom
9960,d06 Sun 22:00,kitchen,living,entry,entry,kitchen,bedroom,entry,living,kitchen,bedroom,kitchen,bathroom,bedroom
10020,d06 Sun 23:00,kitchen,living,entry,entry,kitchen,bedroom,entry,living,kitchen,bedroom,kitchen,bathroom,bedroom
10080,d07 Mon 00:00,kitchen,living,entry,entry,kitchen,bedroom,entry,living,kitchen,bedroom,kitchen,bathroom,bedroom
10140,d07 Mon 01:00,kitchen,living,entry,entry,kitchen,bedroom,entry,living,kitchen,bedroom,kitchen,bathroom,bedroom
10200,d07 Mon 02:00,kitchen,living,entry,entry,kitchen,bedroom,entry,living,kitchen,bedroom,kitchen,bathroom,bedroom
10260,d07 Mon 03:00,kitchen,living,entry,entry,kitchen,bedroom,entry,living,kitchen,bedroom,kitchen,bathroom,bedroom
10320,d07 Mon 04:00,kitchen,living,entry,entry,kitchen,bedroom,entry,living,kitchen,bedroom,kitchen,bathroom,bedroom
10380,d07 Mon 05:00,kitchen,living,entry,entry,kitchen,bedroom,entry,living,kitchen,bedroom,kitchen,bathroom,bedroom
10440,d07 Mon 06:00,kitchen,living,entry,entry,kitchen,bedroom,entry,living,kitchen,bedroom,kitchen,bathroom,bedroom
10500,d07 Mon 07:00,kitchen,living,entry,entry,kitchen,bedroom,entry,living,kitchen,bedroom,kitchen,bathroom,bedroom
10560,d07 Mon 08:00,kitchen,living,kitchen,entry,kitchen,bedroom,bedroom,living,kitchen,bedroom,kitchen,bathroom,bathroom
10620,d07 Mon 09:00,kitchen,living,kitchen,entry,kitchen,bedroom,bedroom,living,kitchen,bedroom,kitchen,bathroom,bedroom
10680,d07 Mon 10:00,kitchen,living,kitchen,entry,kitchen,bedroom,bedroom,living,kitchen,bedroom,kitchen,bathroom,bedroom
10740,d07 Mon 11:00,kitchen,living,kitchen,entry,kitchen,bedroom,bedroom,living,kitchen,bedroom,kitchen,bathroom,bedroom
10800,d07 Mon 12:00,kitchen,living,kitchen,entry,kitchen,bedroom,bedroom,living,kitchen,bedroom,kitchen,bathroom,bedroom
10860,d07 Mon 13:00,kitchen,living,kitchen,entry,kitchen,bedroom,bedroom,living,kitchen,bedroom,kitchen,bathroom,bedroom
10920,d07 Mon 14:00,kitchen,living,kitchen,entry,kitchen,bedroom,bedroom,living,kitchen,bedroom,kitchen,bathroom,bedroom
10980,d07 Mon 15:00,kitchen,living,kitchen,entry,kitchen,bedroom,bedroom,living,kitchen,bedroom,kitchen,bathroom,bedroom
11040,d07 Mon 16:00,kitchen,living,kitchen,entry,kitchen,bedroom,bedroom,living,kitchen,bedroom,kitchen,bathroom,bedroom
11100,d07 Mon 17:00,kitchen,living,kitchen,entry,kitchen,kitchen,bedroom,living,kitchen,kitchen,kitchen,bathroom,bedroom
11160,d07 Mon 18:00,kitchen,living,kitchen,entry,kitchen,kitchen,bedroom,living,kitchen,kitchen,kitchen,bathroom,bedroom
11220,d07 Mon 19:00,kitchen,living,outside,entry,kitchen,bedroom,outside,living,kitchen,kitchen,kitchen,bathroom,bedroom
11280,d07 Mon 20:00,kitchen,living,kitchen,entry,kitchen,bedroom,entry,living,kitchen,kitchen,kitchen,bathroom,bedroom
11340,d07 Mon 21:00,kitchen,living,kitchen,entry,kitchen,bedroom,entry,living,kitchen,kitchen,kitchen,bathroom,bedroom
11400,d07 Mon 22:00,kitchen,living,kitchen,entry,kitchen,bedroom,entry,living,kitchen,kitchen,kitchen,bathroom,bedroom
11460,d07 Mon 23:00,kitchen,living,kitchen,entry,kitchen,bedroom,entry,living,kitchen,kitchen,kitchen,bathroom,bedroom
11520,d08 Tue 00:00,kitchen,living,kitchen,entry,kitchen,bedroom,entry,living,kitchen,kitchen,kitchen,bathroom,bedroom
11580,d08 Tue 01:00,kitchen,living,kitchen,entry,kitchen,bedroom,entry,living,kitchen,kitchen,kitchen,bathroom,bedroom
11640,d08 Tue 02:00,kitchen,living,kitchen,entry,kitchen,bedroom,entry,living,kitchen,kitchen,kitchen,bathroom,bedroom
11700,d08 Tue 03:00,kitchen,living,kitchen,entry,kitchen,bedroom,entry,living,kitchen,kitchen,kitchen,bathroom,bedroom
11760,d08 Tue 04:00,kitchen,living,kitchen,entry,kitchen,bedroom,entry,living,kitchen,kitchen,kitchen,bathroom,bedroom
11820,d08 Tue 05:00,kitchen,living,kitchen,entry,kitchen,bedroom,entry,living,kitchen,kitchen,kitchen,bathroom,bedroom
11880,d08 Tue 06:00,kitchen,living,kitchen,entry,kitchen,bedroom,entry,living,kitchen,kitchen,kitchen,bathroom,bedroom
11940,d08 Tue 07:00,kitchen,living,kitchen,entry,kitchen,bedroom,entry,living,kitchen,kitchen,kitchen,bathroom,bedroom
12000,d08 Tue 08:00,kitchen,living,kitchen,entry,kitchen,bedroom,entry,living,kitchen,kitchen,kitchen,bathroom,bathroom
12060,d08 Tue 09:00,kitchen,living,kitchen,entry,kitchen,bedroom,entry,bedroom,kitchen,kitchen,kitchen,bathroom,bathroom
12120,d08 Tue 10:00,kitchen,living,kitchen,entry,kitchen,bedroom,entry,bedroom,kitchen,kitchen,kitchen,bathroom,bathroom
12180,d08 Tue 11:00,kitchen,living,kitchen,entry,kitchen,bedroom,entry,bedroom,kitchen,kitchen,kitchen,bathroom,bathroom
12240,d08 Tue 12:00,kitchen,living,kitchen,entry,kitchen,bedroom,entry,bedroom,kitchen,kitchen,kitchen,bathroom,bathroom
12300,d08 Tue 13:00,kitchen,living,kitchen,entry,kitchen,bedroom,entry,bedroom,kitchen,kitchen,kitchen,bathroom,bathroom
12360,d08 Tue 14:00,kitchen,living,kitchen,entry,kitchen,bedroom,entry,bedroom,kitchen,kitchen,kitchen,bathroom,bathroom
12420,d08 Tue 15:00,kitchen,living,kitchen,entry,kitchen,bedroom,entry,bedroom,kitchen,kitchen,kitchen,bathroom,bathroom
12480,d08 Tue 16:00,kitchen,living,kitchen,entry,kitchen,bedroom,entry,bedroom,kitchen,kitchen,kitchen,bathroom,bathroom
12540,d08 Tue 17:00,kitchen,living,kitchen,entry,kitchen,bedroom,entry,bedroom,kitchen,kitchen,kitchen,bathroom,bathroom
12600,d08 Tue 18:00,kitchen,living,kitchen,entry,kitchen,bedroom,entry,bedroom,kitchen,kitchen,kitchen,bathroom,bathroom
12660,d08 Tue 19:00,kitchen,living,kitchen,entry,bedroom,bedroom,entry,living,living,living,kitchen,bathroom,bathroom
12720,d08 Tue 20:00,kitchen,living,entry,entry,bedroom,bedroom,bedroom,living,living,living,kitchen,bathroom,bathroom
12780,d08 Tue 21:00,kitchen,living,entry,entry,bedroom,bedroom,bedroom,living,living,living,kitchen,bathroom,bathroom
12840,d08 Tue 22:00,kitchen,living,entry,entry,bedroom,bedroom,bedroom,living,living,living,kitchen,bathroom,bathroom
12900,d08 Tue 23:00,kitchen,living,entry,entry,bedroom,bedroom,bedroom,living,living,living,kitchen,bathroom,bathroom
12960,d09 Wed 00:00,kitchen,living,entry,entry,bedroom,bedroom,bedroom,living,living,living,kitchen,bathroom,bathroom
13020,d09 Wed 01:00,kitchen,living,kitchen,entry,bedroom,bedroom,bedroom,living,living,living,kitchen,bathroom,bathroom
13080,d09 Wed 02:00,kitchen,living,kitchen,entry,bedroom,bedroom,bedroom,living,living,living,kitchen,bathroom,bathroom
13140,d09 Wed 03:00,kitchen,living,kitchen,entry,bedroom,bedroom,bedroom,living,living,living,kitchen,bathroom,bathroom
13200,d09 Wed 04:00,kitchen,living,kitchen,entry,bedroom,bedroom,bedroom,living,living,living,kitchen,bathroom,bathroom
13260,d09 Wed 05:00,kitchen,living,kitchen,entry,bedroom,bedroom,bedroom,living,living,living,kitchen,bathroom,bathroom
13320,d09 Wed 06:00,kitchen,living,kitchen,entry,bedroom,bedroom,bedroom,living,living,living,kitchen,bathroom,bathroom
13380,d09 Wed 07:00,kitchen,living,kitchen,entry,bedroom,bedroom,bedroom,living,living,living,kitchen,bathroom,bathroom
13440,d09 Wed 08:00,kitchen,living,kitchen,entry,bedroom,bedroom,entry,living,living,living,kitchen,bathroom,bathroom
13500,d09 Wed 09:00,kitchen,living,kitchen,entry,bedroom,bedroom,entry,living,living,living,kitchen,bathroom,bathroom
13560,d09 Wed 10:00,kitchen,living,kitchen,entry,bedroom,bedroom,entry,living,living,living,kitchen,bathroom,bathroom
13620,d09 Wed 11:00,kitchen,living,kitchen,entry,bedroom,bedroom,entry,living,living,living,kitchen,bathroom,bathroom
13680,d09 Wed 12:00,kitchen,living,kitchen,entry,bedroom,bedroom,entry,living,living,living,kitchen,bathroom,bathroom
13740,d09 Wed 13:00,kitchen,living,kitchen,entry,bedroom,bedroom,entry,living,living,living,kitchen,bathroom,bathroom
13800,d09 Wed 14:00,kitchen,living,kitchen,entry,bedroom,bedroom,entry,living,living,living,kitchen,bathroom,bathroom
13860,d09 Wed 15:00,kitchen,living,kitchen,entry,bedroom,bedroom,entry,living,living,living,kitchen,bathroom,bathroom
13920,d09 Wed 16:00,kitchen,living,kitchen,entry,bedroom,bedroom,entry,living,living,living,kitchen,bathroom,bathroom
13980,d09 Wed 17:00,kitchen,living,kitchen,entry,bedroom,kitchen,entry,living,living,living,kitchen,bathroom,bathroom
14040,d09 Wed 18:00,kitchen,living,kitchen,entry,bedroom,bedroom,entry,living,living,living,entry,bathroom,bathroom
14100,d09 Wed 19:00,kitchen,living,kitchen,entry,kitchen,bedroom,entry,living,living,living,kitchen,bathroom,bathroom
14160,d09 Wed 20:00,kitchen,living,kitchen,entry,kitchen,bedroom,bedroom,kitchen,living,living,kitchen,bathroom,bathroom
14220,d09 Wed 21:00,kitchen,living,kitchen,entry,kitchen,bedroom,bedroom,kitchen,living,living,kitchen,bathroom,bathroom
14280,d09 Wed 22:00,kitchen,living,kitchen,entry,kitchen,bedroom,bedroom,kitchen,living,living,kitchen,bathroom,bathroom
14340,d09 Wed 23:00,kitchen,living,kitchen,entry,kitchen,bedroom,bedroom,kitchen,living,living,kitchen,bathroom,bathroom
14400,d10 Thu 00:00,kitchen,living,kitchen,entry,kitchen,bedroom,bedroom,kitchen,living,living,kitchen,bathroom,bathroom
14460,d10 Thu 01:00,kitchen,living,kitchen,entry,kitchen,bedroom,bedroom,kitchen,living,living,kitchen,bathroom,bathroom
14520,d10 Thu 02:00,kitchen,living,kitchen,entry,kitchen,bedroom,bedroom,kitchen,living,living,kitchen,bathroom,bathroom
14580,d10 Thu 03:00,kitchen,living,kitchen,entry,kitchen,bedroom,bedroom,kitchen,living,living,kitchen,bathroom,bathroom
14640,d10 Thu 04:00,kitchen,living,kitchen,entry,kitchen,bedroom,bedroom,kitchen,living,living,kitchen,bathroom,bathroom
14700,d10 Thu 05:00,kitchen,living,kitchen,entry,kitchen,bedroom,bedroom,kitchen,living,living,kitchen,bathroom,bathroom
14760,d10 Thu 06:00,kitchen,living,kitchen,entry,kitchen,bedroom,bedroom,kitchen,living,living,kitchen,bathroom,bathroom
14820,d10 Thu 07:00,kitchen,living,outside,outside,kitchen,bedroom,outside,kitchen,living,living,kitchen,bathroom,bathroom
14880,d10 Thu 08:00,kitchen,living,bedroom,entry,kitchen,bedroom,entry,kitchen,living,living,kitchen,bathroom,bathroom
14940,d10 Thu 09:00,kitchen,living,bedroom,entry,kitchen,bedroom,entry,bedroom,living,living,kitchen,bathroom,bedroom
15000,d10 Thu 10:00,kitchen,living,bedroom,entry,kitchen,bedroom,entry,bedroom,living,living,kitchen,bathroom,bedroom
15060,d10 Thu 11:00,kitchen,living,bedroom,entry,kitchen,bedroom,entry,bedroom,living,living,kitchen,bathroom,bedroom
15120,d10 Thu 12:00,kitchen,living,bedroom,entry,kitchen,bedroom,entry,bedroom,living,living,kitchen,bathroom,bedroom
15180,d10 Thu 13:00,kitchen,living,bedroom,entry,kitchen,bedroom,entry,bedroom,living,living,kitchen,bathroom,bedroom
15240,d10 Thu 14:00,kitchen,living,bedroom,entry,kitchen,bedroom,entry,bedroom,living,living,kitchen,bathroom,bedroom
15300,d10 Thu 15:00,kitchen,living,bedroom,entry,kitchen,bedroom,entry,bedroom,living,living,kitchen,bathroom,bedroom
15360,d10 Thu 16:00,kitchen,living,bedroom,entry,kitchen,bedroom,entry,bedroom,living,living,kitchen,bathroom,bedroom
15420,d10 Thu 17:00,kitchen,living,living,entry,living,bedroom,entry,bedroom,living,living,kitchen,bathroom,bedroom
15480,d10 Thu 18:00,kitchen,living,kitchen,entry,kitchen,kitchen,entry,bedroom,living,kitchen,kitchen,bathroom,bedroom
15540,d10 Thu 19:00,kitchen,living,outside,outside,kitchen,kitchen,outside,bedroom,living,kitchen,kitchen,bathroom,bedroom
15600,d10 Thu 20:00,kitchen,living,kitchen,entry,kitchen,kitchen,entry,bedroom,living,kitchen,kitchen,bathroom,bedroom
15660,d10 Thu 21:00,kitchen,living,kitchen,entry,kitchen,kitchen,entry,bedroom,living,kitchen,kitchen,bathroom,bedroom
15720,d10 Thu 22:00,kitchen,living,kitchen,entry,kitchen,kitchen,entry,bedroom,living,kitchen,kitchen,bathroom,bedroom
15780,d10 Thu 23:00,kitchen,living,kitchen,entry,kitchen,kitchen,entry,bedroom,living,kitchen,kitchen,bathroom,bedroom
15840,d11 Fri 00:00,kitchen,living,kitchen,entry,kitchen,kitchen,entry,bedroom,living,kitchen,kitchen,bathroom,bedroom
15900,d11 Fri 01:00,kitchen,living,kitchen,entry,kitchen,kitchen,entry,bedroom,living,kitchen,kitchen,bathroom,bedroom
15960,d11 Fri 02:00,kitchen,living,kitchen,entry,kitchen,kitchen,entry,bedroom,living,kitchen,kitchen,bathroom,bedroom
16020,d11 Fri 03:00,kitchen,living,kitchen,entry,kitchen,kitchen,entry,bedroom,living,kitchen,kitchen,bathroom,bedroom
16080,d11 Fri 04:00,kitchen,living,kitchen,entry,kitchen,kitchen,entry,bedroom,living,kitchen,kitchen,bathroom,bedroom
16140,d11 Fri 05:00,kitchen,living,kitchen,entry,kitchen,kitchen,entry,bedroom,living,kitchen,kitchen,bathroom,bedroom
16200,d11 Fri 06:00,kitchen,living,kitchen,entry,kitchen,kitchen,entry,bedroom,living,kitchen,kitchen,bathroom,bedroom
16260,d11 Fri 07:00,kitchen,living,outside,outside,kitchen,kitchen,outside,bedroom,living,kitchen,kitchen,bathroom,bedroom
16320,d11 Fri 08:00,kitchen,living,kitchen,entry,kitchen,kitchen,entry,bedroom,living,kitchen,kitchen,bathroom,bathroom
16380,d11 Fri 09:00,kitchen,living,kitchen,entry,kitchen,kitchen,entry,living,living,kitchen,kitchen,bathroom,bedroom
16440,d11 Fri 10:00,kitchen,living,kitchen,entry,kitchen,kitchen,entry,living,living,kitchen,kitchen,bathroom,bedroom
16500,d11 Fri 11:00,kitchen,living,kitchen,entry,kitchen,kitchen,entry,living,living,kitchen,kitchen,bathroom,bedroom
16560,d11 Fri 12:00,kitchen,living,kitchen,entry,kitchen,kitchen,entry,living,living,kitchen,kitchen,bathroom,bedroom
16620,d11 Fri 13:00,kitchen,living,kitchen,entry,kitchen,kitchen,entry,living,living,kitchen,kitchen,bathroom,bedroom
16680,d11 Fri 14:00,kitchen,living,kitchen,entry,kitchen,kitchen,entry,living,living,kitchen,kitchen,bathroom,bedroom
16740,d11 Fri 15:00,kitchen,living,kitchen,entry,kitchen,kitchen,entry,living,living,kitchen,kitchen,bathroom,bedroom
16800,d11 Fri 16:00,kitchen,living,kitchen,entry,kitchen,kitchen,entry,living,living,kitchen,kitchen,bathroom,bedroom
16860,d11 Fri 17:00,kitchen,living,kitchen,entry,kitchen,kitchen,entry,living,living,kitchen,kitchen,bathroom,bedroom
16920,d11 Fri 18:00,kitchen,living,kitchen,entry,kitchen,kitchen,entry,living,living,kitchen,kitchen,bathroom,bedroom
16980,d11 Fri 19:00,kitchen,living,kitchen,entry,kitchen,bedroom,entry,living,living,kitchen,kitchen,bathroom,bedroom
17040,d11 Fri 20:00,kitchen,living,kitchen,entry,kitchen,bedroom,entry,living,living,kitchen,kitchen,bathroom,bedroom
17100,d11 Fri 21:00,kitchen,living,kitchen,entry,kitchen,bedroom,entry,living,living,kitchen,kitchen,bathroom,bedroom
17160,d11 Fri 22:00,kitchen,living,kitchen,entry,kitchen,bedroom,entry,living,living,kitchen,kitchen,bathroom,bedroom
17220,d11 Fri 23:00,kitchen,living,kitchen,entry,kitchen,bedroom,entry,living,living,kitchen,kitchen,bathroom,bedroom
17280,d12 Sat 00:00,kitchen,living,kitchen,entry,kitchen,bedroom,entry,living,living,kitchen,kitchen,bathroom,bedroom
17340,d12 Sat 01:00,kitchen,living,kitchen,entry,kitchen,bedroom,entry,living,living,kitchen,kitchen,bathroom,bedroom
17400,d12 Sat 02:00,kitchen,living,kitchen,entry,kitchen,bedroom,entry,living,living,kitchen,kitchen,bathroom,bedroom
17460,d12 Sat 03:00,kitchen,living,kitchen,entry,kitchen,bedroom,entry,living,living,kitchen,kitchen,bathroom,bedroom
17520,d12 Sat 04:00,kitchen,living,kitchen,entry,kitchen,bedroom,entry,living,living,kitchen,kitchen,bathroom,bedroom
17580,d12 Sat 05:00,kitchen,living,kitchen,entry,kitchen,bedroom,entry,living,living,kitchen,kitchen,bathroom,bedroom
17640,d12 Sat 06:00,kitchen,living,kitchen,entry,kitchen,bedroom,entry,living,living,kitchen,kitchen,bathroom,bedroom
17700,d12 Sat 07:00,kitchen,living,kitchen,entry,kitchen,bedroom,entry,living,living,kitchen,kitchen,bathroom,bedroom
17760,d12 Sat 08:00,kitchen,living,kitchen,entry,kitchen,bedroom,entry,living,living,kitchen,kitchen,kitchen,bathroom
17820,d12 Sat 09:00,kitchen,living,kitchen,entry,kitchen,bedroom,entry,living,living,kitchen,kitchen,bathroom,bedroom
17880,d12 Sat 10:00,kitchen,living,kitchen,entry,kitchen,bedroom,entry,living,living,kitchen,kitchen,bathroom,bedroom
17940,d12 Sat 11:00,kitchen,living,kitchen,entry,kitchen,bedroom,entry,living,living,kitchen,kitchen,bathroom,bedroom
18000,d12 Sat 12:00,kitchen,living,kitchen,entry,kitchen,bedroom,entry,living,living,kitchen,kitchen,bathroom,bedroom
18060,d12 Sat 13:00,kitchen,living,kitchen,entry,kitchen,bedroom,entry,living,living,kitchen,kitchen,bathroom,bedroom
18120,d12 Sat 14:00,kitchen,living,kitchen,entry,kitchen,bedroom,entry,living,living,kitchen,kitchen,bathroom,bedroom
18180,d12 Sat 15:00,kitchen,living,kitchen,entry,kitchen,bedroom,entry,living,living,kitchen,kitchen,bathroom,bedroom
18240,d12 Sat 16:00,kitchen,kitchen,kitchen,kitchen,kitchen,bedroom,kitchen,kitchen,kitchen,kitchen,kitchen,kitchen,kitchen
18300,d12 Sat 17:00,kitchen,living,bedroom,entry,kitchen,bedroom,entry,living,living,kitchen,kitchen,bathroom,bedroom
18360,d12 Sat 18:00,kitchen,living,kitchen,entry,kitchen,bedroom,entry,living,living,kitchen,kitchen,bathroom,bedroom
18420,d12 Sat 19:00,kitchen,living,outside,outside,kitchen,bedroom,outside,living,living,kitchen,kitchen,bathroom,bedroom
18480,d12 Sat 20:00,kitchen,living,kitchen,entry,kitchen,bedroom,entry,living,living,kitchen,kitchen,bathroom,bedroom
18540,d12 Sat 21:00,kitchen,living,kitchen,entry,kitchen,bedroom,entry,living,living,kitchen,kitchen,bathroom,bedroom
18600,d12 Sat 22:00,kitchen,living,kitchen,entry,kitchen,bedroom,entry,living,living,kitchen,kitchen,bathroom,bedroom
18660,d12 Sat 23:00,kitchen,living,kitchen,entry,kitchen,bedroom,entry,living,living,kitchen,kitchen,bathroom,bedroom
18720,d13 Sun 00:00,kitchen,living,kitchen,entry,kitchen,bedroom,entry,living,living,kitchen,kitchen,bathroom,bedroom
18780,d13 Sun 01:00,kitchen,living,kitchen,entry,kitchen,bedroom,entry,living,living,kitchen,kitchen,bathroom,bedroom
18840,d13 Sun 02:00,kitchen,living,kitchen,entry,kitchen,bedroom,entry,living,living,kitchen,kitchen,bathroom,bedroom
18900,d13 Sun 03:00,kitchen,living,kitchen,entry,kitchen,bedroom,entry,living,living,kitchen,kitchen,bathroom,bedroom
18960,d13 Sun 04:00,kitchen,living,kitchen,entry,kitchen,bedroom,entry,living,living,kitchen,kitchen,bathroom,bedroom
19020,d13 Sun 05:00,kitchen,living,kitchen,entry,kitchen,bedroom,entry,living,living,kitchen,kitchen,bathroom,bedroom
19080,d13 Sun 06:00,kitchen,living,kitchen,entry,kitchen,bedroom,entry,living,living,kitchen,kitchen,bathroom,bedroom
19140,d13 Sun 07:00,kitchen,living,outside,outside,kitchen,bedroom,outside,living,living,kitchen,kitchen,bathroom,bedroom
19200,d13 Sun 08:00,kitchen,living,kitchen,entry,kitchen,bedroom,bedroom,living,living,kitchen,kitchen,bathroom,bathroom
19260,d13 Sun 09:00,kitchen,living,kitchen,entry,kitchen,bedroom,bedroom,bedroom,living,kitchen,kitchen,bedroom,bedroom
19320,d13 Sun 10:00,kitchen,living,kitchen,entry,kitchen,bedroom,bedroom,living,living,kitchen,kitchen,bathroom,bedroom
19380,d13 Sun 11:00,kitchen,living,kitchen,entry,kitchen,bedroom,bedroom,living,living,kitchen,kitchen,bathroom,bedroom
19440,d13 Sun 12:00,kitchen,living,kitchen,entry,kitchen,bedroom,bedroom,living,living,kitchen,kitchen,bathroom,bedroom
19500,d13 Sun 13:00,kitchen,living,kitchen,entry,kitchen,bedroom,bedroom,living,living,kitchen,kitchen,bathroom,bedroom
19560,d13 Sun 14:00,kitchen,living,kitchen,entry,kitchen,bedroom,bedroom,living,living,kitchen,kitchen,bathroom,bedroom
19620,d13 Sun 15:00,kitchen,living,kitchen,entry,kitchen,bedroom,bedroom,living,living,kitchen,kitchen,bathroom,bedroom
19680,d13 Sun 16:00,kitchen,living,kitchen,entry,kitchen,kitchen,bedroom,living,living,living,living,bathroom,bathroom
19740,d13 Sun 17:00,kitchen,living,kitchen,entry,kitchen,kitchen,bedroom,living,living,living,living,bathroom,bathroom
19800,d13 Sun 18:00,kitchen,living,kitchen,entry,kitchen,kitchen,entry,living,living,kitchen,kitchen,bathroom,bathroom
19860,d13 Sun 19:00,kitchen,living,kitchen,entry,kitchen,kitchen,entry,living,living,kitchen,kitchen,bathroom,bathroom
19920,d13 Sun 20:00,kitchen,living,kitchen,entry,kitchen,kitchen,entry,living,living,kitchen,kitchen,bathroom,bathroom
19980,d13 Sun 21:00,kitchen,living,kitchen,entry,kitchen,kitchen,entry,living,living,kitchen,kitchen,bathroom,bathroom
20040,d13 Sun 22:00,kitchen,living,kitchen,entry,kitchen,kitchen,entry,living,living,kitchen,kitchen,bathroom,bathroom
20100,d13 Sun 23:00,kitchen,living,kitchen,entry,kitchen,kitchen,entry,living,living,kitchen,kitchen,bathroom,bathroom
20160,d14 Mon 00:00,kitchen,living,kitchen,entry,kitchen,kitchen,entry,living,living,kitchen,kitchen,bathroom,bathroom
20220,d14 Mon 01:00,kitchen,living,kitchen,entry,kitchen,kitchen,entry,living,living,kitchen,kitchen,bathroom,bathroom
20280,d14 Mon 02:00,kitchen,living,kitchen,entry,kitchen,kitchen,entry,living,living,kitchen,kitchen,bathroom,bathroom
20340,d14 Mon 03:00,kitchen,living,kitchen,entry,kitchen,kitchen,entry,living,living,kitchen,kitchen,bathroom,bathroom
20400,d14 Mon 04:00,kitchen,living,kitchen,entry,kitchen,kitchen,entry,living,living,kitchen,kitchen,bathroom,bathroom
20460,d14 Mon 05:00,kitchen,living,kitchen,entry,kitchen,kitchen,entry,living,living,kitchen,kitchen,bathroom,bathroom
20520,d14 Mon 06:00,kitchen,living,kitchen,entry,kitchen,kitchen,entry,living,living,kitchen,kitchen,bathroom,bathroom
20580,d14 Mon 07:00,kitchen,living,kitchen,entry,kitchen,kitchen,entry,living,living,kitchen,kitchen,bathroom,bathroom
20640,d14 Mon 08:00,kitchen,living,kitchen,entry,kitchen,kitchen,bedroom,living,living,kitchen,kitchen,bathroom,bathroom
20700,d14 Mon 09:00,kitchen,living,kitchen,entry,kitchen,kitchen,bedroom,bedroom,living,kitchen,kitchen,bathroom,bedroom
20760,d14 Mon 10:00,kitchen,living,kitchen,entry,kitchen,kitchen,bedroom,bedroom,living,kitchen,kitchen,bathroom,bedroom
20820,d14 Mon 11:00,kitchen,living,kitchen,entry,kitchen,kitchen,bedroom,bedroom,living,kitchen,kitchen,bathroom,bedroom
20880,d14 Mon 12:00,kitchen,living,kitchen,entry,kitchen,kitchen,bedroom,bedroom,living,kitchen,kitchen,bathroom,bedroom
20940,d14 Mon 13:00,kitchen,living,kitchen,entry,kitchen,kitchen,bedroom,bedroom,living,kitchen,kitchen,bathroom,bedroom
21000,d14 Mon 14:00,kitchen,living,kitchen,entry,kitchen,kitchen,bedroom,bedroom,living,kitchen,kitchen,bathroom,bedroom
21060,d14 Mon 15:00,kitchen,living,kitchen,entry,kitchen,kitchen,bedroom,bedroom,living,kitchen,kitchen,bathroom,bedroom
21120,d14 Mon 16:00,kitchen,kitchen,kitchen,kitchen,kitchen,bedroom,kitchen,kitchen,kitchen,kitchen,kitchen,kitchen,kitchen
21180,d14 Mon 17:00,kitchen,living,kitchen,entry,bedroom,bedroom,entry,living,living,kitchen,kitchen,bathroom,bathroom
21240,d14 Mon 18:00,kitchen,living,kitchen,entry,bedroom,kitchen,entry,living,living,kitchen,kitchen,bathroom,bathroom
21300,d14 Mon 19:00,kitchen,living,entry,entry,bedroom,kitchen,entry,living,living,kitchen,kitchen,bathroom,bathroom
21360,d14 Mon 20:00,kitchen,living,entry,entry,bedroom,kitchen,entry,living,living,kitchen,kitchen,bathroom,bathroom
21420,d14 Mon 21:00,kitchen,living,entry,entry,bedroom,kitchen,entry,living,living,kitchen,kitchen,bathroom,bathroom
21480,d14 Mon 22:00,kitchen,living,entry,entry,bedroom,kitchen,entry,living,living,kitchen,kitchen,bathroom,bathroom
21540,d14 Mon 23:00,kitchen,living,entry,entry,bedroom,kitchen,entry,living,living,kitchen,kitchen,bathroom,bathroom
21600,d15 Tue 00:00,kitchen,living,entry,entry,bedroom,kitchen,entry,living,living,kitchen,kitchen,bathroom,bathroom
21660,d15 Tue 01:00,kitchen,living,entry,entry,bedroom,kitchen,entry,living,living,kitchen,kitchen,bathroom,bathroom
21720,d15 Tue 02:00,kitchen,living,entry,entry,bedroom,kitchen,entry,living,living,kitchen,kitchen,bathroom,bathroom
21780,d15 Tue 03:00,kitchen,living,entry,entry,bedroom,kitchen,entry,living,living,kitchen,kitchen,bathroom,bathroom
21840,d15 Tue 04:00,kitchen,living,entry,entry,bedroom,kitchen,entry,living,living,kitchen,kitchen,bathroom,bathroom
21900,d15 Tue 05:00,kitchen,living,entry,entry,bedroom,kitchen,entry,living,living,kitchen,kitchen,bathroom,bathroom
21960,d15 Tue 06:00,kitchen,living,entry,entry,bedroom,kitchen,entry,living,living,kitchen,kitchen,bathroom,bathroom
22020,d15 Tue 07:00,kitchen,living,entry,entry,bedroom,kitchen,entry,living,living,kitchen,kitchen,bathroom,bathroom
22080,d15 Tue 08:00,kitchen,living,kitchen,entry,bedroom,kitchen,entry,living,living,kitchen,kitchen,bathroom,bathroom
22140,d15 Tue 09:00,kitchen,living,kitchen,entry,bedroom,kitchen,entry,living,living,kitchen,kitchen,bathroom,bedroom
22200,d15 Tue 10:00,kitchen,living,kitchen,entry,bedroom,kitchen,entry,living,living,kitchen,kitchen,bathroom,bedroom
22260,d15 Tue 11:00,kitchen,living,kitchen,entry,bedroom,kitchen,entry,living,living,kitchen,kitchen,bathroom,bedroom
22320,d15 Tue 12:00,kitchen,living,kitchen,entry,bedroom,kitchen,entry,living,living,kitchen,kitchen,bathroom,bedroom
22380,d15 Tue 13:00,kitchen,living,kitchen,entry,bedroom,kitchen,entry,living,living,kitchen,kitchen,bathroom,bedroom
22440,d15 Tue 14:00,kitchen,living,kitchen,entry,bedroom,kitchen,entry,living,living,kitchen,kitchen,bathroom,bedroom
22500,d15 Tue 15:00,kitchen,living,kitchen,entry,bedroom,kitchen,entry,living,living,kitchen,kitchen,bathroom,bedroom
22560,d15 Tue 16:00,kitchen,kitchen,kitchen,kitchen,kitchen,kitchen,kitchen,kitchen,kitchen,kitchen,kitchen,kitchen,kitchen
22620,d15 Tue 17:00,kitchen,living,living,entry,kitchen,kitchen,entry,living,living,bedroom,kitchen,bathroom,bedroom
22680,d15 Tue 18:00,kitchen,living,living,entry,kitchen,kitchen,entry,living,living,kitchen,kitchen,bathroom,bedroom
22740,d15 Tue 19:00,kitchen,living,outside,outside,kitchen,kitchen,outside,living,living,kitchen,kitchen,bathroom,bedroom
22800,d15 Tue 20:00,kitchen,living,kitchen,entry,kitchen,kitchen,entry,living,living,kitchen,kitchen,bathroom,bedroom
22860,d15 Tue 21:00,kitchen,living,kitchen,entry,kitchen,kitchen,entry,living,living,kitchen,kitchen,bathroom,bedroom
22920,d15 Tue 22:00,kitchen,living,kitchen,entry,kitchen,kitchen,entry,living,living,kitchen,kitchen,bathroom,bedroom
22980,d15 Tue 23:00,kitchen,living,kitchen,entry,kitchen,kitchen,entry,living,living,kitchen,kitchen,bathroom,bedroom
23040,d16 Wed 00:00,kitchen,living,kitchen,entry,kitchen,kitchen,entry,living,living,kitchen,kitchen,bathroom,bedroom
23100,d16 Wed 01:00,kitchen,living,kitchen,entry,kitchen,kitchen,entry,living,living,kitchen,kitchen,bathroom,bedroom
23160,d16 Wed 02:00,kitchen,living,kitchen,entry,kitchen,kitchen,entry,living,living,kitchen,kitchen,bathroom,bedroom
23220,d16 Wed 03:00,kitchen,living,kitchen,entry,kitchen,kitchen,entry,living,living,kitchen,kitchen,bathroom,bedroom
23280,d16 Wed 04:00,kitchen,living,kitchen,entry,kitchen,kitchen,entry,living,living,kitchen,kitchen,bathroom,bedroom
23340,d16 Wed 05:00,kitchen,living,kitchen,entry,kitchen,kitchen,entry,living,living,kitchen,kitchen,bathroom,bedroom
23400,d16 Wed 06:00,kitchen,living,kitchen,entry,kitchen,kitchen,entry,living,living,kitchen,kitchen,bathroom,bedroom
23460,d16 Wed 07:00,kitchen,living,kitchen,entry,kitchen,kitchen,entry,living,living,kitchen,kitchen,bathroom,bedroom
23520,d16 Wed 08:00,kitchen,living,bedroom,entry,kitchen,kitchen,entry,living,living,kitchen,kitchen,bathroom,bathroom
23580,d16 Wed 09:00,kitchen,living,bedroom,entry,kitchen,kitchen,entry,living,living,kitchen,kitchen,bathroom,bedroom
23640,d16 Wed 10:00,kitchen,living,bedroom,entry,kitchen,kitchen,entry,living,living,kitchen,kitchen,bathroom,bedroom
23700,d16 Wed 11:00,kitchen,living,bedroom,entry,kitchen,kitchen,entry,living,living,kitchen,kitchen,bathroom,bedroom
23760,d16 Wed 12:00,kitchen,living,bedroom,entry,kitchen,kitchen,entry,living,living,kitchen,kitchen,bathroom,bedroom
23820,d16 Wed 13:00,kitchen,living,bedroom,entry,kitchen,kitchen,entry,living,living,kitchen,kitchen,bathroom,bedroom
23880,d16 Wed 14:00,kitchen,living,bedroom,entry,kitchen,kitchen,entry,living,living,kitchen,kitchen,bathroom,bedroom
23940,d16 Wed 15:00,kitchen,living,bedroom,entry,kitchen,kitchen,entry,living,living,kitchen,kitchen,bathroom,bedroom
24000,d16 Wed 16:00,kitchen,kitchen,kitchen,kitchen,kitchen,bedroom,kitchen,kitchen,kitchen,kitchen,kitchen,kitchen,kitchen
24060,d16 Wed 17:00,kitchen,living,kitchen,entry,bedroom,bedroom,entry,living,living,kitchen,kitchen,kitchen,bedroom
24120,d16 Wed 18:00,kitchen,living,kitchen,entry,bedroom,bedroom,entry,living,living,kitchen,kitchen,kitchen,bedroom
24180,d16 Wed 19:00,kitchen,living,entry,entry,bedroom,bedroom,entry,living,living,kitchen,kitchen,kitchen,bedroom
24240,d16 Wed 20:00,kitchen,living,entry,entry,bedroom,bedroom,entry,living,living,kitchen,kitchen,kitchen,bedroom
24300,d16 Wed 21:00,kitchen,living,entry,entry,bedroom,bedroom,entry,living,living,kitchen,kitchen,kitchen,bedroom
24360,d16 Wed 22:00,kitchen,living,entry,entry,bedroom,bedroom,entry,living,living,kitchen,kitchen,kitchen,bedroom
24420,d16 Wed 23:00,kitchen,living,entry,entry,bedroom,bedroom,entry,living,living,kitchen,kitchen,kitchen,bedroom
24480,d17 Thu 00:00,kitchen,living,entry,entry,bedroom,bedroom,entry,living,living,kitchen,kitchen,kitchen,bedroom
24540,d17 Thu 01:00,kitchen,living,entry,entry,bedroom,bedroom,entry,living,living,kitchen,kitchen,kitchen,bedroom
24600,d17 Thu 02:00,kitchen,living,entry,entry,bedroom,bedroom,entry,living,living,kitchen,kitchen,kitchen,bedroom
24660,d17 Thu 03:00,kitchen,living,entry,entry,bedroom,bedroom,entry,living,living,kitchen,kitchen,kitchen,bedroom
24720,d17 Thu 04:00,kitchen,living,entry,entry,bedroom,bedroom,entry,living,living,kitchen,kitchen,kitchen,bedroom
24780,d17 Thu 05:00,kitchen,living,entry,entry,bedroom,bedroom,entry,living,living,kitchen,kitchen,kitchen,bedroom
24840,d17 Thu 06:00,kitchen,living,entry,entry,bedroom,bedroom,entry,living,living,kitchen,kitchen,kitchen,bedroom
24900,d17 Thu 07:00,kitchen,living,outside,outside,bedroom,bedroom,outside,living,living,kitchen,kitchen,kitchen,bedroom
24960,d17 Thu 08:00,kitchen,living,kitchen,entry,bedroom,bedroom,entry,living,living,kitchen,kitchen,bathroom,bathroom
25020,d17 Thu 09:00,kitchen,living,kitchen,entry,bedroom,bedroom,entry,living,living,kitchen,kitchen,bathroom,bathroom
25080,d17 Thu 10:00,kitchen,living,kitchen,entry,bedroom,bedroom,entry,living,living,kitchen,kitchen,bathroom,bathroom
25140,d17 Thu 11:00,kitchen,living,kitchen,entry,bedroom,bedroom,entry,living,living,kitchen,kitchen,bathroom,bathroom
25200,d17 Thu 12:00,kitchen,living,kitchen,entry,bedroom,bedroom,entry,living,living,kitchen,kitchen,bathroom,bathroom
25260,d17 Thu 13:00,kitchen,living,kitchen,entry,bedroom,bedroom,entry,living,living,kitchen,kitchen,bathroom,bathroom
25320,d17 Thu 14:00,kitchen,living,kitchen,entry,bedroom,bedroom,entry,living,living,kitchen,kitchen,bathroom,bathroom
25380,d17 Thu 15:00,kitchen,living,kitchen,entry,bedroom,bedroom,entry,living,living,kitchen,kitchen,bathroom,bathroom
25440,d17 Thu 16:00,kitchen,living,kitchen,entry,bedroom,kitchen,entry,living,living,kitchen,kitchen,bathroom,bathroom
25500,d17 Thu 17:00,kitchen,living,kitchen,entry,bedroom,bedroom,bedroom,living,living,kitchen,kitchen,bathroom,bathroom
25560,d17 Thu 18:00,kitchen,living,kitchen,entry,bedroom,bedroom,entry,living,living,kitchen,kitchen,bathroom,bathroom
25620,d17 Thu 19:00,kitchen,living,kitchen,entry,bedroom,bedroom,entry,living,living,kitchen,kitchen,bathroom,bathroom
25680,d17 Thu 20:00,kitchen,living,kitchen,entry,bedroom,bedroom,entry,living,living,kitchen,kitchen,bathroom,bathroom
25740,d17 Thu 21:00,kitchen,living,kitchen,entry,bedroom,bedroom,entry,living,living,kitchen,kitchen,bathroom,bathroom
25800,d17 Thu 22:00,kitchen,living,kitchen,entry,bedroom,bedroom,entry,living,living,kitchen,kitchen,bathroom,bathroom
25860,d17 Thu 23:00,kitchen,living,kitchen,entry,bedroom,bedroom,entry,living,living,kitchen,kitchen,bathroom,bathroom
25920,d18 Fri 00:00,kitchen,living,kitchen,entry,bedroom,bedroom,entry,living,living,kitchen,kitchen,bathroom,bathroom
25980,d18 Fri 01:00,kitchen,living,kitchen,entry,bedroom,bedroom,entry,living,living,kitchen,kitchen,bathroom,bathroom
26040,d18 Fri 02:00,kitchen,living,kitchen,entry,bedroom,bedroom,entry,living,living,kitchen,kitchen,bathroom,bathroom
26100,d18 Fri 03:00,kitchen,living,kitchen,entry,bedroom,bedroom,entry,living,living,kitchen,kitchen,bathroom,bathroom
26160,d18 Fri 04:00,kitchen,living,kitchen,entry,bedroom,bedroom,entry,living,living,kitchen,kitchen,bathroom,bathroom
26220,d18 Fri 05:00,kitchen,living,kitchen,entry,bedroom,bedroom,entry,living,living,kitchen,kitchen,bathroom,bathroom
26280,d18 Fri 06:00,kitchen,living,kitchen,entry,bedroom,bedroom,entry,living,living,kitchen,kitchen,bathroom,bathroom
26340,d18 Fri 07:00,kitchen,living,outside,outside,bedroom,bedroom,outside,living,living,kitchen,kitchen,bathroom,bathroom
26400,d18 Fri 08:00,kitchen,living,kitchen,entry,bedroom,bedroom,entry,living,living,kitchen,kitchen,bathroom,bathroom
26460,d18 Fri 09:00,kitchen,living,kitchen,entry,bedroom,bedroom,entry,living,living,kitchen,kitchen,bathroom,bedroom
26520,d18 Fri 10:00,kitchen,living,kitchen,entry,bedroom,bedroom,entry,living,living,kitchen,kitchen,bathroom,bedroom
26580,d18 Fri 11:00,kitchen,living,kitchen,entry,bedroom,bedroom,entry,living,living,kitchen,kitchen,bathroom,bedroom
26640,d18 Fri 12:00,kitchen,living,kitchen,entry,bedroom,bedroom,entry,living,living,kitchen,kitchen,bathroom,bedroom
26700,d18 Fri 13:00,kitchen,living,kitchen,entry,bedroom,bedroom,entry,living,living,kitchen,kitchen,bathroom,bedroom
26760,d18 Fri 14:00,kitchen,living,kitchen,entry,bedroom,bedroom,entry,living,living,kitchen,kitchen,bathroom,bedroom
26820,d18 Fri 15:00,kitchen,living,kitchen,entry,bedroom,bedroom,entry,living,living,kitchen,kitchen,bathroom,bedroom
26880,d18 Fri 16:00,kitchen,living,kitchen,entry,kitchen,kitchen,entry,living,living,kitchen,kitchen,bathroom,bedroom
26940,d18 Fri 17:00,kitchen,living,kitchen,kitchen,kitchen,bedroom,entry,living,living,kitchen,kitchen,bathroom,bedroom
27000,d18 Fri 18:00,kitchen,living,kitchen,entry,kitchen,bedroom,entry,living,living,kitchen,kitchen,bathroom,bedroom
27060,d18 Fri 19:00,kitchen,living,kitchen,entry,kitchen,bedroom,bedroom,living,living,kitchen,kitchen,bathroom,bedroom
27120,d18 Fri 20:00,kitchen,living,kitchen,entry,kitchen,bedroom,bedroom,living,living,kitchen,kitchen,bathroom,bedroom
27180,d18 Fri 21:00,kitchen,living,kitchen,entry,kitchen,bedroom,bedroom,living,living,kitchen,kitchen,bathroom,bedroom
27240,d18 Fri 22:00,kitchen,living,kitchen,entry,kitchen,bedroom,bedroom,living,living,kitchen,kitchen,bathroom,bedroom
27300,d18 Fri 23:00,kitchen,living,kitchen,entry,kitchen,bedroom,bedroom,living,living,kitchen,kitchen,bathroom,bedroom
27360,d19 Sat 00:00,kitchen,living,kitchen,entry,kitchen,bedroom,bedroom,living,living,kitchen,kitchen,bathroom,bedroom
27420,d19 Sat 01:00,kitchen,living,kitchen,entry,kitchen,bedroom,bedroom,living,living,kitchen,kitchen,bathroom,bedroom
27480,d19 Sat 02:00,kitchen,living,kitchen,entry,kitchen,bedroom,bedroom,living,living,kitchen,kitchen,bathroom,bedroom
27540,d19 Sat 03:00,kitchen,living,kitchen,entry,kitchen,bedroom,bedroom,living,living,kitchen,kitchen,bathroom,bedroom
27600,d19 Sat 04:00,kitchen,living,kitchen,entry,kitchen,bedroom,bedroom,living,living,kitchen,kitchen,bathroom,bedroom
27660,d19 Sat 05:00,kitchen,living,kitchen,entry,kitchen,bedroom,bedroom,living,living,kitchen,kitchen,bathroom,bedroom
27720,d19 Sat 06:00,kitchen,living,kitchen,entry,kitchen,bedroom,bedroom,living,living,kitchen,kitchen,bathroom,bedroom
27780,d19 Sat 07:00,kitchen,living,kitchen,entry,kitchen,bedroom,bedroom,living,living,kitchen,kitchen,bathroom,bedroom
27840,d19 Sat 08:00,kitchen,living,kitchen,entry,kitchen,bedroom,bedroom,living,living,kitchen,kitchen,bathroom,bathroom
27900,d19 Sat 09:00,kitchen,living,kitchen,entry,kitchen,bedroom,bedroom,living,living,kitchen,kitchen,bathroom,bedroom
27960,d19 Sat 10:00,kitchen,living,kitchen,entry,kitchen,bedroom,bedroom,living,living,kitchen,kitchen,bathroom,bedroom
28020,d19 Sat 11:00,kitchen,living,kitchen,entry,kitchen,bedroom,bedroom,living,living,kitchen,kitchen,bathroom,bedroom
28080,d19 Sat 12:00,kitchen,living,kitchen,entry,kitchen,bedroom,bedroom,living,living,kitchen,kitchen,bathroom,bedroom
28140,d19 Sat 13:00,kitchen,living,kitchen,entry,kitchen,bedroom,bedroom,living,living,kitchen,kitchen,bathroom,bedroom
28200,d19 Sat 14:00,kitchen,living,kitchen,entry,kitchen,bedroom,bedroom,living,living,kitchen,kitchen,bathroom,bedroom
28260,d19 Sat 15:00,kitchen,living,kitchen,entry,kitchen,bedroom,bedroom,living,living,kitchen,kitchen,bathroom,bedroom
28320,d19 Sat 16:00,kitchen,living,kitchen,entry,kitchen,bedroom,bedroom,living,living,kitchen,kitchen,bathroom,bedroom
28380,d19 Sat 17:00,kitchen,living,kitchen,entry,kitchen,bedroom,bedroom,living,living,kitchen,kitchen,bathroom,bedroom
28440,d19 Sat 18:00,kitchen,living,kitchen,entry,bedroom,bedroom,entry,living,living,kitchen,kitchen,bathroom,bathroom
28500,d19 Sat 19:00,kitchen,living,entry,entry,bedroom,bedroom,entry,living,living,kitchen,kitchen,bathroom,bathroom
28560,d19 Sat 20:00,kitchen,living,entry,entry,bedroom,bedroom,entry,living,living,kitchen,kitchen,bathroom,bathroom
28620,d19 Sat 21:00,kitchen,living,entry,entry,bedroom,bedroom,entry,living,living,kitchen,kitchen,bathroom,bathroom
28680,d19 Sat 22:00,kitchen,living,entry,entry,bedroom,bedroom,entry,living,living,kitchen,kitchen,bathroom,bathroom
28740,d19 Sat 23:00,kitchen,living,entry,entry,bedroom,bedroom,entry,living,living,kitchen,kitchen,bathroom,bathroom
28800,d20 Sun 00:00,kitchen,living,entry,entry,bedroom,bedroom,entry,living,living,kitchen,kitchen,bathroom,bathroom
28860,d20 Sun 01:00,kitchen,living,entry,entry,bedroom,bedroom,entry,living,living,kitchen,kitchen,bathroom,bathroom
28920,d20 Sun 02:00,kitchen,living,entry,entry,bedroom,bedroom,entry,living,living,kitchen,kitchen,bathroom,bathroom
28980,d20 Sun 03:00,kitchen,living,entry,entry,bedroom,bedroom,entry,living,living,kitchen,kitchen,bathroom,bathroom
29040,d20 Sun 04:00,kitchen,living,entry,entry,bedroom,bedroom,entry,living,living,kitchen,kitchen,bathroom,bathroom
29100,d20 Sun 05:00,kitchen,living,entry,entry,bedroom,bedroom,entry,living,living,kitchen,kitchen,bathroom,bathroom
29160,d20 Sun 06:00,kitchen,living,entry,entry,bedroom,bedroom,entry,living,living,kitchen,kitchen,bathroom,bathroom
29220,d20 Sun 07:00,kitchen,living,outside,outside,bedroom,bedroom,outside,living,living,kitchen,kitchen,bathroom,bathroom
29280,d20 Sun 08:00,kitchen,living,bedroom,entry,bedroom,bedroom,bedroom,living,living,kitchen,kitchen,bathroom,bathroom
29340,d20 Sun 09:00,kitchen,living,bedroom,entry,bedroom,bedroom,bedroom,bedroom,living,kitchen,kitchen,bathroom,bedroom
29400,d20 Sun 10:00,kitchen,living,bedroom,entry,bedroom,bedroom,bedroom,bedroom,living,kitchen,kitchen,bathroom,bedroom
29460,d20 Sun 11:00,kitchen,living,bedroom,entry,bedroom,bedroom,bedroom,bedroom,living,kitchen,kitchen,bathroom,bedroom
29520,d20 Sun 12:00,kitchen,living,bedroom,entry,bedroom,bedroom,bedroom,bedroom,living,kitchen,kitchen,bathroom,bedroom
29580,d20 Sun 13:00,kitchen,living,bedroom,entry,bedroom,bedroom,bedroom,bedroom,living,kitchen,kitchen,bathroom,bedroom
29640,d20 Sun 14:00,kitchen,living,bedroom,entry,bedroom,bedroom,bedroom,bedroom,living,kitchen,kitchen,bathroom,bedroom
29700,d20 Sun 15:00,kitchen,living,bedroom,entry,bedroom,kitchen,bedroom,bedroom,living,kitchen,kitchen,bathroom,bedroom
29760,d20 Sun 16:00,kitchen,living,bedroom,entry,bedroom,kitchen,bedroom,bedroom,living,kitchen,kitchen,bathroom,bathroom
29820,d20 Sun 17:00,kitchen,living,bedroom,entry,bedroom,bedroom,bedroom,bedroom,living,kitchen,kitchen,bathroom,bedroom
29880,d20 Sun 18:00,kitchen,living,bedroom,entry,bedroom,bedroom,entry,bedroom,living,kitchen,kitchen,bathroom,bedroom
29940,d20 Sun 19:00,kitchen,living,outside,outside,bedroom,bedroom,bedroom,bedroom,living,kitchen,kitchen,bathroom,bedroom
30000,d20 Sun 20:00,kitchen,living,kitchen,entry,bedroom,bedroom,bedroom,bedroom,living,kitchen,kitchen,bathroom,bedroom
30060,d20 Sun 21:00,kitchen,living,kitchen,entry,bedroom,bedroom,bedroom,bedroom,living,kitchen,kitchen,bathroom,bedroom
30120,d20 Sun 22:00,kitchen,living,kitchen,entry,bedroom,bedroom,bedroom,bedroom,living,kitchen,kitchen,bathroom,bedroom
30180,d20 Sun 23:00,kitchen,living,kitchen,entry,bedroom,bedroom,bedroom,bedroom,living,kitchen,kitchen,bathroom,bedroom
