start,end,day,t0_min,t1_min,activity
2009-06-10 03:20:59,2009-06-10 03:25:24,0,200.98,205.4,Night_Wandering
2009-06-10 03:45:16,2009-06-10 03:49:29,0,225.27,229.48,Bed_to_Toilet
2009-06-10 03:54:23,2009-06-10 03:58:45,0,234.38,238.75,Night_Wandering
2009-06-10 05:46:00,2009-06-10 05:51:39,0,346.0,351.65,R1_Wake
2009-06-10 05:59:10,2009-06-10 06:18:30,0,359.17,378.5,R2_Wake
2009-06-10 06:19:50,2009-06-10 06:21:23,0,379.83,381.38,R2_Take_Medicine
2009-06-10 06:27:30,2009-06-10 07:03:16,0,387.5,423.27,Breakfast
2009-06-10 08:27:37,2009-06-10 08:27:49,0,507.62,507.82,Leave_Home
2009-06-10 11:26:28,2009-06-10 11:26:48,0,686.47,686.8,Leave_Home
2009-06-10 12:22:58,2009-06-10 13:01:53,0,742.97,781.88,Lunch
2009-06-10 18:02:56,2009-06-10 18:50:15,0,1082.93,1130.25,Dinner
2009-06-10 19:53:32,2009-06-10 20:07:26,0,1193.53,1207.43,R2_Sleep
2009-06-10 20:54:09,2009-06-10 21:21:20,0,1254.15,1281.33,R1_Sleep
2009-06-11 03:46:49,2009-06-11 03:48:54,1,1666.82,1668.9,Bed_to_Toilet
2009-06-11 03:48:55,2009-06-11 03:53:27,1,1668.92,1673.45,Night_Wandering
2009-06-11 05:29:15,2009-06-11 05:46:06,1,1769.25,1786.1,R1_Wake
2009-06-11 06:38:07,2009-06-11 06:52:53,1,1838.12,1852.88,R2_Wake
2009-06-11 06:53:23,2009-06-11 06:54:26,1,1853.38,1854.43,R2_Take_Medicine
2009-06-11 06:55:44,2009-06-11 07:34:32,1,1855.73,1894.53,Breakfast
2009-06-11 10:40:22,2009-06-11 10:40:39,1,2080.37,2080.65,Leave_Home
2009-06-11 12:21:50,2009-06-11 12:53:11,1,2181.83,2213.18,Lunch
2009-06-11 19:16:30,2009-06-11 20:12:12,1,2596.5,2652.2,Dinner
2009-06-11 21:07:54,2009-06-11 21:09:14,1,2707.9,2709.23,R2_Sleep
2009-06-11 21:52:34,2009-06-11 22:12:27,1,2752.57,2772.45,R1_Sleep
2009-06-12 00:48:20,2009-06-12 00:58:20,2,2928.33,2938.33,Bed_to_Toilet
2009-06-12 03:46:22,2009-06-12 03:49:40,2,3106.37,3109.67,Night_Wandering
2009-06-12 06:00:22,2009-06-12 06:04:55,2,3240.37,3244.92,R1_Wake
2009-06-12 06:36:20,2009-06-12 06:56:42,2,3276.33,3296.7,R1_Work
2009-06-12 06:56:54,2009-06-12 07:19:32,2,3296.9,3319.53,R2_Wake
2009-06-12 07:21:02,2009-06-12 07:23:51,2,3321.03,3323.85,R2_Take_Medicine
2009-06-12 07:24:10,2009-06-12 07:40:11,2,3324.17,3340.18,Breakfast
2009-06-12 08:03:16,2009-06-12 08:03:37,2,3363.27,3363.62,Leave_Home
2009-06-12 17:57:34,2009-06-12 18:29:15,2,3957.57,3989.25,Dinner
2009-06-12 20:00:26,2009-06-12 20:18:13,2,4080.43,4098.22,R2_Sleep
2009-06-12 21:30:27,2009-06-12 21:48:20,2,4170.45,4188.33,R1_Sleep
2009-06-13 03:59:07,2009-06-13 04:08:13,3,4559.12,4568.22,Night_Wandering
2009-06-13 06:30:56,2009-06-13 06:32:56,3,4710.93,4712.93,R1_Wake
2009-06-13 07:05:05,2009-06-13 07:24:21,3,4745.08,4764.35,R2_Wake
2009-06-13 07:26:17,2009-06-13 07:27:08,3,4766.28,4767.13,R2_Take_Medicine
2009-06-13 07:44:17,2009-06-13 07:44:36,3,4784.28,4784.6,Leave_Home
2009-06-13 17:50:10,2009-06-13 18:47:29,3,5390.17,5447.48,Dinner
2009-06-13 20:12:39,2009-06-13 20:22:33,3,5532.65,5542.55,R2_Sleep
2009-06-13 21:04:21,2009-06-13 21:14:11,3,5584.35,5594.18,R1_Sleep
2009-06-14 07:35:21,2009-06-14 07:40:29,4,6215.35,6220.48,R1_Wake
2009-06-14 07:44:39,2009-06-14 07:54:20,4,6224.65,6234.33,R2_Wake
2009-06-14 07:56:35,2009-06-14 07:58:39,4,6236.58,6238.65,R2_Take_Medicine
2009-06-14 08:07:26,2009-06-14 08:41:55,4,6247.43,6281.92,Breakfast
2009-06-14 12:13:21,2009-06-14 12:23:34,4,6493.35,6503.57,Lunch
2009-06-14 15:30:24,2009-06-14 15:30:43,4,6690.4,6690.72,Leave_Home
2009-06-14 17:42:32,2009-06-14 18:34:00,4,6822.53,6874.0,Dinner
2009-06-14 20:06:35,2009-06-14 20:20:40,4,6966.58,6980.67,R2_Sleep
2009-06-14 20:49:45,2009-06-14 20:59:58,4,7009.75,7019.97,R1_Sleep
2009-06-15 03:27:23,2009-06-15 03:36:30,5,7407.38,7416.5,Night_Wandering
2009-06-15 06:20:17,2009-06-15 06:37:23,5,7580.28,7597.38,R1_Wake
2009-06-15 06:40:23,2009-06-15 06:46:33,5,7600.38,7606.55,R2_Wake
2009-06-15 06:54:32,2009-06-15 07:01:11,5,7614.53,7621.18,R2_Take_Medicine
2009-06-15 07:02:35,2009-06-15 07:49:42,5,7622.58,7669.7,Breakfast
2009-06-15 12:02:51,2009-06-15 12:33:22,5,7922.85,7953.37,Lunch
2009-06-15 14:27:05,2009-06-15 14:27:38,5,8067.08,8067.63,Leave_Home
2009-06-15 17:56:29,2009-06-15 18:53:57,5,8276.48,8333.95,Dinner
2009-06-15 20:15:53,2009-06-15 20:23:44,5,8415.88,8423.73,R2_Sleep
2009-06-15 20:28:07,2009-06-15 20:52:03,5,8428.12,8452.05,R1_Sleep
2009-06-16 00:40:58,2009-06-16 00:43:09,6,8680.97,8683.15,Bed_to_Toilet
2009-06-16 04:40:09,2009-06-16 04:42:50,6,8920.15,8922.83,Night_Wandering
2009-06-16 07:29:15,2009-06-16 07:36:07,6,9089.25,9096.12,R1_Wake
2009-06-16 07:38:30,2009-06-16 07:46:16,6,9098.5,9106.27,R2_Wake
2009-06-16 07:51:52,2009-06-16 07:52:27,6,9111.87,9112.45,R2_Take_Medicine
2009-06-16 08:11:34,2009-06-16 08:35:20,6,9131.57,9155.33,Breakfast
2009-06-16 09:42:45,2009-06-16 09:43:11,6,9222.75,9223.18,Leave_Home
2009-06-16 17:44:53,2009-06-16 18:32:01,6,9704.88,9752.02,Dinner
2009-06-16 20:28:09,2009-06-16 20:46:11,6,9868.15,9886.18,R2_Sleep
2009-06-16 20:59:41,2009-06-16 21:11:49,6,9899.68,9911.82,R1_Sleep
2009-06-17 01:01:15,2009-06-17 01:18:42,7,10141.25,10158.7,Night_Wandering
2009-06-17 06:00:14,2009-06-17 06:20:23,7,10440.23,10460.38,R1_Wake
2009-06-17 06:23:35,2009-06-17 06:31:48,7,10463.58,10471.8,R2_Wake
2009-06-17 06:46:11,2009-06-17 06:47:49,7,10486.18,10487.82,R2_Take_Medicine
2009-06-17 07:28:38,2009-06-17 07:37:49,7,10528.63,10537.82,Breakfast
2009-06-17 10:58:51,2009-06-17 11:36:39,7,10738.85,10776.65,Lunch
2009-06-17 12:00:40,2009-06-17 12:00:48,7,10800.67,10800.8,Leave_Home
2009-06-17 20:25:26,2009-06-17 20:33:35,7,11305.43,11313.58,R2_Sleep
2009-06-17 20:46:07,2009-06-17 21:01:23,7,11326.12,11341.38,R1_Sleep
2009-06-17 23:40:21,2009-06-17 23:43:16,7,11500.35,11503.27,Night_Wandering
2009-06-18 06:54:16,2009-06-18 06:55:49,8,11934.27,11935.82,R1_Wake
2009-06-18 07:39:49,2009-06-18 08:01:33,8,11979.82,12001.55,R2_Wake
2009-06-18 08:21:20,2009-06-18 08:54:19,8,12021.33,12054.32,Breakfast
2009-06-18 11:49:00,2009-06-18 12:16:29,8,12229.0,12256.48,Lunch
2009-06-18 12:16:37,2009-06-18 12:23:44,8,12256.62,12263.73,Laundry
2009-06-18 18:09:15,2009-06-18 19:07:45,8,12609.25,12667.75,Dinner
2009-06-18 20:02:43,2009-06-18 20:29:52,8,12722.72,12749.87,R2_Sleep
2009-06-18 20:32:48,2009-06-18 20:59:58,8,12752.8,12779.97,R1_Sleep
2009-06-18 23:38:20,2009-06-18 23:40:36,8,12938.33,12940.6,Night_Wandering
2009-06-19 02:25:27,2009-06-19 02:29:38,9,13105.45,13109.63,Bed_to_Toilet
2009-06-19 05:10:47,2009-06-19 05:14:31,9,13270.78,13274.52,Night_Wandering
2009-06-19 06:28:39,2009-06-19 06:31:22,9,13348.65,13351.37,R1_Wake
2009-06-19 06:41:54,2009-06-19 06:55:24,9,13361.9,13375.4,R2_Wake
2009-06-19 07:03:43,2009-06-19 07:05:28,9,13383.72,13385.47,R2_Take_Medicine
2009-06-19 07:17:04,2009-06-19 07:37:59,9,13397.07,13417.98,Breakfast
2009-06-19 11:44:50,2009-06-19 12:37:58,9,13664.83,13717.97,Lunch
2009-06-19 13:11:43,2009-06-19 13:11:58,9,13751.72,13751.97,Leave_Home
2009-06-19 18:19:08,2009-06-19 18:19:33,9,14059.13,14059.55,Leave_Home
2009-06-19 20:16:30,2009-06-19 20:33:04,9,14176.5,14193.07,R2_Sleep
2009-06-19 21:14:04,2009-06-19 21:21:34,9,14234.07,14241.57,R1_Sleep
2009-06-20 06:08:05,2009-06-20 06:11:22,10,14768.08,14771.37,R1_Wake
2009-06-20 06:21:28,2009-06-20 07:00:07,10,14781.47,14820.12,R1_Work
2009-06-20 06:57:51,2009-06-20 07:16:53,10,14817.85,14836.88,R2_Wake
2009-06-20 07:18:07,2009-06-20 07:18:51,10,14838.12,14838.85,R2_Take_Medicine
2009-06-20 07:29:48,2009-06-20 08:00:43,10,14849.8,14880.72,Breakfast
2009-06-20 10:08:55,2009-06-20 10:12:20,10,15008.92,15012.33,Leave_Home
2009-06-20 11:51:34,2009-06-20 12:49:13,10,15111.57,15169.22,Lunch
2009-06-20 17:36:09,2009-06-20 18:29:43,10,15456.15,15509.72,Dinner
2009-06-20 20:11:35,2009-06-20 20:28:20,10,15611.58,15628.33,R2_Sleep
2009-06-20 21:18:31,2009-06-20 21:36:21,10,15678.52,15696.35,R1_Sleep
2009-06-21 04:08:04,2009-06-21 04:11:28,11,16088.07,16091.47,Night_Wandering
2009-06-21 07:21:15,2009-06-21 07:28:05,11,16281.25,16288.08,R1_Wake
2009-06-21 07:31:32,2009-06-21 07:58:06,11,16291.53,16318.1,R2_Wake
2009-06-21 07:59:23,2009-06-21 08:00:03,11,16319.38,16320.05,R2_Take_Medicine
2009-06-21 08:01:35,2009-06-21 08:25:52,11,16321.58,16345.87,Breakfast
2009-06-21 09:19:18,2009-06-21 09:19:33,11,16399.3,16399.55,Leave_Home
2009-06-21 10:02:12,2009-06-21 10:02:27,11,16442.2,16442.45,Leave_Home
2009-06-21 11:58:51,2009-06-21 12:14:53,11,16558.85,16574.88,Lunch
2009-06-21 15:22:18,2009-06-21 15:22:46,11,16762.3,16762.77,Leave_Home
2009-06-21 17:21:46,2009-06-21 18:51:12,11,16881.77,16971.2,Dinner
2009-06-21 20:16:56,2009-06-21 20:24:58,11,17056.93,17064.97,R2_Sleep
2009-06-21 20:26:32,2009-06-21 20:50:35,11,17066.53,17090.58,R1_Sleep
2009-06-22 04:01:31,2009-06-22 04:03:24,12,17521.52,17523.4,R1_Wake
2009-06-22 05:40:53,2009-06-22 06:05:05,12,17620.88,17645.08,R2_Wake
2009-06-22 06:24:51,2009-06-22 06:26:16,12,17664.85,17666.27,R2_Take_Medicine
2009-06-22 06:27:05,2009-06-22 06:49:36,12,17667.08,17689.6,Breakfast
2009-06-22 07:37:25,2009-06-22 07:37:36,12,17737.42,17737.6,Leave_Home
2009-06-22 12:41:06,2009-06-22 13:00:02,12,18041.1,18060.03,Lunch
2009-06-23 06:45:22,2009-06-23 06:46:24,13,19125.37,19126.4,R1_Wake
2009-06-23 06:54:06,2009-06-23 06:57:24,13,19134.1,19137.4,R2_Wake
2009-06-23 07:56:56,2009-06-23 08:28:26,13,19196.93,19228.43,Breakfast
2009-06-23 12:05:31,2009-06-23 12:05:41,13,19445.52,19445.68,Leave_Home
2009-06-23 17:56:44,2009-06-23 19:08:58,13,19796.73,19868.97,Dinner
2009-06-24 06:05:16,2009-06-24 06:17:11,14,20525.27,20537.18,R1_Wake
2009-06-24 06:22:29,2009-06-24 06:34:45,14,20542.48,20554.75,R2_Wake
2009-06-24 06:48:47,2009-06-24 06:50:00,14,20568.78,20570.0,R2_Take_Medicine
2009-06-24 06:52:30,2009-06-24 07:20:30,14,20572.5,20600.5,Breakfast
2009-06-24 11:36:40,2009-06-24 13:02:32,14,20856.67,20942.53,Lunch
2009-06-24 14:37:57,2009-06-24 14:38:23,14,21037.95,21038.38,Leave_Home
2009-06-24 17:52:43,2009-06-24 18:39:30,14,21232.72,21279.5,Dinner
2009-06-24 20:12:49,2009-06-24 20:25:25,14,21372.82,21385.42,R2_Sleep
2009-06-24 20:29:57,2009-06-24 20:38:02,14,21389.95,21398.03,R1_Sleep
2009-06-25 02:36:06,2009-06-25 02:40:55,15,21756.1,21760.92,Bed_to_Toilet
2009-06-25 06:22:48,2009-06-25 06:29:11,15,21982.8,21989.18,R1_Wake
2009-06-25 07:12:43,2009-06-25 07:24:55,15,22032.72,22044.92,R2_Wake
2009-06-25 07:25:10,2009-06-25 07:26:00,15,22045.17,22046.0,R2_Take_Medicine
2009-06-25 07:53:22,2009-06-25 08:22:33,15,22073.37,22102.55,Breakfast
2009-06-25 10:08:19,2009-06-25 10:08:33,15,22208.32,22208.55,Leave_Home
2009-06-25 17:44:20,2009-06-25 18:11:59,15,22664.33,22691.98,Dinner
2009-06-25 20:18:46,2009-06-25 20:26:28,15,22818.77,22826.47,R2_Sleep
2009-06-25 20:35:08,2009-06-25 20:48:55,15,22835.13,22848.92,R1_Sleep
2009-06-26 06:22:55,2009-06-26 06:24:17,16,23422.92,23424.28,R1_Wake
2009-06-26 06:24:06,2009-06-26 06:47:47,16,23424.1,23447.78,R2_Wake
2009-06-26 06:49:02,2009-06-26 06:50:20,16,23449.03,23450.33,R2_Take_Medicine
2009-06-26 07:04:36,2009-06-26 07:42:05,16,23464.6,23502.08,Breakfast
2009-06-26 10:23:49,2009-06-26 10:24:16,16,23663.82,23664.27,Leave_Home
2009-06-26 13:06:20,2009-06-26 13:06:38,16,23826.33,23826.63,Leave_Home
2009-06-26 17:42:14,2009-06-26 18:54:22,16,24102.23,24174.37,Dinner
2009-06-26 20:05:47,2009-06-26 20:26:14,16,24245.78,24266.23,R2_Sleep
2009-06-26 21:09:21,2009-06-26 21:26:13,16,24309.35,24326.22,R1_Sleep
2009-06-27 02:18:29,2009-06-27 02:21:47,17,24618.48,24621.78,Night_Wandering
2009-06-27 03:07:04,2009-06-27 03:10:59,17,24667.07,24670.98,Bed_to_Toilet
2009-06-27 05:03:31,2009-06-27 05:06:11,17,24783.52,24786.18,Night_Wandering
2009-06-27 07:41:32,2009-06-27 07:47:54,17,24941.53,24947.9,R1_Wake
2009-06-27 07:52:44,2009-06-27 08:06:33,17,24952.73,24966.55,R2_Wake
2009-06-27 08:07:25,2009-06-27 08:24:17,17,24967.42,24984.28,Breakfast
2009-06-27 08:07:32,2009-06-27 08:08:50,17,24967.53,24968.83,R2_Take_Medicine
2009-06-27 08:26:16,2009-06-27 08:26:33,17,24986.27,24986.55,Leave_Home
2009-06-27 08:51:51,2009-06-27 08:52:10,17,25011.85,25012.17,Leave_Home
2009-06-27 11:39:54,2009-06-27 11:54:25,17,25179.9,25194.42,Lunch
2009-06-27 16:50:48,2009-06-27 16:52:14,17,25490.8,25492.23,Leave_Home
2009-06-27 18:04:56,2009-06-27 19:48:52,17,25564.93,25668.87,Dinner
2009-06-27 20:19:36,2009-06-27 20:32:02,17,25699.6,25712.03,R2_Sleep
2009-06-27 20:44:51,2009-06-27 20:55:25,17,25724.85,25735.42,R1_Sleep
2009-06-28 00:14:11,2009-06-28 00:18:01,18,25934.18,25938.02,Night_Wandering
2009-06-28 03:03:41,2009-06-28 03:23:44,18,26103.68,26123.73,Night_Wandering
2009-06-28 07:17:52,2009-06-28 07:35:07,18,26357.87,26375.12,R2_Wake
2009-06-28 07:20:24,2009-06-28 07:32:40,18,26360.4,26372.67,R1_Wake
2009-06-28 07:37:57,2009-06-28 07:38:32,18,26377.95,26378.53,R2_Take_Medicine
2009-06-28 07:43:59,2009-06-28 08:18:15,18,26383.98,26418.25,Breakfast
2009-06-28 12:12:58,2009-06-28 12:29:42,18,26652.97,26669.7,Lunch
2009-06-28 14:04:15,2009-06-28 14:04:50,18,26764.25,26764.83,Leave_Home
2009-06-28 18:06:41,2009-06-28 18:34:15,18,27006.68,27034.25,Dinner
2009-06-28 20:04:10,2009-06-28 20:10:58,18,27124.17,27130.97,R2_Sleep
2009-06-28 20:18:44,2009-06-28 20:31:06,18,27138.73,27151.1,R1_Sleep
2009-06-29 00:01:01,2009-06-29 00:03:06,19,27361.02,27363.1,Night_Wandering
2009-06-29 04:06:01,2009-06-29 04:08:54,19,27606.02,27608.9,Night_Wandering
2009-06-29 06:39:30,2009-06-29 06:45:37,19,27759.5,27765.62,R1_Wake
2009-06-29 06:47:08,2009-06-29 06:58:51,19,27767.13,27778.85,R2_Wake
2009-06-29 07:00:43,2009-06-29 07:01:38,19,27780.72,27781.63,R2_Take_Medicine
2009-06-29 07:04:55,2009-06-29 07:53:02,19,27784.92,27833.03,Breakfast
2009-06-29 11:17:33,2009-06-29 12:08:54,19,28037.55,28088.9,Lunch
2009-06-29 14:51:09,2009-06-29 15:53:16,19,28251.15,28313.27,R1_Work
2009-06-29 17:48:27,2009-06-29 18:29:01,19,28428.45,28469.02,Dinner
2009-06-29 20:12:27,2009-06-29 20:17:32,19,28572.45,28577.53,R2_Sleep
2009-06-30 08:46:14,2009-06-30 08:53:08,20,29326.23,29333.13,R2_Wake
2009-06-30 11:31:35,2009-06-30 11:33:13,20,29491.58,29493.22,Leave_Home
2009-06-30 12:09:30,2009-06-30 12:55:31,20,29529.5,29575.52,Lunch
2009-06-30 14:19:02,2009-06-30 15:31:16,20,29659.03,29731.27,R1_Work
2009-06-30 16:23:15,2009-06-30 16:23:34,20,29783.25,29783.57,Leave_Home
2009-06-30 17:31:38,2009-06-30 18:12:21,20,29851.63,29892.35,Dinner
2009-06-30 20:26:26,2009-06-30 20:53:31,20,30026.43,30053.52,R2_Sleep
2009-07-01 07:05:58,2009-07-01 07:08:14,21,30665.97,30668.23,R1_Wake
2009-07-01 07:20:52,2009-07-01 07:21:56,21,30680.87,30681.93,R2_Take_Medicine
2009-07-01 07:26:50,2009-07-01 07:52:30,21,30686.83,30712.5,Breakfast
2009-07-01 11:43:01,2009-07-01 12:13:42,21,30943.02,30973.7,Lunch
2009-07-01 12:47:57,2009-07-01 12:48:29,21,31007.95,31008.48,Leave_Home
2009-07-02 18:25:30,2009-07-02 19:00:54,22,32785.5,32820.9,Dinner
2009-07-02 20:46:31,2009-07-02 20:50:14,22,32926.52,32930.23,R2_Sleep
2009-07-02 21:12:50,2009-07-02 21:30:43,22,32952.83,32970.72,R1_Sleep
2009-07-03 01:27:16,2009-07-03 01:30:05,23,33207.27,33210.08,Night_Wandering
2009-07-03 03:46:45,2009-07-03 03:51:12,23,33346.75,33351.2,Bed_to_Toilet
2009-07-03 06:27:01,2009-07-03 06:29:37,23,33507.02,33509.62,R1_Wake
2009-07-03 06:35:24,2009-07-03 06:55:38,23,33515.4,33535.63,R2_Wake
2009-07-03 06:55:47,2009-07-03 06:56:50,23,33535.78,33536.83,R2_Take_Medicine
2009-07-03 06:59:02,2009-07-03 07:36:56,23,33539.03,33576.93,Breakfast
2009-07-03 10:07:38,2009-07-03 10:21:06,23,33727.63,33741.1,Laundry
2009-07-03 17:47:49,2009-07-03 18:44:03,23,34187.82,34244.05,Dinner
2009-07-03 21:06:17,2009-07-03 21:09:09,23,34386.28,34389.15,R2_Sleep
2009-07-03 22:57:13,2009-07-03 22:57:49,23,34497.22,34497.82,R1_Sleep
2009-07-04 02:11:21,2009-07-04 02:23:05,24,34691.35,34703.08,Bed_to_Toilet
2009-07-04 07:39:55,2009-07-04 07:46:15,24,35019.92,35026.25,R1_Wake
2009-07-04 07:51:34,2009-07-04 07:59:02,24,35031.57,35039.03,R2_Wake
2009-07-04 07:59:54,2009-07-04 08:00:27,24,35039.9,35040.45,R2_Take_Medicine
2009-07-04 08:04:58,2009-07-04 08:42:50,24,35044.97,35082.83,Breakfast
2009-07-04 10:14:26,2009-07-04 10:15:06,24,35174.43,35175.1,Leave_Home
2009-07-04 11:45:05,2009-07-04 12:21:17,24,35265.08,35301.28,Lunch
2009-07-04 16:02:34,2009-07-04 16:02:52,24,35522.57,35522.87,Leave_Home
2009-07-04 21:04:50,2009-07-04 21:07:09,24,35824.83,35827.15,R2_Sleep
2009-07-04 21:08:00,2009-07-04 21:20:48,24,35828.0,35840.8,R1_Sleep
2009-07-05 04:02:01,2009-07-05 04:05:48,25,36242.02,36245.8,R1_Wake
2009-07-05 06:48:25,2009-07-05 07:30:21,25,36408.42,36450.35,R2_Wake
2009-07-05 07:31:12,2009-07-05 07:32:11,25,36451.2,36452.18,R2_Take_Medicine
2009-07-05 07:33:26,2009-07-05 08:15:05,25,36453.43,36495.08,Breakfast
2009-07-05 17:11:36,2009-07-05 17:12:13,25,37031.6,37032.22,Leave_Home
2009-07-06 11:22:18,2009-07-06 11:22:26,26,38122.3,38122.43,Leave_Home
2009-07-06 18:09:58,2009-07-06 18:10:09,26,38529.97,38530.15,Leave_Home
2009-07-07 11:07:13,2009-07-07 11:32:52,27,39547.22,39572.87,Lunch
2009-07-07 11:34:19,2009-07-07 11:34:29,27,39574.32,39574.48,Leave_Home
2009-07-07 20:53:51,2009-07-07 21:08:28,27,40133.85,40148.47,R2_Sleep
2009-07-07 21:08:56,2009-07-07 21:52:47,27,40148.93,40192.78,R1_Work
2009-07-07 21:52:48,2009-07-07 21:53:41,27,40192.8,40193.68,R1_Sleep
2009-07-08 04:03:03,2009-07-08 04:05:39,28,40563.05,40565.65,Night_Wandering
2009-07-08 04:07:59,2009-07-08 04:12:01,28,40567.98,40572.02,Night_Wandering
2009-07-08 04:39:37,2009-07-08 04:42:19,28,40599.62,40602.32,R1_Wake
2009-07-08 05:44:49,2009-07-08 05:50:11,28,40664.82,40670.18,R2_Wake
2009-07-08 05:52:27,2009-07-08 05:54:35,28,40672.45,40674.58,R2_Take_Medicine
2009-07-08 06:22:48,2009-07-08 06:49:47,28,40702.8,40729.78,Breakfast
2009-07-08 11:32:35,2009-07-08 12:05:32,28,41012.58,41045.53,Lunch
2009-07-08 16:02:14,2009-07-08 16:10:38,28,41282.23,41290.63,Laundry
2009-07-08 17:44:46,2009-07-08 18:22:46,28,41384.77,41422.77,Dinner
2009-07-08 21:03:25,2009-07-08 21:22:27,28,41583.42,41602.45,R2_Sleep
2009-07-08 21:31:44,2009-07-08 21:40:08,28,41611.73,41620.13,R1_Sleep
2009-07-09 09:13:00,2009-07-09 09:17:21,29,42313.0,42317.35,R1_Wake
2009-07-09 21:01:30,2009-07-09 21:08:10,29,43021.5,43028.17,R2_Sleep
2009-07-09 21:32:24,2009-07-09 21:41:23,29,43052.4,43061.38,R1_Sleep
2009-07-10 06:44:24,2009-07-10 06:49:25,30,43604.4,43609.42,R1_Wake
2009-07-10 06:59:40,2009-07-10 07:22:49,30,43619.67,43642.82,R2_Wake
2009-07-10 07:26:06,2009-07-10 07:26:40,30,43646.1,43646.67,R2_Take_Medicine
2009-07-10 07:29:55,2009-07-10 07:57:29,30,43649.92,43677.48,Breakfast
2009-07-10 11:29:46,2009-07-10 11:30:07,30,43889.77,43890.12,Leave_Home
2009-07-10 17:49:26,2009-07-10 18:24:26,30,44269.43,44304.43,Dinner
2009-07-10 20:00:27,2009-07-10 20:18:13,30,44400.45,44418.22,R2_Sleep
2009-07-10 20:18:16,2009-07-10 20:39:59,30,44418.27,44439.98,R1_Work
2009-07-10 20:39:59,2009-07-10 20:50:03,30,44439.98,44450.05,R1_Sleep
2009-07-10 21:57:46,2009-07-10 21:59:46,30,44517.77,44519.77,Night_Wandering
2009-07-11 01:05:13,2009-07-11 01:11:27,31,44705.22,44711.45,Bed_to_Toilet
2009-07-11 07:12:15,2009-07-11 07:19:15,31,45072.25,45079.25,R1_Wake
2009-07-11 07:17:40,2009-07-11 07:19:49,31,45077.67,45079.82,R2_Wake
2009-07-11 07:26:43,2009-07-11 07:27:39,31,45086.72,45087.65,R2_Take_Medicine
2009-07-11 07:43:19,2009-07-11 08:15:12,31,45103.32,45135.2,Breakfast
2009-07-11 09:36:36,2009-07-11 09:37:29,31,45216.6,45217.48,Leave_Home
2009-07-11 11:59:04,2009-07-11 12:33:18,31,45359.07,45393.3,Lunch
2009-07-11 17:57:36,2009-07-11 17:57:58,31,45717.6,45717.97,Leave_Home
2009-07-11 19:26:13,2009-07-11 19:34:53,31,45806.22,45814.88,Laundry
2009-07-11 21:49:41,2009-07-11 22:08:37,31,45949.68,45968.62,R2_Sleep
2009-07-11 21:51:28,2009-07-11 22:11:28,31,45951.47,45971.47,R1_Sleep
2009-07-12 02:33:01,2009-07-12 02:36:12,32,46233.02,46236.2,Night_Wandering
2009-07-12 07:56:03,2009-07-12 08:00:19,32,46556.05,46560.32,R1_Wake
2009-07-12 08:10:43,2009-07-12 08:23:28,32,46570.72,46583.47,R1_Work
2009-07-12 08:51:17,2009-07-12 09:07:15,32,46611.28,46627.25,R2_Wake
2009-07-12 09:07:46,2009-07-12 09:09:06,32,46627.77,46629.1,R2_Take_Medicine
2009-07-12 09:09:53,2009-07-12 09:27:14,32,46629.88,46647.23,Breakfast
2009-07-12 10:20:27,2009-07-12 10:58:24,32,46700.45,46738.4,R1_Work
2009-07-12 12:00:20,2009-07-12 12:00:49,32,46800.33,46800.82,Leave_Home
2009-07-12 15:15:12,2009-07-12 15:15:32,32,46995.2,46995.53,Leave_Home
2009-07-12 17:46:13,2009-07-12 18:10:54,32,47146.22,47170.9,Dinner
2009-07-12 20:58:55,2009-07-12 21:08:10,32,47338.92,47348.17,R2_Sleep
2009-07-12 21:08:17,2009-07-12 21:32:37,32,47348.28,47372.62,R1_Work
2009-07-12 21:32:41,2009-07-12 21:33:43,32,47372.68,47373.72,R1_Sleep
2009-07-12 22:10:11,2009-07-12 22:12:29,32,47410.18,47412.48,Night_Wandering
2009-07-13 06:51:57,2009-07-13 06:57:25,33,47931.95,47937.42,R1_Wake
2009-07-13 06:55:47,2009-07-13 07:10:11,33,47935.78,47950.18,R2_Wake
2009-07-13 07:12:14,2009-07-13 07:13:35,33,47952.23,47953.58,R2_Take_Medicine
2009-07-13 07:14:04,2009-07-13 07:35:31,33,47954.07,47975.52,Breakfast
2009-07-13 08:49:50,2009-07-13 08:50:08,33,48049.83,48050.13,Leave_Home
2009-07-13 15:38:41,2009-07-13 16:51:45,33,48458.68,48531.75,R1_Work
2009-07-13 17:53:23,2009-07-13 18:27:32,33,48593.38,48627.53,Dinner
2009-07-13 18:31:59,2009-07-13 18:32:08,33,48631.98,48632.13,Leave_Home
2009-07-13 21:11:49,2009-07-13 21:24:32,33,48791.82,48804.53,R2_Sleep
2009-07-13 22:31:39,2009-07-13 22:40:29,33,48871.65,48880.48,R1_Sleep
2009-07-14 04:15:21,2009-07-14 04:21:23,34,49215.35,49221.38,Night_Wandering
2009-07-14 07:28:54,2009-07-14 07:33:30,34,49408.9,49413.5,R1_Wake
2009-07-14 08:02:16,2009-07-14 08:18:10,34,49442.27,49458.17,R2_Wake
2009-07-14 08:22:51,2009-07-14 08:24:39,34,49462.85,49464.65,R2_Take_Medicine
2009-07-14 08:25:25,2009-07-14 08:58:50,34,49465.42,49498.83,Breakfast
2009-07-14 11:49:33,2009-07-14 11:49:54,34,49669.55,49669.9,Leave_Home
2009-07-14 12:56:36,2009-07-14 13:19:46,34,49736.6,49759.77,Lunch
2009-07-14 15:30:06,2009-07-14 15:30:47,34,49890.1,49890.78,Leave_Home
2009-07-14 18:13:47,2009-07-14 18:38:31,34,50053.78,50078.52,Dinner
2009-07-14 20:57:36,2009-07-14 21:22:30,34,50217.6,50242.5,R2_Sleep
2009-07-14 21:06:36,2009-07-14 21:24:50,34,50226.6,50244.83,R1_Sleep
2009-07-15 00:40:43,2009-07-15 00:42:29,35,50440.72,50442.48,Night_Wandering
2009-07-15 03:44:10,2009-07-15 03:45:30,35,50624.17,50625.5,Night_Wandering
2009-07-15 07:47:26,2009-07-15 07:56:08,35,50867.43,50876.13,R1_Wake
2009-07-15 08:05:26,2009-07-15 08:12:26,35,50885.43,50892.43,R1_Work
2009-07-15 08:13:00,2009-07-15 08:50:59,35,50893.0,50930.98,R1_Work
2009-07-15 09:51:51,2009-07-15 10:05:35,35,50991.85,51005.58,R2_Wake
2009-07-15 10:58:38,2009-07-15 10:59:04,35,51058.63,51059.07,Leave_Home
2009-07-15 18:00:53,2009-07-15 18:50:56,35,51480.88,51530.93,Dinner
2009-07-15 20:41:18,2009-07-15 20:53:24,35,51641.3,51653.4,R2_Sleep
2009-07-15 21:01:45,2009-07-15 21:02:16,35,51661.75,51662.27,R1_Sleep
2009-07-16 03:31:09,2009-07-16 03:40:28,36,52051.15,52060.47,Night_Wandering
2009-07-16 04:44:29,2009-07-16 04:47:13,36,52124.48,52127.22,Night_Wandering
2009-07-16 06:28:36,2009-07-16 06:31:46,36,52228.6,52231.77,Night_Wandering
2009-07-16 08:06:04,2009-07-16 08:08:26,36,52326.07,52328.43,R1_Wake
2009-07-16 08:35:11,2009-07-16 08:54:21,36,52355.18,52374.35,R1_Work
2009-07-16 08:54:16,2009-07-16 09:14:16,36,52374.27,52394.27,R2_Wake
2009-07-16 09:25:46,2009-07-16 10:12:27,36,52405.77,52452.45,Breakfast
2009-07-16 12:13:13,2009-07-16 12:39:56,36,52573.22,52599.93,Lunch
2009-07-16 12:58:36,2009-07-16 12:58:50,36,52618.6,52618.83,Leave_Home
2009-07-16 17:45:02,2009-07-16 18:19:35,36,52905.03,52939.58,Dinner
2009-07-16 20:47:34,2009-07-16 20:51:27,36,53087.57,53091.45,R2_Sleep
2009-07-16 20:57:26,2009-07-16 20:58:10,36,53097.43,53098.17,R1_Sleep
2009-07-17 05:22:00,2009-07-17 05:26:11,37,53602.0,53606.18,Night_Wandering
2009-07-17 06:15:13,2009-07-17 06:18:43,37,53655.22,53658.72,R1_Wake
2009-07-17 06:27:45,2009-07-17 06:41:43,37,53667.75,53681.72,R2_Wake
2009-07-17 06:42:06,2009-07-17 06:42:53,37,53682.1,53682.88,R2_Take_Medicine
2009-07-17 06:50:20,2009-07-17 07:19:28,37,53690.33,53719.47,Breakfast
2009-07-17 07:41:15,2009-07-17 07:57:26,37,53741.25,53757.43,R1_Work
2009-07-17 09:45:32,2009-07-17 09:45:44,37,53865.53,53865.73,Leave_Home
2009-07-17 10:04:57,2009-07-17 10:05:14,37,53884.95,53885.23,Leave_Home
2009-07-17 11:32:25,2009-07-17 12:02:58,37,53972.42,54002.97,Lunch
2009-07-17 14:03:05,2009-07-17 14:12:25,37,54123.08,54132.42,Laundry
2009-07-17 15:22:31,2009-07-17 15:26:19,37,54202.52,54206.32,Laundry
2009-07-17 16:31:30,2009-07-17 16:31:56,37,54271.5,54271.93,Leave_Home
2009-07-17 18:28:54,2009-07-17 18:52:49,37,54388.9,54412.82,Dinner
2009-07-17 21:26:03,2009-07-17 21:36:00,37,54566.05,54576.0,R2_Sleep
2009-07-17 21:36:07,2009-07-17 21:39:55,37,54576.12,54579.92,R1_Sleep
2009-07-18 00:08:12,2009-07-18 00:10:06,38,54728.2,54730.1,Bed_to_Toilet
2009-07-18 03:28:12,2009-07-18 03:32:29,38,54928.2,54932.48,Night_Wandering
2009-07-18 05:15:32,2009-07-18 05:18:20,38,55035.53,55038.33,Night_Wandering
2009-07-18 09:06:00,2009-07-18 09:12:50,38,55266.0,55272.83,R1_Wake
2009-07-18 09:26:22,2009-07-18 09:33:51,38,55286.37,55293.85,R2_Wake
2009-07-18 09:40:06,2009-07-18 09:56:17,38,55300.1,55316.28,Breakfast
2009-07-18 10:26:12,2009-07-18 10:26:50,38,55346.2,55346.83,Leave_Home
2009-07-18 12:59:54,2009-07-18 13:23:54,38,55499.9,55523.9,Lunch
2009-07-18 13:55:10,2009-07-18 14:27:16,38,55555.17,55587.27,R1_Work
2009-07-18 15:49:37,2009-07-18 16:52:27,38,55669.62,55732.45,R1_Work
2009-07-18 17:56:16,2009-07-18 17:56:50,38,55796.27,55796.83,Leave_Home
2009-07-18 19:12:40,2009-07-18 19:13:19,38,55872.67,55873.32,Leave_Home
2009-07-18 20:57:41,2009-07-18 21:29:49,38,55977.68,56009.82,R2_Sleep
2009-07-18 21:02:25,2009-07-18 21:32:41,38,55982.42,56012.68,R1_Sleep
2009-07-19 00:46:59,2009-07-19 00:49:09,39,56206.98,56209.15,Bed_to_Toilet
2009-07-19 03:27:45,2009-07-19 03:32:41,39,56367.75,56372.68,Bed_to_Toilet
2009-07-19 05:55:32,2009-07-19 05:58:22,39,56515.53,56518.37,Night_Wandering
2009-07-19 08:34:30,2009-07-19 08:39:04,39,56674.5,56679.07,R1_Wake
2009-07-19 08:51:10,2009-07-19 09:15:31,39,56691.17,56715.52,R1_Work
2009-07-19 09:10:31,2009-07-19 09:28:13,39,56710.52,56728.22,R2_Wake
2009-07-19 09:29:23,2009-07-19 09:29:55,39,56729.38,56729.92,R2_Take_Medicine
2009-07-19 09:41:51,2009-07-19 10:23:26,39,56741.85,56783.43,Breakfast
2009-07-19 10:46:57,2009-07-19 10:47:40,39,56806.95,56807.67,Leave_Home
2009-07-19 17:58:09,2009-07-19 18:20:05,39,57238.15,57260.08,Dinner
2009-07-19 20:36:57,2009-07-19 20:58:40,39,57396.95,57418.67,R2_Sleep
2009-07-19 22:05:30,2009-07-19 22:07:30,39,57485.5,57487.5,R1_Sleep
2009-07-20 00:42:33,2009-07-20 00:45:04,40,57642.55,57645.07,Bed_to_Toilet
2009-07-20 03:17:15,2009-07-20 03:19:55,40,57797.25,57799.92,Night_Wandering
2009-07-20 06:02:12,2009-07-20 06:06:53,40,57962.2,57966.88,R1_Wake
2009-07-20 06:24:35,2009-07-20 06:46:41,40,57984.58,58006.68,R1_Work
2009-07-20 06:59:39,2009-07-20 07:09:36,40,58019.65,58029.6,R2_Wake
2009-07-20 07:14:47,2009-07-20 07:15:20,40,58034.78,58035.33,R2_Take_Medicine
2009-07-20 07:15:47,2009-07-20 07:28:09,40,58035.78,58048.15,Breakfast
2009-07-20 08:05:10,2009-07-20 08:05:25,40,58085.17,58085.42,Leave_Home
2009-07-20 11:45:23,2009-07-20 12:16:54,40,58305.38,58336.9,Lunch
2009-07-20 16:20:39,2009-07-20 17:00:11,40,58580.65,58620.18,R1_Work
2009-07-20 17:56:47,2009-07-20 18:20:14,40,58676.78,58700.23,Dinner
2009-07-20 18:20:21,2009-07-20 19:20:28,40,58700.35,58760.47,R1_Work
2009-07-20 20:01:13,2009-07-20 20:06:04,40,58801.22,58806.07,R2_Sleep
2009-07-20 21:07:58,2009-07-20 21:19:42,40,58867.97,58879.7,R1_Work
2009-07-20 21:19:46,2009-07-20 21:20:15,40,58879.77,58880.25,R1_Sleep
2009-07-21 07:09:16,2009-07-21 07:13:50,41,59469.27,59473.83,R1_Wake
2009-07-21 08:12:00,2009-07-21 08:32:59,41,59532.0,59552.98,R2_Wake
2009-07-21 08:34:03,2009-07-21 08:34:56,41,59554.05,59554.93,R2_Take_Medicine
2009-07-21 08:50:04,2009-07-21 09:13:23,41,59570.07,59593.38,Breakfast
2009-07-21 09:43:33,2009-07-21 09:44:01,41,59623.55,59624.02,Leave_Home
2009-07-21 17:38:33,2009-07-21 18:31:51,41,60098.55,60151.85,Dinner
2009-07-21 20:15:48,2009-07-21 20:19:45,41,60255.8,60259.75,R2_Sleep
2009-07-21 20:41:55,2009-07-21 20:45:24,41,60281.92,60285.4,R1_Sleep
2009-07-22 00:27:28,2009-07-22 00:29:27,42,60507.47,60509.45,Night_Wandering
2009-07-22 00:46:23,2009-07-22 01:11:22,42,60526.38,60551.37,Night_Wandering
2009-07-22 04:44:54,2009-07-22 04:46:37,42,60764.9,60766.62,Night_Wandering
2009-07-22 06:40:21,2009-07-22 06:45:41,42,60880.35,60885.68,R1_Wake
2009-07-22 07:04:01,2009-07-22 07:33:20,42,60904.02,60933.33,R2_Wake
2009-07-22 07:34:07,2009-07-22 07:44:02,42,60934.12,60944.03,R1_Work
2009-07-22 07:44:39,2009-07-22 07:57:53,42,60944.65,60957.88,Breakfast
2009-07-22 07:58:09,2009-07-22 08:21:46,42,60958.15,60981.77,R1_Work
2009-07-22 12:07:00,2009-07-22 12:37:44,42,61207.0,61237.73,Lunch
2009-07-22 17:51:14,2009-07-22 19:11:27,42,61551.23,61631.45,Dinner
2009-07-22 20:03:06,2009-07-22 20:24:22,42,61683.1,61704.37,R2_Sleep
2009-07-22 20:24:23,2009-07-22 21:16:44,42,61704.38,61756.73,R1_Work
2009-07-22 21:25:36,2009-07-22 21:42:38,42,61765.6,61782.63,R1_Work
2009-07-22 23:08:58,2009-07-22 23:11:08,42,61868.97,61871.13,R1_Sleep
2009-07-23 01:21:35,2009-07-23 01:23:36,43,62001.58,62003.6,Bed_to_Toilet
2009-07-23 02:50:22,2009-07-23 02:55:34,43,62090.37,62095.57,Night_Wandering
2009-07-23 04:44:56,2009-07-23 04:47:26,43,62204.93,62207.43,Night_Wandering
2009-07-23 06:13:30,2009-07-23 06:16:15,43,62293.5,62296.25,Night_Wandering
2009-07-23 08:29:07,2009-07-23 08:34:01,43,62429.12,62434.02,R1_Wake
2009-07-23 08:44:00,2009-07-23 09:03:06,43,62444.0,62463.1,R1_Work
2009-07-23 08:52:38,2009-07-23 09:07:32,43,62452.63,62467.53,R2_Wake
2009-07-23 09:08:14,2009-07-23 09:09:08,43,62468.23,62469.13,R2_Take_Medicine
2009-07-23 09:10:07,2009-07-23 09:47:03,43,62470.12,62507.05,Breakfast
2009-07-23 11:11:07,2009-07-23 11:11:34,43,62591.12,62591.57,Leave_Home
2009-07-23 12:26:42,2009-07-23 12:50:53,43,62666.7,62690.88,Lunch
2009-07-23 17:59:09,2009-07-23 18:37:59,43,62999.15,63037.98,Dinner
2009-07-23 19:04:57,2009-07-23 19:23:12,43,63064.95,63083.2,R1_Work
2009-07-23 20:23:04,2009-07-23 20:35:43,43,63143.07,63155.72,R2_Sleep
2009-07-23 20:38:29,2009-07-23 20:50:57,43,63158.48,63170.95,R1_Sleep
2009-07-24 02:27:17,2009-07-24 02:29:34,44,63507.28,63509.57,Night_Wandering
2009-07-24 04:18:32,2009-07-24 04:24:24,44,63618.53,63624.4,Night_Wandering
2009-07-24 06:35:58,2009-07-24 06:39:55,44,63755.97,63759.92,R1_Wake
2009-07-24 06:46:32,2009-07-24 06:49:29,44,63766.53,63769.48,R2_Wake
2009-07-24 06:51:22,2009-07-24 06:54:07,44,63771.37,63774.12,R2_Take_Medicine
2009-07-24 06:55:06,2009-07-24 07:28:56,44,63775.1,63808.93,Breakfast
2009-07-24 07:58:42,2009-07-24 07:58:59,44,63838.7,63838.98,Leave_Home
2009-07-24 11:27:19,2009-07-24 12:04:22,44,64047.32,64084.37,Lunch
2009-07-24 17:43:28,2009-07-24 17:43:54,44,64423.47,64423.9,Leave_Home
2009-07-24 20:00:57,2009-07-24 20:30:24,44,64560.95,64590.4,R2_Sleep
2009-07-24 20:32:50,2009-07-24 20:34:14,44,64592.83,64594.23,R1_Sleep
2009-07-24 21:42:27,2009-07-24 22:10:49,44,64662.45,64690.82,Night_Wandering
2009-07-25 02:18:00,2009-07-25 02:25:50,45,64938.0,64945.83,Bed_to_Toilet
2009-07-25 03:24:47,2009-07-25 03:30:55,45,65004.78,65010.92,Night_Wandering
2009-07-25 07:47:33,2009-07-25 07:50:17,45,65267.55,65270.28,Bed_to_Toilet
2009-07-25 08:18:11,2009-07-25 08:21:13,45,65298.18,65301.22,R1_Wake
2009-07-25 08:43:18,2009-07-25 09:06:35,45,65323.3,65346.58,R2_Wake
2009-07-25 09:08:44,2009-07-25 09:09:31,45,65348.73,65349.52,R2_Take_Medicine
2009-07-25 09:10:01,2009-07-25 09:51:12,45,65350.02,65391.2,Breakfast
2009-07-25 12:10:19,2009-07-25 12:21:52,45,65530.32,65541.87,Lunch
2009-07-25 12:47:09,2009-07-25 12:47:23,45,65567.15,65567.38,Leave_Home
2009-07-25 17:46:29,2009-07-25 18:32:17,45,65866.48,65912.28,Dinner
2009-07-25 20:32:36,2009-07-25 20:51:27,45,66032.6,66051.45,R1_Work
2009-07-25 20:59:49,2009-07-25 21:08:34,45,66059.82,66068.57,R1_Sleep
2009-07-25 20:59:57,2009-07-25 21:08:12,45,66059.95,66068.2,R2_Sleep
2009-07-25 21:51:50,2009-07-25 21:56:38,45,66111.83,66116.63,Night_Wandering
2009-07-25 22:40:36,2009-07-25 22:44:07,45,66160.6,66164.12,Night_Wandering
2009-07-25 23:29:42,2009-07-25 23:32:34,45,66209.7,66212.57,Bed_to_Toilet
2009-07-26 04:02:59,2009-07-26 04:06:13,46,66482.98,66486.22,Bed_to_Toilet
2009-07-26 06:07:47,2009-07-26 06:09:44,46,66607.78,66609.73,R1_Wake
2009-07-26 07:36:37,2009-07-26 07:49:29,46,66696.62,66709.48,R1_Work
2009-07-26 07:53:06,2009-07-26 07:58:23,46,66713.1,66718.38,Laundry
2009-07-26 08:24:29,2009-07-26 08:34:08,46,66744.48,66754.13,R2_Wake
2009-07-26 08:35:40,2009-07-26 08:37:09,46,66755.67,66757.15,R2_Take_Medicine
2009-07-26 12:36:00,2009-07-26 12:55:30,46,66996.0,67015.5,Lunch
2009-07-26 13:24:33,2009-07-26 13:24:50,46,67044.55,67044.83,Leave_Home
2009-07-26 19:02:23,2009-07-26 20:28:43,46,67382.38,67468.72,R1_Work
2009-07-26 20:57:21,2009-07-26 21:09:56,46,67497.35,67509.93,R2_Sleep
2009-07-26 21:11:38,2009-07-26 21:17:28,46,67511.63,67517.47,R1_Sleep
2009-07-26 22:20:56,2009-07-26 22:22:44,46,67580.93,67582.73,Night_Wandering
2009-07-27 01:33:06,2009-07-27 01:35:15,47,67773.1,67775.25,Bed_to_Toilet
2009-07-27 01:42:39,2009-07-27 01:48:20,47,67782.65,67788.33,Night_Wandering
2009-07-27 03:37:34,2009-07-27 03:40:48,47,67897.57,67900.8,Night_Wandering
2009-07-27 07:02:05,2009-07-27 07:07:25,47,68102.08,68107.42,R1_Wake
2009-07-27 07:07:23,2009-07-27 07:17:23,47,68107.38,68117.38,R2_Wake
2009-07-27 07:21:01,2009-07-27 07:22:21,47,68121.02,68122.35,R2_Take_Medicine
2009-07-27 07:25:44,2009-07-27 07:41:24,47,68125.73,68141.4,Breakfast
2009-07-27 09:04:51,2009-07-27 09:05:07,47,68224.85,68225.12,Leave_Home
2009-07-27 09:56:17,2009-07-27 10:04:30,47,68276.28,68284.5,Laundry
2009-07-27 11:31:02,2009-07-27 11:55:56,47,68371.03,68395.93,Lunch
2009-07-27 14:47:53,2009-07-27 14:57:19,47,68567.88,68577.32,Laundry
2009-07-27 18:05:59,2009-07-27 18:26:01,47,68765.98,68786.02,Dinner
2009-07-27 20:52:43,2009-07-27 21:08:29,47,68932.72,68948.48,R2_Sleep
2009-07-27 21:12:06,2009-07-27 21:20:19,47,68952.1,68960.32,R1_Sleep
2009-07-28 03:50:59,2009-07-28 03:53:12,48,69350.98,69353.2,Night_Wandering
2009-07-28 04:00:07,2009-07-28 04:04:36,48,69360.12,69364.6,Night_Wandering
2009-07-28 04:08:57,2009-07-28 04:10:41,48,69368.95,69370.68,Night_Wandering
2009-07-28 07:31:06,2009-07-28 07:34:17,48,69571.1,69574.28,Night_Wandering
2009-07-28 07:35:32,2009-07-28 07:42:19,48,69575.53,69582.32,R1_Wake
2009-07-28 07:48:29,2009-07-28 08:08:08,48,69588.48,69608.13,R2_Wake
2009-07-28 08:29:48,2009-07-28 09:07:31,48,69629.8,69667.52,Breakfast
2009-07-28 09:29:05,2009-07-28 11:02:37,48,69689.08,69782.62,R1_Work
2009-07-28 12:09:12,2009-07-28 12:36:38,48,69849.2,69876.63,Lunch
2009-07-28 12:43:20,2009-07-28 12:43:34,48,69883.33,69883.57,Leave_Home
2009-07-28 20:45:45,2009-07-28 20:54:43,48,70365.75,70374.72,R2_Sleep
2009-07-28 20:55:21,2009-07-28 21:08:46,48,70375.35,70388.77,R1_Sleep
2009-07-28 21:34:06,2009-07-28 21:35:49,48,70414.1,70415.82,Night_Wandering
2009-07-28 23:18:09,2009-07-28 23:19:41,48,70518.15,70519.68,Bed_to_Toilet
2009-07-29 02:22:06,2009-07-29 02:27:13,49,70702.1,70707.22,Bed_to_Toilet
2009-07-29 03:45:24,2009-07-29 03:47:30,49,70785.4,70787.5,Bed_to_Toilet
2009-07-29 06:43:40,2009-07-29 06:57:54,49,70963.67,70977.9,R2_Wake
2009-07-29 06:44:04,2009-07-29 06:49:37,49,70964.07,70969.62,R1_Wake
2009-07-29 06:59:26,2009-07-29 07:00:39,49,70979.43,70980.65,R2_Take_Medicine
2009-07-29 07:00:53,2009-07-29 07:26:49,49,70980.88,71006.82,Breakfast
2009-07-29 11:39:11,2009-07-29 12:15:08,49,71259.18,71295.13,Lunch
2009-07-29 17:34:53,2009-07-29 18:12:53,49,71614.88,71652.88,Dinner
2009-07-29 20:11:49,2009-07-29 20:33:25,49,71771.82,71793.42,R1_Work
2009-07-29 21:00:50,2009-07-29 21:06:12,49,71820.83,71826.2,R2_Sleep
2009-07-29 21:04:16,2009-07-29 21:20:34,49,71824.27,71840.57,R1_Sleep
2009-07-30 00:58:41,2009-07-30 01:05:49,50,72058.68,72065.82,Night_Wandering
2009-07-30 01:17:18,2009-07-30 01:23:37,50,72077.3,72083.62,Night_Wandering
2009-07-30 03:06:43,2009-07-30 03:14:04,50,72186.72,72194.07,Night_Wandering
2009-07-30 07:26:42,2009-07-30 07:33:11,50,72446.7,72453.18,R1_Wake
2009-07-30 07:35:28,2009-07-30 07:45:32,50,72455.47,72465.53,R2_Wake
2009-07-30 08:08:15,2009-07-30 08:09:24,50,72488.25,72489.4,R2_Take_Medicine
2009-07-30 08:17:09,2009-07-30 08:45:06,50,72497.15,72525.1,Breakfast
2009-07-30 10:15:13,2009-07-30 10:15:43,50,72615.22,72615.72,Leave_Home
2009-07-30 17:50:41,2009-07-30 18:25:45,50,73070.68,73105.75,Dinner
2009-07-30 20:01:01,2009-07-30 20:09:24,50,73201.02,73209.4,R2_Sleep
2009-07-30 20:47:37,2009-07-30 21:14:35,50,73247.62,73274.58,R1_Work
2009-07-30 21:14:40,2009-07-30 21:15:04,50,73274.67,73275.07,R1_Sleep
2009-07-30 22:32:19,2009-07-30 22:35:00,50,73352.32,73355.0,Night_Wandering
2009-07-31 00:23:34,2009-07-31 00:26:49,51,73463.57,73466.82,Bed_to_Toilet
2009-07-31 01:15:32,2009-07-31 01:17:51,51,73515.53,73517.85,Night_Wandering
2009-07-31 02:27:59,2009-07-31 02:30:30,51,73587.98,73590.5,Night_Wandering
2009-07-31 05:11:03,2009-07-31 05:12:56,51,73751.05,73752.93,R1_Wake
2009-07-31 05:33:12,2009-07-31 06:02:09,51,73773.2,73802.15,R1_Work
2009-07-31 06:04:00,2009-07-31 06:21:48,51,73804.0,73821.8,R1_Work
2009-07-31 06:53:07,2009-07-31 07:02:20,51,73853.12,73862.33,R2_Wake
2009-07-31 07:16:20,2009-07-31 07:19:41,51,73876.33,73879.68,R2_Take_Medicine
2009-07-31 07:20:07,2009-07-31 07:40:40,51,73880.12,73900.67,Breakfast
2009-07-31 09:41:57,2009-07-31 09:42:16,51,74021.95,74022.27,Leave_Home
2009-07-31 17:59:43,2009-07-31 18:44:18,51,74519.72,74564.3,Dinner
2009-07-31 19:20:05,2009-07-31 20:05:12,51,74600.08,74645.2,R1_Work
2009-07-31 20:00:44,2009-07-31 20:18:09,51,74640.73,74658.15,R2_Sleep
2009-07-31 20:20:01,2009-07-31 20:29:28,51,74660.02,74669.47,R1_Sleep
2009-07-31 21:13:59,2009-07-31 21:15:46,51,74713.98,74715.77,Night_Wandering
2009-07-31 22:40:54,2009-07-31 22:46:40,51,74800.9,74806.67,Bed_to_Toilet
2009-07-31 23:07:10,2009-07-31 23:12:10,51,74827.17,74832.17,Bed_to_Toilet
2009-08-01 01:02:12,2009-08-01 01:05:27,52,74942.2,74945.45,Night_Wandering
2009-08-01 06:06:20,2009-08-01 06:09:15,52,75246.33,75249.25,R1_Wake
2009-08-01 06:08:38,2009-08-01 06:17:57,52,75248.63,75257.95,R2_Wake
2009-08-01 06:21:49,2009-08-01 06:22:56,52,75261.82,75262.93,R2_Take_Medicine
2009-08-01 06:24:38,2009-08-01 06:50:24,52,75264.63,75290.4,Breakfast
2009-08-01 06:52:01,2009-08-01 07:33:44,52,75292.02,75333.73,R1_Work
2009-08-01 07:36:09,2009-08-01 07:36:26,52,75336.15,75336.43,Leave_Home
2009-08-01 12:05:49,2009-08-01 12:10:15,52,75605.82,75610.25,Laundry
2009-08-01 12:15:25,2009-08-01 12:56:40,52,75615.42,75656.67,R1_Work
2009-08-01 17:58:28,2009-08-01 18:26:14,52,75958.47,75986.23,Dinner
2009-08-01 21:27:31,2009-08-01 21:39:36,52,76167.52,76179.6,R1_Sleep
2009-08-01 22:31:57,2009-08-01 22:50:29,52,76231.95,76250.48,R2_Sleep
2009-08-02 06:46:09,2009-08-02 06:57:27,53,76726.15,76737.45,R1_Wake
2009-08-02 07:08:46,2009-08-02 08:08:41,53,76748.77,76808.68,R1_Work
2009-08-02 08:53:56,2009-08-02 09:03:52,53,76853.93,76863.87,R2_Wake
2009-08-02 08:54:52,2009-08-02 08:55:07,53,76854.87,76855.12,Leave_Home
2009-08-02 11:36:36,2009-08-02 12:24:05,53,77016.6,77064.08,Lunch
2009-08-02 12:28:55,2009-08-02 12:29:44,53,77068.92,77069.73,Leave_Home
2009-08-02 17:39:58,2009-08-02 18:19:12,53,77379.97,77419.2,Dinner
2009-08-02 20:09:34,2009-08-02 20:21:26,53,77529.57,77541.43,R2_Sleep
2009-08-02 20:23:37,2009-08-02 20:36:15,53,77543.62,77556.25,R1_Sleep
2009-08-02 23:10:34,2009-08-02 23:12:59,53,77710.57,77712.98,Bed_to_Toilet
2009-08-02 23:23:09,2009-08-02 23:26:38,53,77723.15,77726.63,Night_Wandering
2009-08-03 03:54:29,2009-08-03 03:58:01,54,77994.48,77998.02,Bed_to_Toilet
2009-08-03 06:31:53,2009-08-03 06:36:56,54,78151.88,78156.93,R1_Wake
2009-08-03 06:36:57,2009-08-03 06:46:41,54,78156.95,78166.68,R2_Wake
2009-08-03 07:04:37,2009-08-03 07:05:31,54,78184.62,78185.52,R2_Take_Medicine
2009-08-03 07:11:25,2009-08-03 07:52:08,54,78191.42,78232.13,Breakfast
2009-08-03 11:57:53,2009-08-03 12:36:37,54,78477.88,78516.62,Lunch
2009-08-03 17:49:19,2009-08-03 17:50:06,54,78829.32,78830.1,Leave_Home
2009-08-03 19:06:54,2009-08-03 20:01:41,54,78906.9,78961.68,R1_Work
2009-08-03 20:01:38,2009-08-03 20:15:21,54,78961.63,78975.35,R2_Sleep
2009-08-03 21:13:26,2009-08-03 21:34:04,54,79033.43,79054.07,R1_Work
2009-08-03 21:54:21,2009-08-03 22:03:33,54,79074.35,79083.55,R1_Sleep
2009-08-03 23:09:49,2009-08-03 23:12:59,54,79149.82,79152.98,Bed_to_Toilet
2009-08-04 05:38:26,2009-08-04 05:41:54,55,79538.43,79541.9,Night_Wandering
2009-08-04 06:16:08,2009-08-04 06:17:14,55,79576.13,79577.23,R1_Wake
2009-08-04 06:27:09,2009-08-04 06:39:08,55,79587.15,79599.13,R1_Work
2009-08-04 06:41:56,2009-08-04 06:59:27,55,79601.93,79619.45,R1_Work
2009-08-04 07:10:31,2009-08-04 07:24:09,55,79630.52,79644.15,R2_Wake
2009-08-04 07:26:10,2009-08-04 07:28:31,55,79646.17,79648.52,R2_Take_Medicine
2009-08-04 07:36:24,2009-08-04 08:02:11,55,79656.4,79682.18,Breakfast
2009-08-04 10:22:25,2009-08-04 10:22:43,55,79822.42,79822.72,Leave_Home
2009-08-04 11:55:10,2009-08-04 12:21:45,55,79915.17,79941.75,Lunch
2009-08-04 17:33:21,2009-08-04 18:29:05,55,80253.35,80309.08,Dinner
2009-08-04 20:08:09,2009-08-04 20:19:23,55,80408.15,80419.38,R2_Sleep
2009-08-04 20:32:39,2009-08-04 20:32:53,55,80432.65,80432.88,R1_Sleep
2009-08-04 22:06:02,2009-08-04 22:19:22,55,80526.03,80539.37,Night_Wandering
2009-08-05 00:53:46,2009-08-05 00:55:44,56,80693.77,80695.73,Bed_to_Toilet
2009-08-05 06:02:59,2009-08-05 06:15:28,56,81002.98,81015.47,R1_Wake
2009-08-05 06:58:37,2009-08-05 07:08:30,56,81058.62,81068.5,R2_Wake
2009-08-05 07:12:57,2009-08-05 07:13:58,56,81072.95,81073.97,R2_Take_Medicine
2009-08-05 07:14:35,2009-08-05 07:24:53,56,81074.58,81084.88,Breakfast
2009-08-05 09:18:22,2009-08-05 09:39:40,56,81198.37,81219.67,R1_Work
2009-08-05 10:03:53,2009-08-05 10:04:24,56,81243.88,81244.4,Leave_Home
2009-08-05 11:51:22,2009-08-05 12:19:26,56,81351.37,81379.43,Lunch
2009-08-05 14:02:03,2009-08-05 14:22:26,56,81482.05,81502.43,R1_Work
2009-08-05 14:28:47,2009-08-05 15:01:58,56,81508.78,81541.97,R1_Work
2009-08-05 17:38:06,2009-08-05 18:46:17,56,81698.1,81766.28,Dinner
2009-08-05 20:14:14,2009-08-05 20:20:34,56,81854.23,81860.57,R2_Sleep
2009-08-05 20:41:40,2009-08-05 20:44:54,56,81881.67,81884.9,R1_Sleep
2009-08-05 23:30:02,2009-08-05 23:36:05,56,82050.03,82056.08,Night_Wandering
